{
  "python_brute": [
    0.37009453773498535,
    0.34251880645751953,
    0.33101415634155273,
    0.3374972343444824,
    0.33359456062316895
  ],
  "python_cached": [
    0.16779804229736328,
    0.1660158634185791,
    0.1693878173828125,
    0.17888784408569336,
    0.16504406929016113
  ],
  "numpy_brute": [
    0.05928993225097656,
    0.05255007743835449,
    0.053050994873046875,
    0.050588369369506836,
    0.05081462860107422
  ],
  "numpy_cached": [
    0.027858495712280273,
    0.028561830520629883,
    0.026619911193847656,
    0.027555465698242188,
    0.02749013900756836
  ]
}