{
  "python_brute": [
    0.9647424221038818,
    0.9765229225158691,
    0.9767036437988281,
    0.95387864112854,
    0.933096170425415
  ],
  "python_cached": [
    0.48706579208374023,
    0.4707822799682617,
    0.4668722152709961,
    0.4768044948577881,
    0.4717369079589844
  ],
  "numpy_brute": [
    0.05899953842163086,
    0.06290507316589355,
    0.0604860782623291,
    0.06788063049316406,
    0.06875276565551758
  ],
  "numpy_cached": [
    0.03496527671813965,
    0.033289432525634766,
    0.033679962158203125,
    0.0344085693359375,
    0.03247237205505371
  ]
}