{
  "python_brute": [
    397.0692574977875,
    395.91553926467896,
    399.12047719955444,
    398.7341728210449,
    399.22056460380554
  ],
  "python_cached": [
    211.43720865249634,
    211.15129327774048,
    209.14907050132751,
    209.51780080795288,
    209.56374502182007
  ]
}