{
  "python_brute": [
    171.2014844417572,
    171.0019509792328,
    172.20115900039673,
    173.28913068771362,
    173.51903009414673
  ],
  "python_cached": [
    94.89939093589783,
    94.68223524093628,
    94.49837231636047,
    94.83839797973633,
    94.53714108467102
  ]
}