{
  "python_brute": [
    6.2558300495147705,
    6.291938066482544,
    6.366184949874878,
    6.288025856018066,
    6.230786085128784
  ],
  "python_cached": [
    3.1726324558258057,
    3.217930555343628,
    3.3141584396362305,
    3.2172534465789795,
    3.2129101753234863
  ]
}