{
  "python_brute": [
    5.5262579917907715,
    5.522924900054932,
    5.471100568771362,
    5.5426647663116455,
    5.515860557556152
  ],
  "python_cached": [
    2.778449773788452,
    2.7630410194396973,
    2.7606420516967773,
    2.840660810470581,
    2.8348610401153564
  ]
}