{
  "python_brute": [
    0.007874011993408203,
    0.0075168609619140625,
    0.007596254348754883,
    0.006864309310913086,
    0.011585474014282227
  ],
  "python_cached": [
    0.004099130630493164,
    0.003962039947509766,
    0.004052162170410156,
    0.003903627395629883,
    0.004313230514526367
  ]
}