{
  "python_brute": [
    629.6068122386932,
    628.0845205783844,
    633.2024805545807,
    629.538996219635,
    629.6347870826721
  ],
  "python_cached": [
    322.92609119415283,
    323.4693064689636,
    326.99516558647156,
    323.06259179115295,
    323.9238088130951
  ]
}