{
  "python_brute": [
    0.11350893974304199,
    0.11407351493835449,
    0.11084747314453125,
    0.11342906951904297,
    0.10965752601623535
  ],
  "python_cached": [
    0.056340694427490234,
    0.05697751045227051,
    0.05606245994567871,
    0.055997610092163086,
    0.057802677154541016
  ]
}