{
  "python_brute": [
    0.6572892665863037,
    0.6466827392578125,
    0.6724996566772461,
    0.6402761936187744,
    0.6376521587371826
  ],
  "python_cached": [
    0.34813499450683594,
    0.34102916717529297,
    0.33995676040649414,
    0.35275793075561523,
    0.3524339199066162
  ]
}