{
  "python_brute": [
    0.20653128623962402,
    0.19572830200195312,
    0.21932578086853027,
    0.19246387481689453,
    0.1878652572631836
  ],
  "python_cached": [
    0.09676694869995117,
    0.09735226631164551,
    0.09486842155456543,
    0.09493565559387207,
    0.09518194198608398
  ]
}