{
  "python_brute": [
    0.46662044525146484,
    0.4687983989715576,
    0.4790456295013428,
    0.48846435546875,
    0.473496675491333
  ],
  "python_cached": [
    0.23910284042358398,
    0.23179125785827637,
    0.23435688018798828,
    0.2346034049987793,
    0.23942017555236816
  ]
}