{
  "python_brute": [
    1.056305170059204,
    1.1086137294769287,
    1.0075421333312988,
    1.0182008743286133,
    0.9993259906768799
  ],
  "python_cached": [
    0.523723840713501,
    0.5137348175048828,
    0.5287275314331055,
    0.5147960186004639,
    0.5480730533599854
  ]
}