{
  "python_brute": [
    0.3563210964202881,
    0.34955906867980957,
    0.351940393447876,
    0.356952428817749,
    0.3668372631072998
  ],
  "python_cached": [
    0.19037675857543945,
    0.18772578239440918,
    0.18981480598449707,
    0.18956708908081055,
    0.18445324897766113
  ]
}