{
  "python_brute": [
    3.1182467937469482,
    3.1109187602996826,
    3.1996192932128906,
    3.1239640712738037,
    3.144979238510132
  ],
  "python_cached": [
    1.5662710666656494,
    1.5610413551330566,
    1.5932297706604004,
    1.5553648471832275,
    1.554460048675537
  ]
}