{
  "python_brute": [
    0.05246329307556152,
    0.0519716739654541,
    0.054900407791137695,
    0.05338883399963379,
    0.05474662780761719
  ],
  "python_cached": [
    0.029612064361572266,
    0.027907371520996094,
    0.028116703033447266,
    0.0272214412689209,
    0.029207706451416016
  ]
}