{
  "python_brute": [
    0.9956743717193604,
    0.9784245491027832,
    1.0046336650848389,
    0.9913926124572754,
    1.0366895198822021
  ],
  "python_cached": [
    0.5125195980072021,
    0.5011999607086182,
    0.5060288906097412,
    0.49588680267333984,
    0.508136510848999
  ]
}