{
  "python_brute": [
    156.4153106212616,
    155.59342622756958,
    155.85967206954956,
    156.31163263320923,
    155.8244457244873
  ],
  "python_cached": [
    80.20314502716064,
    79.91481184959412,
    79.89437580108643,
    79.55465078353882,
    79.66865825653076
  ]
}