{
  "python_brute": [
    1.3547425270080566,
    1.349614143371582,
    1.4088549613952637,
    1.3665595054626465,
    1.3416852951049805
  ],
  "python_cached": [
    0.7055690288543701,
    0.6917726993560791,
    0.7234399318695068,
    0.7016868591308594,
    0.6902859210968018
  ]
}