{
  "python_brute": [
    0.7106542587280273,
    0.6884479522705078,
    0.6893484592437744,
    0.7043132781982422,
    0.6896071434020996
  ],
  "python_cached": [
    0.3599262237548828,
    0.35086965560913086,
    0.3502817153930664,
    0.3548269271850586,
    0.35190320014953613
  ]
}