{
  "python_brute": [
    0.1465291976928711,
    0.14132165908813477,
    0.14270949363708496,
    0.13928651809692383,
    0.140455961227417
  ],
  "python_cached": [
    0.07019805908203125,
    0.0707557201385498,
    0.07223081588745117,
    0.0742793083190918,
    0.07262420654296875
  ]
}