{
  "python_brute": [
    0.9907581806182861,
    1.0041823387145996,
    0.9953200817108154,
    1.0041999816894531,
    0.9915945529937744
  ],
  "python_cached": [
    0.5034809112548828,
    0.508988618850708,
    0.5248253345489502,
    0.4979667663574219,
    0.5066089630126953
  ]
}