{
  "python_brute": [
    0.2669532299041748,
    0.2849438190460205,
    0.27016615867614746,
    0.2641606330871582,
    0.2740919589996338
  ],
  "python_cached": [
    0.1354687213897705,
    0.13468599319458008,
    0.13675570487976074,
    0.13402032852172852,
    0.13286089897155762
  ]
}