{
  "python_brute": [
    0.11653470993041992,
    0.1195371150970459,
    0.11619949340820312,
    0.11504554748535156,
    0.12333869934082031
  ],
  "python_cached": [
    0.061798810958862305,
    0.05862259864807129,
    0.058652400970458984,
    0.057891130447387695,
    0.05870246887207031
  ]
}