{
  "python_brute": [
    0.029053449630737305,
    0.028081655502319336,
    0.0284576416015625,
    0.03689861297607422,
    0.033863067626953125
  ],
  "python_cached": [
    0.017694473266601562,
    0.015255451202392578,
    0.015616416931152344,
    0.014616012573242188,
    0.014618158340454102
  ]
}