{
  "python_brute": [
    0.0278933048248291,
    0.025669336318969727,
    0.029867887496948242,
    0.03318357467651367,
    0.035216331481933594
  ],
  "python_cached": [
    0.0232851505279541,
    0.014049053192138672,
    0.01556253433227539,
    0.01774001121520996,
    0.014182090759277344
  ]
}