{
  "python_brute": [
    0.993262529373169,
    1.0324647426605225,
    1.0042905807495117,
    0.9982538223266602,
    0.9711861610412598
  ],
  "python_cached": [
    0.5242164134979248,
    0.5450842380523682,
    0.5247437953948975,
    0.5192828178405762,
    0.5502035617828369
  ]
}