{
  "python_brute": [
    0.40210676193237305,
    0.3905606269836426,
    0.39934587478637695,
    0.4108264446258545,
    0.4012894630432129
  ],
  "python_cached": [
    0.22594237327575684,
    0.19877290725708008,
    0.19812536239624023,
    0.19420886039733887,
    0.20009374618530273
  ]
}