{
  "python_brute": [
    0.4757723808288574,
    0.46936869621276855,
    0.4668428897857666,
    0.4620234966278076,
    0.4593691825866699
  ],
  "python_cached": [
    0.25628137588500977,
    0.2698845863342285,
    0.2525782585144043,
    0.26363682746887207,
    0.2576310634613037
  ]
}