{
  "python_brute": [
    24.82663083076477,
    24.717108726501465,
    24.821457386016846,
    24.955538511276245,
    24.784419059753418
  ],
  "python_cached": [
    13.828957796096802,
    14.005167484283447,
    13.905906438827515,
    13.769880294799805,
    13.815515279769897
  ]
}