{
  "python_brute": [
    7.664100646972656,
    7.627822160720825,
    7.713422775268555,
    7.670622110366821,
    7.596742153167725
  ],
  "python_cached": [
    3.8802740573883057,
    3.921765089035034,
    3.8372631072998047,
    3.8407251834869385,
    3.887606382369995
  ]
}