{
  "python_brute": [
    99.68008923530579,
    99.27729415893555,
    99.65452909469604,
    99.56855773925781,
    99.36576628684998
  ],
  "python_cached": [
    51.661245346069336,
    52.096680641174316,
    52.102330923080444,
    52.198426723480225,
    52.104119300842285
  ]
}