{
  "python_brute": [
    1.5961353778839111,
    1.6014378070831299,
    1.5790903568267822,
    1.5745110511779785,
    1.663442611694336
  ],
  "python_cached": [
    0.8282310962677002,
    0.8003196716308594,
    0.8044307231903076,
    0.8061299324035645,
    0.8210062980651855
  ]
}