{
  "python_brute": [
    0.015642642974853516,
    0.016295671463012695,
    0.01675581932067871,
    0.015628337860107422,
    0.0161893367767334
  ],
  "python_cached": [
    0.008260488510131836,
    0.008861541748046875,
    0.008046865463256836,
    0.008242368698120117,
    0.008405208587646484
  ]
}