{
  "python_brute": [
    4.337071657180786,
    4.3600006103515625,
    4.283278226852417,
    4.280396938323975,
    4.349653482437134
  ],
  "python_cached": [
    2.1420674324035645,
    2.1791415214538574,
    2.185607671737671,
    2.1834912300109863,
    2.185894250869751
  ]
}