{
  "python_brute": [
    0.20358729362487793,
    0.1808173656463623,
    0.1933155059814453,
    0.17371177673339844,
    0.17559170722961426
  ],
  "python_cached": [
    0.0923457145690918,
    0.09220528602600098,
    0.08880162239074707,
    0.10713410377502441,
    0.09205865859985352
  ]
}