{
  "python_brute": [
    18.080267190933228,
    18.218250274658203,
    18.31614112854004,
    18.21599841117859,
    18.271093130111694
  ],
  "python_cached": [
    10.63151240348816,
    10.640807390213013,
    10.534932374954224,
    10.57910704612732,
    10.495064735412598
  ]
}