{
  "python_brute": [
    210.33318519592285,
    210.36573481559753,
    211.31638407707214,
    212.07719349861145,
    212.47698140144348
  ],
  "python_cached": [
    110.01503229141235,
    110.27807116508484,
    113.04764199256897,
    110.16558527946472,
    110.45772528648376
  ]
}