{
  "python_brute": [
    0.08688998222351074,
    0.08510613441467285,
    0.08508706092834473,
    0.09044432640075684,
    0.08675241470336914
  ],
  "python_cached": [
    0.04698467254638672,
    0.050829410552978516,
    0.048540592193603516,
    0.04679393768310547,
    0.04837822914123535
  ]
}