{
  "python_brute": [
    0.6984350681304932,
    0.6954572200775146,
    0.7145042419433594,
    0.6884956359863281,
    0.690359354019165
  ],
  "python_cached": [
    0.3566315174102783,
    0.3562052249908447,
    0.35810208320617676,
    0.3517465591430664,
    0.36209583282470703
  ]
}