{
  "python_brute": [
    17.925554275512695,
    17.747308492660522,
    17.787768602371216,
    17.79074263572693,
    17.872074127197266
  ],
  "python_cached": [
    8.952731609344482,
    9.017159700393677,
    8.991992950439453,
    9.023925542831421,
    9.046696901321411
  ]
}