{
  "python_brute": [
    0.0645606517791748,
    0.06349921226501465,
    0.06525230407714844,
    0.06798601150512695,
    0.06353521347045898
  ],
  "python_cached": [
    0.034067630767822266,
    0.03504681587219238,
    0.034192562103271484,
    0.03374457359313965,
    0.03515911102294922
  ]
}