{
  "python_brute": [
    0.013383865356445312,
    0.013524293899536133,
    0.013410329818725586,
    0.013128995895385742,
    0.01365971565246582
  ],
  "python_cached": [
    0.006812572479248047,
    0.007075071334838867,
    0.007358074188232422,
    0.00756382942199707,
    0.007264614105224609
  ]
}