{
  "python_brute": [
    0.2517392635345459,
    0.26613855361938477,
    0.2535591125488281,
    0.24618744850158691,
    0.2554464340209961
  ],
  "python_cached": [
    0.13336873054504395,
    0.1614985466003418,
    0.15144634246826172,
    0.12767314910888672,
    0.13145875930786133
  ]
}