{
  "python_brute": [
    4.045018672943115,
    4.086442232131958,
    4.026401519775391,
    4.031926393508911,
    4.047680616378784
  ],
  "python_cached": [
    2.022829294204712,
    2.0465948581695557,
    2.06998348236084,
    2.0781495571136475,
    2.037736654281616
  ]
}