{
  "python_brute": [
    0.05944228172302246,
    0.06351876258850098,
    0.06105780601501465,
    0.059094905853271484,
    0.060418128967285156
  ],
  "python_cached": [
    0.02937459945678711,
    0.0313413143157959,
    0.030217647552490234,
    0.03435254096984863,
    0.032067060470581055
  ]
}