{
  "python_brute": [
    0.06468415260314941,
    0.06587481498718262,
    0.06329894065856934,
    0.06558775901794434,
    0.06315755844116211
  ],
  "python_cached": [
    0.03315424919128418,
    0.033345937728881836,
    0.033251047134399414,
    0.03270411491394043,
    0.032698869705200195
  ]
}