{
  "python_brute": [
    0.0002777576446533203,
    0.000331878662109375,
    0.00037407875061035156,
    0.0002675056457519531,
    0.0002677440643310547
  ],
  "python_cached": [
    0.00016021728515625,
    0.00015783309936523438,
    0.0001595020294189453,
    0.0001575946807861328,
    0.00015735626220703125
  ]
}