{
  "python_brute": [
    11.299586534500122,
    11.381009101867676,
    11.233856916427612,
    11.353242874145508,
    11.269948959350586
  ],
  "python_cached": [
    5.9662487506866455,
    5.791050672531128,
    5.826156377792358,
    5.8801069259643555,
    5.850066184997559
  ]
}