{
  "python_brute": [
    0.3433644771575928,
    0.333207368850708,
    0.3361227512359619,
    0.3315424919128418,
    0.33350419998168945
  ],
  "python_cached": [
    0.1693439483642578,
    0.17029690742492676,
    0.17050790786743164,
    0.17652583122253418,
    0.16910052299499512
  ]
}