{
  "python_brute": [
    11.999046564102173,
    12.089707374572754,
    12.088847637176514,
    12.151510238647461,
    12.173407793045044
  ],
  "python_cached": [
    6.023427724838257,
    6.0068933963775635,
    6.091815710067749,
    6.214876651763916,
    6.058463096618652
  ]
}