{
  "python_brute": [
    0.000118255615234375,
    0.00014638900756835938,
    6.890296936035156e-05,
    6.890296936035156e-05,
    0.00011968612670898438
  ],
  "python_cached": [
    6.008148193359375e-05,
    4.482269287109375e-05,
    4.458427429199219e-05,
    4.4345855712890625e-05,
    4.4345855712890625e-05
  ]
}