{
  "python_brute": [
    0.18600988388061523,
    0.17930054664611816,
    0.17562556266784668,
    0.17559576034545898,
    0.1751549243927002
  ],
  "python_cached": [
    0.09610319137573242,
    0.09724593162536621,
    0.09859251976013184,
    0.11825060844421387,
    0.09564852714538574
  ]
}