{
  "python_brute": [
    2.7689931392669678,
    2.8418731689453125,
    2.774980068206787,
    2.817540407180786,
    2.770733118057251
  ],
  "python_cached": [
    1.4214706420898438,
    1.3968570232391357,
    1.3728137016296387,
    1.4153759479522705,
    1.411104679107666
  ]
}