{
  "python_brute": [
    70.90017771720886,
    70.94431638717651,
    70.87849736213684,
    70.77869629859924,
    70.28045606613159
  ],
  "python_cached": [
    36.91997694969177,
    36.84840250015259,
    36.94966149330139,
    37.191850423812866,
    37.35654354095459
  ]
}