{
  "python_brute": [
    1794.573495388031,
    1797.9871113300323,
    1803.9639070034027,
    1794.901249885559,
    1791.1269161701202
  ],
  "python_cached": [
    899.0054368972778,
    896.2041370868683,
    898.2636017799377,
    899.7432036399841,
    901.7376136779785
  ]
}