{
  "python_brute": [
    283.93533635139465,
    284.1572599411011,
    285.9778435230255,
    285.3799412250519,
    283.7040505409241
  ],
  "python_cached": [
    151.22491717338562,
    151.3092691898346,
    151.21086192131042,
    150.95131254196167,
    150.96798419952393
  ]
}