{
  "python_brute": [
    0.12159204483032227,
    0.11437249183654785,
    0.11653590202331543,
    0.11352181434631348,
    0.11106586456298828
  ],
  "python_cached": [
    0.056557655334472656,
    0.056769609451293945,
    0.057515621185302734,
    0.05789971351623535,
    0.05835390090942383
  ]
}