{
  "python_brute": [
    0.07345938682556152,
    0.0742957592010498,
    0.07526803016662598,
    0.07326984405517578,
    0.07244992256164551
  ],
  "python_cached": [
    0.03769826889038086,
    0.037627220153808594,
    0.03842329978942871,
    0.03683924674987793,
    0.036431074142456055
  ]
}