{
  "python_brute": [
    8.394211769104004,
    8.457570314407349,
    8.424801111221313,
    8.402557849884033,
    8.500426530838013
  ],
  "python_cached": [
    4.264858722686768,
    4.343511581420898,
    4.329599380493164,
    4.3528265953063965,
    4.237959384918213
  ]
}