{
  "python_brute": [
    1.862541675567627,
    1.8536322116851807,
    1.862088918685913,
    1.8636515140533447,
    1.8636059761047363
  ],
  "python_cached": [
    0.9489521980285645,
    0.9505903720855713,
    0.9897065162658691,
    0.9564268589019775,
    0.9490065574645996
  ]
}