{
  "python_brute": [
    0.019414663314819336,
    0.019260406494140625,
    0.019269943237304688,
    0.019499540328979492,
    0.018487930297851562
  ],
  "python_cached": [
    0.009618043899536133,
    0.00996851921081543,
    0.009875059127807617,
    0.0096893310546875,
    0.009187698364257812
  ]
}