{
  "python_brute": [
    0.0021142959594726562,
    0.0018002986907958984,
    0.0016589164733886719,
    0.0017576217651367188,
    0.0018322467803955078
  ],
  "python_cached": [
    0.001005411148071289,
    0.0009469985961914062,
    0.0009098052978515625,
    0.0009768009185791016,
    0.0008668899536132812
  ]
}