{
  "python_brute": [
    310.18942189216614,
    308.4620990753174,
    310.03855872154236,
    311.549019575119,
    311.87240076065063
  ],
  "python_cached": [
    158.31622958183289,
    160.9078290462494,
    158.44430470466614,
    158.58914065361023,
    159.04325699806213
  ]
}