{
  "python_brute": [
    0.0012965202331542969,
    0.0011570453643798828,
    0.0011296272277832031,
    0.0010886192321777344,
    0.0011954307556152344
  ],
  "python_cached": [
    0.0006096363067626953,
    0.0006015300750732422,
    0.0006029605865478516,
    0.000728607177734375,
    0.0006012916564941406
  ]
}