{
  "python_brute": [
    0.0007040500640869141,
    0.0006237030029296875,
    0.0006949901580810547,
    0.0007221698760986328,
    0.0006153583526611328
  ],
  "python_cached": [
    0.0003955364227294922,
    0.0005140304565429688,
    0.0005354881286621094,
    0.000453948974609375,
    0.0003490447998046875
  ]
}