{
  "python_brute": [
    0.24622821807861328,
    0.26226282119750977,
    0.24838924407958984,
    0.260145902633667,
    0.2453460693359375
  ],
  "python_cached": [
    0.12605929374694824,
    0.12728190422058105,
    0.12453794479370117,
    0.12224388122558594,
    0.1240541934967041
  ]
}