{
  "python_brute": [
    0.16282033920288086,
    0.15678071975708008,
    0.15589594841003418,
    0.15604734420776367,
    0.1573498249053955
  ],
  "python_cached": [
    0.08482241630554199,
    0.08500337600708008,
    0.0827949047088623,
    0.08376526832580566,
    0.08156108856201172
  ]
}