{
  "python_brute": [
    1.5690250396728516,
    1.6120994091033936,
    1.5564732551574707,
    1.5674769878387451,
    1.6375842094421387
  ],
  "python_cached": [
    0.7856259346008301,
    0.8052942752838135,
    0.7916703224182129,
    0.80019211769104,
    0.7912535667419434
  ]
}