{
  "python_brute": [
    0.764768123626709,
    0.7830030918121338,
    0.7848963737487793,
    0.761082649230957,
    0.7744014263153076
  ],
  "python_cached": [
    0.3928706645965576,
    0.38737058639526367,
    0.38465046882629395,
    0.4023783206939697,
    0.3909270763397217
  ]
}