{
  "python_brute": [
    1.4236319065093994,
    1.4286181926727295,
    1.4432251453399658,
    1.4170713424682617,
    1.4148054122924805
  ],
  "python_cached": [
    0.7356455326080322,
    0.7539687156677246,
    0.731975793838501,
    0.7471089363098145,
    0.7286522388458252
  ]
}