{
  "python_brute": [
    2.6114439964294434,
    2.5820648670196533,
    2.537977695465088,
    2.5498273372650146,
    2.568131923675537
  ],
  "python_cached": [
    1.2887065410614014,
    1.3209598064422607,
    1.308452844619751,
    1.308678388595581,
    1.3060123920440674
  ]
}