{
  "python_brute": [
    0.09126400947570801,
    0.09120917320251465,
    0.08274435997009277,
    0.08214688301086426,
    0.08769726753234863
  ],
  "python_cached": [
    0.04597830772399902,
    0.04710054397583008,
    0.04250907897949219,
    0.041671037673950195,
    0.042455196380615234
  ]
}