{
  "python_brute": [
    0.0164337158203125,
    0.017575740814208984,
    0.017066478729248047,
    0.015865087509155273,
    0.01655435562133789
  ],
  "python_cached": [
    0.008244037628173828,
    0.00830388069152832,
    0.008472442626953125,
    0.009154319763183594,
    0.009455204010009766
  ]
}