{
  "python_brute": [
    0.0013539791107177734,
    0.0010986328125,
    0.0011372566223144531,
    0.0012879371643066406,
    0.0010614395141601562
  ],
  "python_cached": [
    0.0005896091461181641,
    0.0006291866302490234,
    0.0007009506225585938,
    0.00058746337890625,
    0.0006256103515625
  ]
}