{
  "python_brute": [
    100.33815574645996,
    99.66636848449707,
    100.31281065940857,
    100.45614385604858,
    100.56293845176697
  ],
  "python_cached": [
    57.443376541137695,
    57.28428888320923,
    59.241806745529175,
    57.5849986076355,
    56.762975454330444
  ]
}