{
  "python_brute": [
    0.0015366077423095703,
    0.0016639232635498047,
    0.0014677047729492188,
    0.0015497207641601562,
    0.0016579627990722656
  ],
  "python_cached": [
    0.0008287429809570312,
    0.0008301734924316406,
    0.0010790824890136719,
    0.00083160400390625,
    0.0009336471557617188
  ]
}