{
  "python_brute": [
    6.441378593444824,
    6.488109588623047,
    6.515079975128174,
    6.385052919387817,
    6.384587287902832
  ],
  "python_cached": [
    3.2577435970306396,
    3.2470436096191406,
    3.2325639724731445,
    3.2058732509613037,
    3.2665865421295166
  ]
}