{
  "python_brute": [
    2.334158420562744,
    2.4281957149505615,
    2.338972568511963,
    2.381169080734253,
    2.3197414875030518
  ],
  "python_cached": [
    1.225564956665039,
    1.21525239944458,
    1.214108943939209,
    1.2119405269622803,
    1.2240331172943115
  ]
}