{
  "python_brute": [
    0.4292440414428711,
    0.430372953414917,
    0.43668580055236816,
    0.4718914031982422,
    0.4370882511138916
  ],
  "python_cached": [
    0.2225055694580078,
    0.2250683307647705,
    0.23238682746887207,
    0.25057196617126465,
    0.22487783432006836
  ]
}