{
  "python_brute": [
    441.2161908149719,
    440.5746023654938,
    440.6956503391266,
    441.05358481407166,
    440.98227286338806
  ],
  "python_cached": [
    221.382470369339,
    225.4287087917328,
    221.61002469062805,
    224.5002110004425,
    222.79844760894775
  ]
}