{
  "python_brute": [
    42.77295541763306,
    42.67187476158142,
    42.74896049499512,
    42.86456322669983,
    42.76753044128418
  ],
  "python_cached": [
    22.915602445602417,
    22.976755619049072,
    23.242928981781006,
    23.017913818359375,
    22.901766300201416
  ]
}