{
  "python_brute": [
    0.34990620613098145,
    0.3448173999786377,
    0.3710346221923828,
    0.35286450386047363,
    0.34539008140563965
  ],
  "python_cached": [
    0.1835176944732666,
    0.17859292030334473,
    0.18288159370422363,
    0.17776226997375488,
    0.1778559684753418
  ]
}