{
  "python_brute": [
    0.00969386100769043,
    0.009828805923461914,
    0.00960087776184082,
    0.009372234344482422,
    0.00984048843383789
  ],
  "python_cached": [
    0.0051424503326416016,
    0.0055904388427734375,
    0.005143642425537109,
    0.005148649215698242,
    0.004885673522949219
  ]
}