{
  "python_brute": [
    1.079139232635498,
    1.0642850399017334,
    1.0448648929595947,
    1.0709631443023682,
    1.0547764301300049
  ],
  "python_cached": [
    0.5959670543670654,
    0.5371768474578857,
    0.5549731254577637,
    0.5401055812835693,
    0.5514185428619385
  ]
}