{
  "python_brute": [
    0.025334835052490234,
    0.025612354278564453,
    0.02542877197265625,
    0.025434017181396484,
    0.024663686752319336
  ],
  "python_cached": [
    0.0143280029296875,
    0.012819051742553711,
    0.013350725173950195,
    0.01374959945678711,
    0.013099908828735352
  ]
}