{
  "python_brute": [
    0.15464329719543457,
    0.15029382705688477,
    0.16204047203063965,
    0.1721494197845459,
    0.15681123733520508
  ],
  "python_cached": [
    0.08001160621643066,
    0.08087325096130371,
    0.08098840713500977,
    0.0799262523651123,
    0.08010530471801758
  ]
}