{
  "python_brute": [
    0.06566762924194336,
    0.06647896766662598,
    0.06935358047485352,
    0.06502699851989746,
    0.0655825138092041
  ],
  "python_cached": [
    0.033333539962768555,
    0.0342099666595459,
    0.03415107727050781,
    0.03434395790100098,
    0.03418469429016113
  ]
}