{
  "python_brute": [
    0.0009348392486572266,
    0.0008122920989990234,
    0.0008120536804199219,
    0.0009136199951171875,
    0.0008096694946289062
  ],
  "python_cached": [
    0.0005095005035400391,
    0.0005304813385009766,
    0.00045180320739746094,
    0.00044846534729003906,
    0.0004489421844482422
  ]
}