{
  "python_brute": [
    4.064966678619385,
    3.9880568981170654,
    3.961434841156006,
    3.9352822303771973,
    3.9661309719085693
  ],
  "python_cached": [
    2.057744264602661,
    2.0082883834838867,
    2.08073091506958,
    2.0397675037384033,
    2.0213913917541504
  ]
}