{
  "python_brute": [
    0.4467904567718506,
    0.44155359268188477,
    0.44087767601013184,
    0.45276355743408203,
    0.4823317527770996
  ],
  "python_cached": [
    0.2470722198486328,
    0.23121190071105957,
    0.2349109649658203,
    0.24559640884399414,
    0.2412106990814209
  ]
}