{
  "python_brute": [
    0.041298627853393555,
    0.03920555114746094,
    0.03995633125305176,
    0.03953981399536133,
    0.04071402549743652
  ],
  "python_cached": [
    0.020169973373413086,
    0.020819425582885742,
    0.0192873477935791,
    0.021046876907348633,
    0.019829750061035156
  ]
}