{
  "python_brute": [
    0.739553689956665,
    0.7138886451721191,
    0.7426612377166748,
    0.7165875434875488,
    0.7298119068145752
  ],
  "python_cached": [
    0.4001634120941162,
    0.3918743133544922,
    0.4041600227355957,
    0.40049028396606445,
    0.40618276596069336
  ]
}