{
  "python_brute": [
    0.006912708282470703,
    0.006511688232421875,
    0.006234407424926758,
    0.006306886672973633,
    0.006227731704711914
  ],
  "python_cached": [
    0.0038824081420898438,
    0.0032689571380615234,
    0.0033555030822753906,
    0.0034666061401367188,
    0.0034515857696533203
  ]
}