{
  "python_brute": [
    4.438099145889282,
    4.416723966598511,
    4.47086763381958,
    4.459484100341797,
    4.494659185409546
  ],
  "python_cached": [
    2.2860500812530518,
    2.2302398681640625,
    2.253951072692871,
    2.272350549697876,
    2.26133131980896
  ]
}