{
  "python_brute": [
    0.00025343894958496094,
    0.0002474784851074219,
    0.00024628639221191406,
    0.0002465248107910156,
    0.00024628639221191406
  ],
  "python_cached": [
    0.00014543533325195312,
    0.00014328956604003906,
    0.00014448165893554688,
    0.00014328956604003906,
    0.0002148151397705078
  ]
}