{
  "python_brute": [
    6.920296907424927,
    6.90067195892334,
    6.812170743942261,
    6.857245445251465,
    6.805041313171387
  ],
  "python_cached": [
    3.5590126514434814,
    3.6316583156585693,
    3.608098268508911,
    3.616698741912842,
    3.6279585361480713
  ]
}