{
  "python_brute": [
    2.8148276805877686,
    2.858466386795044,
    2.7706539630889893,
    2.8062126636505127,
    2.7753827571868896
  ],
  "python_cached": [
    1.4469997882843018,
    1.449833631515503,
    1.4699695110321045,
    1.4413321018218994,
    1.4360089302062988
  ]
}