{
  "python_brute": [
    16.118128538131714,
    16.074671983718872,
    16.165980339050293,
    16.15407109260559,
    15.996805906295776
  ],
  "python_cached": [
    8.325403213500977,
    8.227593660354614,
    8.25532054901123,
    8.256496667861938,
    8.194342613220215
  ]
}