{
  "python_brute": [
    2.89433217048645,
    2.949225902557373,
    2.9192137718200684,
    2.9725232124328613,
    2.9102134704589844
  ],
  "python_cached": [
    1.6392419338226318,
    1.6118502616882324,
    1.6594645977020264,
    1.6072559356689453,
    1.6146867275238037
  ]
}