{
  "python_brute": [
    71.82272481918335,
    71.72252821922302,
    71.92123174667358,
    71.77787184715271,
    71.82707691192627
  ],
  "python_cached": [
    35.65299892425537,
    35.77736854553223,
    36.24778389930725,
    35.785390853881836,
    36.535961866378784
  ]
}