{
  "python_brute": [
    1198.7222323417664,
    1195.6663451194763,
    1210.8950371742249,
    1196.493246793747,
    1198.7808856964111
  ],
  "python_cached": [
    608.439373254776,
    609.4349782466888,
    609.2914400100708,
    606.8444933891296,
    608.4042117595673
  ]
}