{
  "python_brute": [
    0.247039794921875,
    0.23958563804626465,
    0.24480652809143066,
    0.2573432922363281,
    0.24267363548278809
  ],
  "python_cached": [
    0.12982654571533203,
    0.12960600852966309,
    0.14073634147644043,
    0.12969732284545898,
    0.1296710968017578
  ]
}