{
  "python_brute": [
    9.918212890625e-05,
    0.000125885009765625,
    9.34600830078125e-05,
    9.298324584960938e-05,
    9.322166442871094e-05
  ],
  "python_cached": [
    6.0558319091796875e-05,
    0.00010275840759277344,
    8.916854858398438e-05,
    5.7697296142578125e-05,
    7.605552673339844e-05
  ]
}