{
  "python_brute": [
    0.0015366077423095703,
    0.0015537738800048828,
    0.0015215873718261719,
    0.0015833377838134766,
    0.0014543533325195312
  ],
  "python_cached": [
    0.0007987022399902344,
    0.0008301734924316406,
    0.0007960796356201172,
    0.0007960796356201172,
    0.0008311271667480469
  ]
}