{
  "python_brute": [
    1.0927965641021729,
    1.0897111892700195,
    1.1202425956726074,
    1.107067584991455,
    1.0802805423736572
  ],
  "python_cached": [
    0.5792856216430664,
    0.5578022003173828,
    0.5582070350646973,
    0.5695087909698486,
    0.556847095489502
  ]
}