{
  "python_brute": [
    0.004486083984375,
    0.005010843276977539,
    0.004849433898925781,
    0.004536628723144531,
    0.004708528518676758
  ],
  "python_cached": [
    0.002637147903442383,
    0.0022783279418945312,
    0.002276897430419922,
    0.002384662628173828,
    0.002470254898071289
  ]
}