{
  "python_brute": [
    0.0062656402587890625,
    0.006118297576904297,
    0.00601506233215332,
    0.006232500076293945,
    0.006012916564941406
  ],
  "python_cached": [
    0.0031938552856445312,
    0.003175973892211914,
    0.003124237060546875,
    0.0031380653381347656,
    0.0029687881469726562
  ]
}