{
  "python_brute": [
    0.0033159255981445312,
    0.003292560577392578,
    0.0031728744506835938,
    0.0031824111938476562,
    0.0036139488220214844
  ],
  "python_cached": [
    0.0017032623291015625,
    0.0016999244689941406,
    0.0016815662384033203,
    0.0022640228271484375,
    0.0017020702362060547
  ]
}