{
  "python_brute": [
    868.1316320896149,
    870.1410655975342,
    874.6724071502686,
    871.5707743167877,
    870.1543691158295
  ],
  "python_cached": [
    447.1940321922302,
    447.741996049881,
    449.78217482566833,
    445.88571763038635,
    446.06281208992004
  ]
}