{
  "python_brute": [
    0.0006613731384277344,
    0.0005807876586914062,
    0.0005850791931152344,
    0.0007383823394775391,
    0.0006511211395263672
  ],
  "python_cached": [
    0.0003330707550048828,
    0.00040435791015625,
    0.0003306865692138672,
    0.0003294944763183594,
    0.0003993511199951172
  ]
}