{
  "python_brute": [
    0.02773118019104004,
    0.023992538452148438,
    0.022371292114257812,
    0.022271156311035156,
    0.022716283798217773
  ],
  "python_cached": [
    0.01148080825805664,
    0.01135563850402832,
    0.011974573135375977,
    0.011855602264404297,
    0.011739969253540039
  ]
}