{
  "python_brute": [
    25.18490743637085,
    25.43120002746582,
    25.138561725616455,
    25.258030652999878,
    25.259814739227295
  ],
  "python_cached": [
    12.862558841705322,
    12.783036470413208,
    12.975483655929565,
    12.801520824432373,
    12.85945439338684
  ]
}