{
  "python_brute": [
    0.03905224800109863,
    0.03688359260559082,
    0.038391828536987305,
    0.038008928298950195,
    0.03919625282287598
  ],
  "python_cached": [
    0.020398855209350586,
    0.019879817962646484,
    0.01970219612121582,
    0.019474506378173828,
    0.02053666114807129
  ]
}