{
  "python_brute": [
    0.12131309509277344,
    0.11469721794128418,
    0.11449480056762695,
    0.11456298828125,
    0.11376690864562988
  ],
  "python_cached": [
    0.06122231483459473,
    0.06375575065612793,
    0.06364679336547852,
    0.06697297096252441,
    0.0860443115234375
  ]
}