{
  "python_brute": [
    0.022971630096435547,
    0.02145218849182129,
    0.01786518096923828,
    0.017861366271972656,
    0.020082950592041016
  ],
  "python_cached": [
    0.008869171142578125,
    0.0097198486328125,
    0.009805917739868164,
    0.009828567504882812,
    0.010558843612670898
  ]
}