{
  "python_brute": [
    3.9294376373291016,
    3.9354043006896973,
    4.014591932296753,
    3.9314749240875244,
    3.953726053237915
  ],
  "python_cached": [
    2.141547203063965,
    2.142702102661133,
    2.1357059478759766,
    2.1344404220581055,
    2.1763346195220947
  ]
}