{
  "python_brute": [
    0.5530047416687012,
    0.5513765811920166,
    0.5642859935760498,
    0.5480353832244873,
    0.5672411918640137
  ],
  "python_cached": [
    0.28798818588256836,
    0.28273963928222656,
    0.2789011001586914,
    0.282045841217041,
    0.29046130180358887
  ]
}