{
  "python_brute": [
    0.028407573699951172,
    0.02975773811340332,
    0.030237197875976562,
    0.029151201248168945,
    0.02900242805480957
  ],
  "python_cached": [
    0.018487930297851562,
    0.015547513961791992,
    0.015896081924438477,
    0.016674041748046875,
    0.015160560607910156
  ]
}