{
  "python_brute": [
    0.037801265716552734,
    0.03673148155212402,
    0.04430818557739258,
    0.040955543518066406,
    0.036884307861328125
  ],
  "python_cached": [
    0.018518686294555664,
    0.018486499786376953,
    0.019576311111450195,
    0.018206119537353516,
    0.01904892921447754
  ]
}