{
  "python_brute": [
    0.0003948211669921875,
    0.0003809928894042969,
    0.00037980079650878906,
    0.00037932395935058594,
    0.00037860870361328125
  ],
  "python_cached": [
    0.00021910667419433594,
    0.0002224445343017578,
    0.0002167224884033203,
    0.00021600723266601562,
    0.00021576881408691406
  ]
}