{
  "python_brute": [
    0.0066454410552978516,
    0.006574153900146484,
    0.006310701370239258,
    0.006899356842041016,
    0.006789445877075195
  ],
  "python_cached": [
    0.0036122798919677734,
    0.0036029815673828125,
    0.003407716751098633,
    0.0034332275390625,
    0.0036127567291259766
  ]
}