{
  "python_brute": [
    73.2623884677887,
    73.04040026664734,
    73.50756001472473,
    73.71915888786316,
    73.91689085960388
  ],
  "python_cached": [
    43.60650420188904,
    43.48782753944397,
    43.563318729400635,
    43.363648414611816,
    43.354427099227905
  ]
}