{
  "python_brute": [
    0.15784096717834473,
    0.18262505531311035,
    0.1560652256011963,
    0.15433454513549805,
    0.15798735618591309
  ],
  "python_cached": [
    0.07941293716430664,
    0.08066415786743164,
    0.07963705062866211,
    0.07785272598266602,
    0.08004140853881836
  ]
}