{
  "python_brute": [
    0.010653972625732422,
    0.009906530380249023,
    0.010979652404785156,
    0.010975360870361328,
    0.011058568954467773
  ],
  "python_cached": [
    0.00579380989074707,
    0.005574226379394531,
    0.005978107452392578,
    0.005936622619628906,
    0.005912303924560547
  ]
}