{
  "python_brute": [
    0.004468679428100586,
    0.004862070083618164,
    0.004744052886962891,
    0.004486560821533203,
    0.004369258880615234
  ],
  "python_cached": [
    0.0023775100708007812,
    0.0022606849670410156,
    0.002448558807373047,
    0.0021822452545166016,
    0.0026934146881103516
  ]
}