{
  "python_brute": [
    0.004265785217285156,
    0.0043201446533203125,
    0.004376888275146484,
    0.0042879581451416016,
    0.004256725311279297
  ],
  "python_cached": [
    0.002174854278564453,
    0.002168416976928711,
    0.0021805763244628906,
    0.002144336700439453,
    0.0021109580993652344
  ]
}