{
  "python_brute": [
    0.03804349899291992,
    0.037895917892456055,
    0.03825879096984863,
    0.03957557678222656,
    0.03967547416687012
  ],
  "python_cached": [
    0.019984722137451172,
    0.021267414093017578,
    0.020670652389526367,
    0.022571325302124023,
    0.023773670196533203
  ]
}