{
  "python_brute": [
    1.8556711673736572,
    1.865769624710083,
    1.8729243278503418,
    1.8507277965545654,
    1.8813531398773193
  ],
  "python_cached": [
    0.930333137512207,
    0.9533026218414307,
    0.9358363151550293,
    0.9307022094726562,
    0.9449779987335205
  ]
}