{
  "python_brute": [
    11.71856141090393,
    11.562568664550781,
    11.638029336929321,
    11.378565073013306,
    11.518468856811523
  ],
  "python_cached": [
    5.841668367385864,
    5.7168052196502686,
    5.8248512744903564,
    5.746153831481934,
    5.7320237159729
  ]
}