{
  "python_brute": [
    0.0013167858123779297,
    0.0011005401611328125,
    0.0011353492736816406,
    0.001178741455078125,
    0.0011157989501953125
  ],
  "python_cached": [
    0.0005905628204345703,
    0.0006110668182373047,
    0.0007014274597167969,
    0.0006654262542724609,
    0.0005860328674316406
  ]
}