{
  "python_brute": [
    0.25388193130493164,
    0.2523629665374756,
    0.2573564052581787,
    0.25483179092407227,
    0.25443243980407715
  ],
  "python_cached": [
    0.13726353645324707,
    0.14683985710144043,
    0.16949772834777832,
    0.14307403564453125,
    0.1679983139038086
  ]
}