{
  "python_brute": [
    35.20008873939514,
    34.82833981513977,
    34.97100067138672,
    34.69272589683533,
    34.80176544189453
  ],
  "python_cached": [
    17.60159420967102,
    17.521000385284424,
    17.8127179145813,
    17.476332902908325,
    17.53177237510681
  ]
}