{
  "python_brute": [
    2.085468292236328,
    2.0929417610168457,
    2.097275495529175,
    2.100229501724243,
    2.150365114212036
  ],
  "python_cached": [
    1.0413103103637695,
    1.0625536441802979,
    1.047818899154663,
    1.1107981204986572,
    1.0336344242095947
  ]
}