{
  "python_brute": [
    3.0396246910095215,
    2.956622838973999,
    2.989086151123047,
    2.929394006729126,
    2.965829610824585
  ],
  "python_cached": [
    1.4827733039855957,
    1.4752914905548096,
    1.4944546222686768,
    1.4853460788726807,
    1.5003595352172852
  ]
}