{
  "python_brute": [
    1.686314582824707,
    1.6765811443328857,
    1.6824862957000732,
    1.7215654850006104,
    1.6749904155731201
  ],
  "python_cached": [
    0.8799934387207031,
    0.905322790145874,
    0.8989424705505371,
    0.8723385334014893,
    0.8756942749023438
  ]
}