{
  "python_brute": [
    0.010556936264038086,
    0.010119438171386719,
    0.010551214218139648,
    0.010122060775756836,
    0.010528087615966797
  ],
  "python_cached": [
    0.0052051544189453125,
    0.005223512649536133,
    0.00558161735534668,
    0.005057811737060547,
    0.0052525997161865234
  ]
}