{
  "python_brute": [
    0.08837580680847168,
    0.08895707130432129,
    0.08895254135131836,
    0.0940396785736084,
    0.08983969688415527
  ],
  "python_cached": [
    0.04530024528503418,
    0.045171260833740234,
    0.04548168182373047,
    0.04752182960510254,
    0.04523038864135742
  ]
}