{
  "python_brute": [
    0.00377655029296875,
    0.0033524036407470703,
    0.002477407455444336,
    0.0027658939361572266,
    0.0024483203887939453
  ],
  "python_cached": [
    0.0012896060943603516,
    0.0013091564178466797,
    0.0014965534210205078,
    0.001958131790161133,
    0.0027527809143066406
  ]
}