{
  "python_brute": [
    0.6355776786804199,
    0.6213729381561279,
    0.6526131629943848,
    0.6171920299530029,
    0.6255090236663818
  ],
  "python_cached": [
    0.31450319290161133,
    0.31473875045776367,
    0.3093404769897461,
    0.3272216320037842,
    0.3225433826446533
  ]
}