{
  "python_brute": [
    0.00015020370483398438,
    0.00014638900756835938,
    0.00014495849609375,
    0.00014495849609375,
    0.00014519691467285156
  ],
  "python_cached": [
    9.870529174804688e-05,
    8.678436279296875e-05,
    8.58306884765625e-05,
    8.535385131835938e-05,
    0.0001723766326904297
  ]
}