{
  "python_brute": [
    0.0030107498168945312,
    0.0026025772094726562,
    0.0025577545166015625,
    0.0029337406158447266,
    0.002657175064086914
  ],
  "python_cached": [
    0.0014057159423828125,
    0.0014805793762207031,
    0.0013082027435302734,
    0.0017299652099609375,
    0.0018794536590576172
  ]
}