{
  "python_brute": [
    0.2814319133758545,
    0.27155184745788574,
    0.2751884460449219,
    0.2669668197631836,
    0.2795681953430176
  ],
  "python_cached": [
    0.140350341796875,
    0.14329195022583008,
    0.13946771621704102,
    0.13935327529907227,
    0.1382741928100586
  ]
}