{
  "python_brute": [
    0.6085987091064453,
    0.5890834331512451,
    0.6069886684417725,
    0.6060936450958252,
    0.5936660766601562
  ],
  "python_cached": [
    0.31003665924072266,
    0.3096306324005127,
    0.3254117965698242,
    0.30742883682250977,
    0.3281099796295166
  ]
}