{
  "python_brute": [
    0.0003650188446044922,
    0.0004184246063232422,
    0.0003750324249267578,
    0.0004401206970214844,
    0.0005266666412353516
  ],
  "python_cached": [
    0.0002396106719970703,
    0.00020360946655273438,
    0.0008485317230224609,
    0.0003199577331542969,
    0.00023317337036132812
  ]
}