{
  "numpy_broadcast": [
    30.540912628173828,
    13.481314182281494,
    13.285525798797607,
    13.49953818321228,
    13.37490701675415
  ],
  "numpy_double_broadcast": [
    13.50790548324585,
    13.321670055389404,
    13.361379623413086,
    13.544482469558716,
    13.396687746047974
  ],
  "scipy": [
    3.765873908996582,
    3.53587007522583,
    3.5133702754974365,
    3.4938671588897705,
    3.4953408241271973
  ],
  "cython": [
    2.045219659805298,
    2.080415725708008,
    2.104680061340332,
    2.1038284301757812,
    2.1619396209716797
  ]
}