{
  "numpy_broadcast": [
    68.1298360824585,
    48.54872369766235,
    48.54549288749695,
    48.54707193374634,
    48.569337368011475
  ],
  "numpy_double_broadcast": [
    48.85768461227417,
    48.817761182785034,
    48.658530950546265,
    48.792816400527954,
    48.8359272480011
  ],
  "scipy": [
    15.469860792160034,
    15.499647855758667,
    15.513046741485596,
    15.368463516235352,
    15.518889665603638
  ],
  "cython": [
    6.955609083175659,
    7.056697130203247,
    6.984935760498047,
    6.988345146179199,
    7.065445184707642
  ]
}