{
  "numpy_broadcast": [
    11.995433330535889,
    7.18529200553894,
    7.114080905914307,
    7.272148132324219,
    7.156289339065552
  ],
  "numpy_double_broadcast": [
    7.193490028381348,
    7.244889497756958,
    7.139649152755737,
    7.162329196929932,
    7.164849281311035
  ],
  "scipy": [
    1.253896713256836,
    1.189366340637207,
    1.1785430908203125,
    1.1936607360839844,
    1.1805524826049805
  ],
  "cython": [
    1.634795904159546,
    1.6550328731536865,
    1.660226821899414,
    1.6318182945251465,
    1.6410353183746338
  ]
}