{
  "numpy_broadcast": [
    50.78356099128723,
    23.5960693359375,
    23.453111171722412,
    28.431674242019653,
    23.603497982025146
  ],
  "numpy_double_broadcast": [
    23.506605863571167,
    23.533576250076294,
    23.471479654312134,
    23.527021169662476,
    23.285844802856445
  ],
  "scipy": [
    5.89927864074707,
    5.853924512863159,
    5.863972425460815,
    6.019456386566162,
    5.86613130569458
  ],
  "cython": [
    3.8204286098480225,
    3.8173863887786865,
    3.862180709838867,
    3.841165781021118,
    3.7633206844329834
  ]
}