{
  "numpy_broadcast": [
    117.77223682403564,
    113.67209029197693,
    113.84652853012085,
    113.96878480911255,
    113.83812212944031
  ],
  "numpy_double_broadcast": [
    113.17188143730164,
    113.34311270713806,
    113.42326736450195,
    113.26631784439087,
    113.07039165496826
  ],
  "scipy": [
    26.19355845451355,
    26.253027200698853,
    26.358985662460327,
    26.36530566215515,
    26.392085552215576
  ],
  "cython": [
    32.900370597839355,
    33.32458734512329,
    33.41636610031128,
    32.997830390930176,
    33.337987661361694
  ]
}