{
  "numpy_broadcast": [
    13.113092184066772,
    5.912945032119751,
    5.909473896026611,
    6.057580947875977,
    5.958334445953369
  ],
  "numpy_double_broadcast": [
    5.925762176513672,
    5.937112808227539,
    6.01789116859436,
    5.926310777664185,
    5.922455787658691
  ],
  "scipy": [
    1.263073205947876,
    1.2692458629608154,
    1.2734017372131348,
    1.2700352668762207,
    1.280442476272583
  ],
  "cython": [
    1.01035475730896,
    1.00014328956604,
    0.9741675853729248,
    1.0360143184661865,
    0.9702842235565186
  ]
}