{
  "numpy_broadcast": [
    8.975734233856201,
    4.435728073120117,
    4.4652111530303955,
    4.5176682472229,
    4.473796844482422
  ],
  "numpy_double_broadcast": [
    4.43634033203125,
    4.456927537918091,
    4.444877862930298,
    4.501055002212524,
    4.457376003265381
  ],
  "scipy": [
    0.8110179901123047,
    0.8255360126495361,
    0.8046066761016846,
    0.8342428207397461,
    0.7966048717498779
  ],
  "cython": [
    0.7108135223388672,
    0.7151885032653809,
    0.6678221225738525,
    0.7028965950012207,
    0.6783826351165771
  ]
}