{
  "numpy_broadcast": [
    13.474895238876343,
    12.386164903640747,
    12.465246677398682,
    12.440531730651855,
    12.495435953140259
  ],
  "numpy_double_broadcast": [
    12.48081374168396,
    12.446693420410156,
    12.438724040985107,
    12.46099042892456,
    12.466423511505127
  ],
  "scipy": [
    2.0462656021118164,
    2.0593793392181396,
    2.052927255630493,
    2.0425760746002197,
    2.0267233848571777
  ],
  "cython": [
    3.1707522869110107,
    3.1461527347564697,
    3.1157424449920654,
    3.130950689315796,
    3.091452121734619
  ]
}