{
  "numpy_broadcast": [
    5.22820258140564,
    4.695489883422852,
    4.673407077789307,
    4.7313072681427,
    4.714244604110718
  ],
  "numpy_double_broadcast": [
    4.671847581863403,
    4.673149585723877,
    4.735088586807251,
    4.750466823577881,
    4.723989009857178
  ],
  "scipy": [
    0.5191633701324463,
    0.4797987937927246,
    0.4915947914123535,
    0.49489569664001465,
    0.49236035346984863
  ],
  "cython": [
    0.8417954444885254,
    0.8513178825378418,
    0.8745436668395996,
    0.8553695678710938,
    0.8484463691711426
  ]
}