{
  "numpy_broadcast": [
    45.304588079452515,
    30.348050832748413,
    30.438408851623535,
    30.530701160430908,
    30.52677631378174
  ],
  "numpy_double_broadcast": [
    30.704714059829712,
    30.45312476158142,
    30.5406494140625,
    30.36349868774414,
    30.518832683563232
  ],
  "scipy": [
    9.769768238067627,
    9.735815525054932,
    9.841596126556396,
    9.784202575683594,
    9.826757907867432
  ],
  "cython": [
    4.290949106216431,
    4.277482271194458,
    4.282449007034302,
    4.362126588821411,
    4.301704168319702
  ]
}