{
  "numpy_broadcast": [
    47.365029096603394,
    44.97107219696045,
    44.98713564872742,
    44.92371916770935,
    45.09406924247742
  ],
  "numpy_double_broadcast": [
    44.925368547439575,
    44.93891882896423,
    44.7473828792572,
    44.88142466545105,
    44.89879131317139
  ],
  "scipy": [
    7.634880781173706,
    7.896405935287476,
    7.922227382659912,
    7.8068296909332275,
    7.942050218582153
  ],
  "cython": [
    10.582669019699097,
    10.263261079788208,
    10.534987449645996,
    10.198405742645264,
    10.534215927124023
  ]
}