{
  "numpy_broadcast": [
    5.210654020309448,
    3.1911072731018066,
    3.2097229957580566,
    3.1856603622436523,
    3.238935708999634
  ],
  "numpy_double_broadcast": [
    3.2527413368225098,
    3.1869776248931885,
    3.233318567276001,
    3.231196165084839,
    3.2179133892059326
  ],
  "scipy": [
    0.5823721885681152,
    0.6285374164581299,
    0.5707342624664307,
    0.5635266304016113,
    0.5798866748809814
  ],
  "cython": [
    0.675544023513794,
    0.6752500534057617,
    0.7318813800811768,
    0.7126893997192383,
    0.6960535049438477
  ]
}