{
  "numpy_broadcast": [
    50.2536358833313,
    32.130709409713745,
    32.06355667114258,
    32.202011585235596,
    32.07953476905823
  ],
  "numpy_double_broadcast": [
    32.1530237197876,
    32.19886040687561,
    32.06605839729309,
    32.155462980270386,
    31.991235971450806
  ],
  "scipy": [
    9.258360624313354,
    9.153611183166504,
    9.285764932632446,
    9.172232389450073,
    9.162090063095093
  ],
  "cython": [
    4.730567455291748,
    4.598993301391602,
    4.615588188171387,
    4.606366872787476,
    4.602713346481323
  ]
}