{
  "numpy_broadcast": [
    20.231831550598145,
    18.462588787078857,
    18.437178134918213,
    18.456275463104248,
    18.50258231163025
  ],
  "numpy_double_broadcast": [
    18.482746362686157,
    18.554723024368286,
    18.45209765434265,
    18.49320650100708,
    18.398305892944336
  ],
  "scipy": [
    3.192826986312866,
    3.092266321182251,
    3.0894651412963867,
    3.07743501663208,
    3.1102395057678223
  ],
  "cython": [
    4.806120872497559,
    5.015136241912842,
    4.78961181640625,
    4.91836953163147,
    4.843991041183472
  ]
}