{
  "numpy_broadcast": [
    2.3605997562408447,
    2.1225650310516357,
    2.136716365814209,
    2.116957902908325,
    2.128538131713867
  ],
  "numpy_double_broadcast": [
    2.0991768836975098,
    2.122837781906128,
    2.093191623687744,
    2.0990583896636963,
    2.119593620300293
  ],
  "scipy": [
    0.21494221687316895,
    0.21680569648742676,
    0.21278858184814453,
    0.21683430671691895,
    0.21406149864196777
  ],
  "cython": [
    0.3429076671600342,
    0.34946584701538086,
    0.3342325687408447,
    0.3419022560119629,
    0.3450183868408203
  ]
}