{
  "numpy_broadcast": [
    12605.106065034866,
    9062.652751207352,
    10185.368494987488,
    9966.687829494476,
    9286.981338262558
  ],
  "numpy_double_broadcast": [
    8399.70920586586,
    14316.708879947662,
    11639.726195573807,
    11685.339709043503,
    9179.86126756668
  ],
  "scipy": [
    283.42990016937256,
    5.522392988204956,
    5.4707276821136475,
    5.435785531997681,
    5.425182342529297
  ],
  "cython": [
    21.187517881393433,
    20.890472173690796,
    20.90909457206726,
    20.761394023895264,
    20.418865442276
  ]
}