{
  "numpy_broadcast": [
    242.30267095565796,
    238.45698761940002,
    238.45970487594604,
    238.10259175300598,
    238.3329939842224
  ],
  "numpy_double_broadcast": [
    237.8838062286377,
    237.32688283920288,
    238.02616572380066,
    237.00030517578125,
    237.15876388549805
  ],
  "scipy": [
    65.70894646644592,
    65.92813634872437,
    65.7981059551239,
    65.87787008285522,
    65.93058514595032
  ],
  "cython": [
    62.97712206840515,
    62.93558382987976,
    62.721784591674805,
    62.23660087585449,
    62.00368046760559
  ]
}