{
  "numpy_broadcast": [
    2.749685287475586,
    2.598972797393799,
    2.5231821537017822,
    2.523451566696167,
    2.52506947517395
  ],
  "numpy_double_broadcast": [
    2.518237352371216,
    2.504852294921875,
    2.5283994674682617,
    2.509655237197876,
    2.568263292312622
  ],
  "scipy": [
    0.3802034854888916,
    0.3594214916229248,
    0.36858701705932617,
    0.38834619522094727,
    0.35660648345947266
  ],
  "cython": [
    0.40305066108703613,
    0.4030911922454834,
    0.41037964820861816,
    0.40537285804748535,
    0.3911283016204834
  ]
}