{
  "numpy_broadcast": [
    85.2990083694458,
    83.03941440582275,
    82.8755362033844,
    82.85175561904907,
    82.89175939559937
  ],
  "numpy_double_broadcast": [
    82.68692255020142,
    82.46204924583435,
    82.75169396400452,
    82.58731532096863,
    82.81015253067017
  ],
  "scipy": [
    21.091102123260498,
    21.021125316619873,
    21.027076482772827,
    21.028728246688843,
    21.06069302558899
  ],
  "cython": [
    20.47877287864685,
    20.11682438850403,
    20.078994750976562,
    20.306886672973633,
    20.0078706741333
  ]
}