{
  "numpy_broadcast": [
    1547.3940033912659,
    194.3577938079834,
    35.59166383743286,
    33.251744747161865,
    33.28489971160889
  ],
  "numpy_double_broadcast": [
    33.20644402503967,
    33.275559186935425,
    33.2191903591156,
    33.303098917007446,
    33.25230073928833
  ],
  "scipy": [
    3.5381698608398438,
    3.46315598487854,
    3.447962522506714,
    3.4791173934936523,
    3.4706759452819824
  ],
  "cython": [
    11.053553581237793,
    10.834484100341797,
    10.83790636062622,
    10.775726795196533,
    10.985229015350342
  ]
}