{
  "numpy_broadcast": [
    11316.5538418293,
    8794.643640518188,
    9639.839753866196,
    9401.433399438858,
    12366.214668750763
  ],
  "numpy_double_broadcast": [
    11708.78451514244,
    12099.855401277542,
    8838.60046172142,
    10133.727321863174,
    10023.511261940002
  ],
  "scipy": [
    307.07403230667114,
    9.213151693344116,
    9.390539169311523,
    9.232357025146484,
    9.229630470275879
  ],
  "cython": [
    24.09678053855896,
    23.59376859664917,
    23.948803424835205,
    24.07680320739746,
    23.899415969848633
  ]
}