{
  "numpy_broadcast": [
    10.512889385223389,
    9.77561640739441,
    9.803178548812866,
    9.823392629623413,
    9.79429817199707
  ],
  "numpy_double_broadcast": [
    9.817830324172974,
    9.726489543914795,
    9.825643062591553,
    9.712834358215332,
    9.785831451416016
  ],
  "scipy": [
    1.6071195602416992,
    1.619133710861206,
    1.6388413906097412,
    1.6042652130126953,
    1.6304166316986084
  ],
  "cython": [
    2.689685583114624,
    2.600437879562378,
    2.742647647857666,
    2.6384081840515137,
    2.8126089572906494
  ]
}