{
  "numpy_broadcast": [
    21.853208780288696,
    9.60355806350708,
    9.834424018859863,
    9.684111595153809,
    9.645997524261475
  ],
  "numpy_double_broadcast": [
    9.85966444015503,
    9.599910259246826,
    9.815922260284424,
    9.701531410217285,
    9.688008546829224
  ],
  "scipy": [
    2.2570605278015137,
    2.281916379928589,
    2.2287333011627197,
    2.2659292221069336,
    2.23061466217041
  ],
  "cython": [
    1.5668606758117676,
    1.5768349170684814,
    1.5495390892028809,
    1.551886796951294,
    1.6573207378387451
  ]
}