{
  "numpy_broadcast": [
    21.383162260055542,
    19.94910168647766,
    20.03108239173889,
    19.961923360824585,
    20.04279851913452
  ],
  "numpy_double_broadcast": [
    20.091420650482178,
    20.012194871902466,
    19.903966426849365,
    20.010764598846436,
    20.026352882385254
  ],
  "scipy": [
    3.3223214149475098,
    3.288010597229004,
    3.361682415008545,
    3.3166232109069824,
    3.2888364791870117
  ],
  "cython": [
    6.357565641403198,
    6.0828282833099365,
    6.172605514526367,
    6.272085666656494,
    6.265726566314697
  ]
}