{
  "numpy_broadcast": [
    8.24534296989441,
    4.987466335296631,
    4.943302631378174,
    5.030742406845093,
    4.995301008224487
  ],
  "numpy_double_broadcast": [
    5.008398532867432,
    4.955702543258667,
    4.966961860656738,
    5.038200616836548,
    4.957469940185547
  ],
  "scipy": [
    0.9111917018890381,
    0.8832578659057617,
    0.9107389450073242,
    0.9069724082946777,
    0.8924245834350586
  ],
  "cython": [
    1.0659146308898926,
    1.095796823501587,
    1.063755989074707,
    1.1392743587493896,
    1.0653648376464844
  ]
}