{
  "numpy_broadcast": [
    64.40745854377747,
    63.49169421195984,
    63.45509624481201,
    63.386988401412964,
    63.44316101074219
  ],
  "numpy_double_broadcast": [
    63.408230781555176,
    63.44347620010376,
    63.29595065116882,
    63.37875175476074,
    63.39150381088257
  ],
  "scipy": [
    18.300148963928223,
    18.120734691619873,
    18.152198791503906,
    18.23787832260132,
    18.192410707473755
  ],
  "cython": [
    9.719468355178833,
    9.793097972869873,
    9.710623741149902,
    9.971832036972046,
    9.69982385635376
  ]
}