{
  "numpy_broadcast": [
    10.74350094795227,
    9.833797693252563,
    9.783097982406616,
    9.826181650161743,
    9.905047416687012
  ],
  "numpy_double_broadcast": [
    9.777021884918213,
    9.778043508529663,
    9.780066967010498,
    9.798218965530396,
    9.790294647216797
  ],
  "scipy": [
    1.671539306640625,
    1.6444830894470215,
    1.6168267726898193,
    1.6356143951416016,
    1.679771900177002
  ],
  "cython": [
    2.5186331272125244,
    2.470553398132324,
    2.4473493099212646,
    2.435072898864746,
    2.4544174671173096
  ]
}