{
  "numpy_broadcast": [
    44.371543407440186,
    20.067809104919434,
    20.031029224395752,
    20.149219512939453,
    19.94574785232544
  ],
  "numpy_double_broadcast": [
    20.28177309036255,
    20.070612907409668,
    20.122114658355713,
    20.15631413459778,
    20.179344415664673
  ],
  "scipy": [
    5.756123781204224,
    5.827813148498535,
    5.791983127593994,
    5.7899086475372314,
    5.739606857299805
  ],
  "cython": [
    2.8697032928466797,
    2.9315073490142822,
    2.870455026626587,
    2.814018964767456,
    2.889072895050049
  ]
}