{
  "numpy_broadcast": [
    183.64186239242554,
    179.7549934387207,
    179.52822351455688,
    184.26318430900574,
    196.6214828491211
  ],
  "numpy_double_broadcast": [
    207.98692965507507,
    211.11342811584473,
    215.40248894691467,
    178.32405734062195,
    178.66898846626282
  ],
  "scipy": [
    45.33759546279907,
    45.372451066970825,
    45.35025453567505,
    45.44480800628662,
    45.57821536064148
  ],
  "cython": [
    51.49413514137268,
    51.348464488983154,
    51.0859477519989,
    50.857826232910156,
    51.3029625415802
  ]
}