{
  "numpy_broadcast": [
    6815.795582294464,
    10311.545234918594,
    8519.703220844269,
    7510.928242921829,
    10988.215295791626
  ],
  "numpy_double_broadcast": [
    12270.069201469421,
    11708.915474891663,
    8627.737281799316,
    8799.705567359924,
    8921.710095405579
  ],
  "scipy": [
    605.067852973938,
    120.49785923957825,
    81.54313778877258,
    108.90078258514404,
    49.22075796127319
  ],
  "cython": [
    210.96759724617004,
    37.30627775192261,
    37.93888235092163,
    38.02190446853638,
    38.10245943069458
  ]
}