{
  "numpy_broadcast": [
    20.973055124282837,
    10.405882120132446,
    10.308304786682129,
    10.419035196304321,
    10.288175344467163
  ],
  "numpy_double_broadcast": [
    10.355998754501343,
    10.406386375427246,
    10.297938108444214,
    10.383185386657715,
    10.352900743484497
  ],
  "scipy": [
    1.7582628726959229,
    1.7874424457550049,
    1.7563915252685547,
    1.7336900234222412,
    1.7259776592254639
  ],
  "cython": [
    1.699876308441162,
    1.725745439529419,
    1.7056248188018799,
    1.6928539276123047,
    1.7142713069915771
  ]
}