{
  "python_brute": [
    0.07345938682556152,
    0.0742957592010498,
    0.07526803016662598,
    0.07326984405517578,
    0.07244992256164551
  ],
  "python_cached": [
    0.03769826889038086,
    0.037627220153808594,
    0.03842329978942871,
    0.03683924674987793,
    0.036431074142456055
  ],
  "numpy_brute": [
    0.03426718711853027,
    0.03410172462463379,
    0.036360979080200195,
    0.033519744873046875,
    0.03404545783996582
  ],
  "numpy_cached": [
    0.01880025863647461,
    0.019426584243774414,
    0.01796722412109375,
    0.018067598342895508,
    0.018056154251098633
  ],
  "numpy_broadcast": [
    0.0019218921661376953,
    0.001728057861328125,
    0.002050161361694336,
    0.0018925666809082031,
    0.0017824172973632812
  ],
  "numpy_double_broadcast": [
    0.0019011497497558594,
    0.0018265247344970703,
    0.0016973018646240234,
    0.0021691322326660156,
    0.0018184185028076172
  ],
  "scipy": [
    0.0003154277801513672,
    0.0003209114074707031,
    0.0003139972686767578,
    0.00034809112548828125,
    0.0003097057342529297
  ],
  "cython": [
    0.0003185272216796875,
    0.0001838207244873047,
    0.00015306472778320312,
    0.0001842975616455078,
    0.00018453598022460938
  ],
  "cython_parallel": [
    0.00035691261291503906,
    0.0003445148468017578,
    0.00037741661071777344,
    0.0005517005920410156,
    0.0004260540008544922
  ]
}