{
  "python_brute": [
    0.46662044525146484,
    0.4687983989715576,
    0.4790456295013428,
    0.48846435546875,
    0.473496675491333
  ],
  "python_cached": [
    0.23910284042358398,
    0.23179125785827637,
    0.23435688018798828,
    0.2346034049987793,
    0.23942017555236816
  ],
  "numpy_brute": [
    0.2071397304534912,
    0.20831680297851562,
    0.20666098594665527,
    0.20320510864257812,
    0.20806312561035156
  ],
  "numpy_cached": [
    0.11025738716125488,
    0.11248230934143066,
    0.11044955253601074,
    0.11377716064453125,
    0.11623024940490723
  ],
  "numpy_broadcast": [
    0.008620023727416992,
    0.00801992416381836,
    0.008011102676391602,
    0.007879495620727539,
    0.00857853889465332
  ],
  "scipy": [
    0.0020835399627685547,
    0.002145051956176758,
    0.0017840862274169922,
    0.002271413803100586,
    0.0018723011016845703
  ],
  "cython": [
    0.0012493133544921875,
    0.0009543895721435547,
    0.001138925552368164,
    0.0011796951293945312,
    0.0009322166442871094
  ],
  "cython_parallel": [
    0.002501964569091797,
    0.0023720264434814453,
    0.002171754837036133,
    0.0023179054260253906,
    0.0021638870239257812
  ],
  "numpy_broadcast_cached": [
    0.005350351333618164,
    0.004584074020385742,
    0.0045928955078125,
    0.004418849945068359,
    0.00471806526184082
  ],
  "numpy_double_broadcast": [
    0.010434627532958984,
    0.010988712310791016,
    0.010395288467407227,
    0.011171579360961914,
    0.013079404830932617
  ]
}