{
  "numpy_broadcast": [
    93.5473849773407,
    91.7313756942749,
    92.12181258201599,
    91.97495150566101,
    91.66549324989319
  ],
  "numpy_double_broadcast": [
    91.4114363193512,
    91.18704319000244,
    90.86940145492554,
    91.20343375205994,
    90.94002962112427
  ],
  "scipy": [
    25.34648561477661,
    25.4583957195282,
    25.395099878311157,
    25.38347864151001,
    25.37039828300476
  ],
  "cython": [
    20.280652284622192,
    20.437397241592407,
    20.299285650253296,
    20.41042709350586,
    20.548972368240356
  ],
  "numpy_broadcast_cached": [
    51.88180446624756,
    50.639487981796265,
    51.13995885848999,
    50.877615451812744,
    50.691486120224
  ]
}