{
  "numpy_broadcast": [
    75.3207790851593,
    74.07565498352051,
    74.19800233840942,
    74.20401334762573,
    74.42557787895203
  ],
  "scipy": [
    20.709279775619507,
    20.7889142036438,
    20.760886430740356,
    20.805138111114502,
    20.8231782913208
  ],
  "cython": [
    15.154193878173828,
    14.81408953666687,
    14.873907089233398,
    15.12107253074646,
    14.902169704437256
  ],
  "numpy_broadcast_cached": [
    41.27719020843506,
    40.26949191093445,
    40.33594465255737,
    40.32122302055359,
    40.46342921257019
  ]
}