{
  "python_brute": [
    0.5542092323303223,
    0.5732846260070801,
    0.5523929595947266,
    0.5568857192993164,
    0.5652763843536377
  ],
  "python_cached": [
    0.28988003730773926,
    0.2794008255004883,
    0.2729783058166504,
    0.27638697624206543,
    0.2908918857574463
  ],
  "numpy_brute": [
    0.05931544303894043,
    0.0581667423248291,
    0.05820894241333008,
    0.057340145111083984,
    0.05803632736206055
  ],
  "numpy_cached": [
    0.03222846984863281,
    0.034063100814819336,
    0.031191110610961914,
    0.0324552059173584,
    0.03314542770385742
  ]
}