{
  "numpy_broadcast": [
    7.122271776199341,
    6.369674444198608,
    6.400793075561523,
    6.3642261028289795,
    6.349663257598877
  ],
  "scipy": [
    0.692147970199585,
    0.674431324005127,
    0.6726398468017578,
    0.6770918369293213,
    0.6542763710021973
  ],
  "cython": [
    1.3695878982543945,
    1.337583065032959,
    1.3414676189422607,
    1.3640763759613037,
    1.3746960163116455
  ],
  "numpy_broadcast_cached": [
    6.541985511779785,
    6.14037299156189,
    6.141824007034302,
    6.155290603637695,
    6.136773586273193
  ],
  "numpy_double_broadcast": [
    7.289968490600586,
    7.322295427322388,
    7.41703462600708,
    7.306148052215576,
    7.3315629959106445
  ]
}