{
  "numpy_broadcast": [
    20.973055124282837,
    10.405882120132446,
    10.308304786682129,
    10.419035196304321,
    10.288175344467163
  ],
  "scipy": [
    1.7582628726959229,
    1.7874424457550049,
    1.7563915252685547,
    1.7336900234222412,
    1.7259776592254639
  ],
  "cython": [
    1.699876308441162,
    1.725745439529419,
    1.7056248188018799,
    1.6928539276123047,
    1.7142713069915771
  ],
  "numpy_broadcast_cached": [
    7.689790487289429,
    7.091717958450317,
    7.072911977767944,
    7.211023807525635,
    7.098253965377808
  ]
}