{
  "python_brute": [
    0.0002777576446533203,
    0.000331878662109375,
    0.00037407875061035156,
    0.0002675056457519531,
    0.0002677440643310547
  ],
  "python_cached": [
    0.00016021728515625,
    0.00015783309936523438,
    0.0001595020294189453,
    0.0001575946807861328,
    0.00015735626220703125
  ],
  "numpy_brute": [
    0.0019915103912353516,
    0.0018622875213623047,
    0.0020372867584228516,
    0.002105236053466797,
    0.0020074844360351562
  ],
  "numpy_cached": [
    0.0012869834899902344,
    0.0010018348693847656,
    0.0011279582977294922,
    0.0011057853698730469,
    0.001028299331665039
  ],
  "numpy_broadcast": [
    0.00019073486328125,
    0.0001595020294189453,
    0.00017261505126953125,
    0.00019407272338867188,
    0.00020122528076171875
  ],
  "scipy": [
    5.269050598144531e-05,
    2.0265579223632812e-05,
    1.5974044799804688e-05,
    1.4066696166992188e-05,
    1.430511474609375e-05
  ],
  "cython": [
    1.8596649169921875e-05,
    4.5299530029296875e-06,
    3.814697265625e-06,
    3.337860107421875e-06,
    3.0994415283203125e-06
  ],
  "cython_parallel": [
    5.4836273193359375e-06,
    4.291534423828125e-06,
    3.5762786865234375e-06,
    3.5762786865234375e-06,
    3.337860107421875e-06
  ],
  "numpy_broadcast_cached": [
    0.0002281665802001953,
    0.000156402587890625,
    0.00015306472778320312,
    0.00015020370483398438,
    0.00015044212341308594
  ]
}