{
  "numpy_brute": [
    0.10386896133422852,
    0.10486340522766113,
    0.10886907577514648,
    0.10929083824157715,
    0.10854363441467285
  ],
  "numpy_cached": [
    0.07868099212646484,
    0.08852577209472656,
    0.07671880722045898,
    0.08281755447387695,
    0.08289480209350586
  ]
}