{
  "python_brute": [
    0.3433644771575928,
    0.333207368850708,
    0.3361227512359619,
    0.3315424919128418,
    0.33350419998168945
  ],
  "python_cached": [
    0.1693439483642578,
    0.17029690742492676,
    0.17050790786743164,
    0.17652583122253418,
    0.16910052299499512
  ],
  "numpy_brute": [
    0.2013404369354248,
    0.2092437744140625,
    0.20728206634521484,
    0.20766186714172363,
    0.20087432861328125
  ],
  "numpy_cached": [
    0.11168241500854492,
    0.1099233627319336,
    0.10831141471862793,
    0.12087488174438477,
    0.10781741142272949
  ],
  "numpy_broadcast": [
    0.0069882869720458984,
    0.006468296051025391,
    0.00626373291015625,
    0.0063245296478271484,
    0.006107807159423828
  ],
  "numpy_double_broadcast": [
    0.006611347198486328,
    0.007012844085693359,
    0.00626683235168457,
    0.006563901901245117,
    0.006312131881713867
  ],
  "scipy": [
    0.0014934539794921875,
    0.0012712478637695312,
    0.0013229846954345703,
    0.0015516281127929688,
    0.001262664794921875
  ],
  "cython": [
    0.0007758140563964844,
    0.0006854534149169922,
    0.0006842613220214844,
    0.0006830692291259766,
    0.0006833076477050781
  ],
  "cython_parallel": [
    0.0018463134765625,
    0.001622915267944336,
    0.0016493797302246094,
    0.0029075145721435547,
    0.003201007843017578
  ],
  "numpy_broadcast_cached": [
    0.004195690155029297,
    0.003860950469970703,
    0.006296634674072266,
    0.0039653778076171875,
    0.0038154125213623047
  ]
}