{
  "python_brute": [
    0.20358729362487793,
    0.1808173656463623,
    0.1933155059814453,
    0.17371177673339844,
    0.17559170722961426
  ],
  "python_cached": [
    0.0923457145690918,
    0.09220528602600098,
    0.08880162239074707,
    0.10713410377502441,
    0.09205865859985352
  ],
  "numpy_brute": [
    0.05794501304626465,
    0.05650043487548828,
    0.053668975830078125,
    0.051830291748046875,
    0.05052065849304199
  ],
  "numpy_cached": [
    0.028667211532592773,
    0.027217626571655273,
    0.029937744140625,
    0.030252933502197266,
    0.03221011161804199
  ],
  "numpy_broadcast": [
    0.003214597702026367,
    0.003729581832885742,
    0.0035371780395507812,
    0.004181623458862305,
    0.003125429153442383
  ],
  "scipy": [
    0.0007812976837158203,
    0.0006699562072753906,
    0.0007750988006591797,
    0.0007536411285400391,
    0.0007851123809814453
  ],
  "cython": [
    0.0004951953887939453,
    0.00037598609924316406,
    0.0004246234893798828,
    0.0005433559417724609,
    0.0004661083221435547
  ],
  "cython_parallel": [
    0.0013740062713623047,
    0.0009207725524902344,
    0.0009007453918457031,
    0.0008649826049804688,
    0.0007922649383544922
  ],
  "numpy_broadcast_cached": [
    0.0021517276763916016,
    0.0024521350860595703,
    0.0020465850830078125,
    0.0021657943725585938,
    0.0017728805541992188
  ]
}