{
  "python_brute": [
    6.2558300495147705,
    6.291938066482544,
    6.366184949874878,
    6.288025856018066,
    6.230786085128784
  ],
  "python_cached": [
    3.1726324558258057,
    3.217930555343628,
    3.3141584396362305,
    3.2172534465789795,
    3.2129101753234863
  ],
  "numpy_brute": [
    5.387285232543945,
    5.4271910190582275,
    5.7405784130096436,
    5.608399152755737,
    5.508155584335327
  ],
  "numpy_cached": [
    2.9052155017852783,
    2.8756303787231445,
    2.9225335121154785,
    2.9168546199798584,
    2.9498674869537354
  ],
  "numpy_broadcast": [
    0.09654426574707031,
    0.09835529327392578,
    0.09606313705444336,
    0.09829545021057129,
    0.09842324256896973
  ],
  "numpy_double_broadcast": [
    0.0973055362701416,
    0.09723615646362305,
    0.09744000434875488,
    0.09761214256286621,
    0.09831666946411133
  ],
  "scipy": [
    0.023560047149658203,
    0.021381139755249023,
    0.019877910614013672,
    0.020486116409301758,
    0.020269393920898438
  ],
  "cython": [
    0.01604151725769043,
    0.014567852020263672,
    0.013973474502563477,
    0.013257980346679688,
    0.014159917831420898
  ],
  "cython_parallel": [
    0.03158402442932129,
    0.033298492431640625,
    0.04428887367248535,
    0.04220843315124512,
    0.029732704162597656
  ],
  "numpy_broadcast_cached": [
    0.05522012710571289,
    0.056090593338012695,
    0.056407928466796875,
    0.06342959403991699,
    0.061893463134765625
  ]
}