{
  "numpy_brute": [
    0.0681447982788086,
    0.06900525093078613,
    0.07442569732666016,
    0.06737875938415527,
    0.07207870483398438
  ],
  "numpy_cached": [
    0.04380464553833008,
    0.043382883071899414,
    0.04057598114013672,
    0.04168272018432617,
    0.04191899299621582
  ]
}