{
  "python_brute": [
    0.25388193130493164,
    0.2523629665374756,
    0.2573564052581787,
    0.25483179092407227,
    0.25443243980407715
  ],
  "python_cached": [
    0.13726353645324707,
    0.14683985710144043,
    0.16949772834777832,
    0.14307403564453125,
    0.1679983139038086
  ],
  "numpy_brute": [
    1.8552453517913818,
    1.8610332012176514,
    1.837080478668213,
    1.831468105316162,
    1.9073395729064941
  ],
  "numpy_cached": [
    0.9482793807983398,
    0.9357297420501709,
    0.9977588653564453,
    0.9323441982269287,
    0.9553759098052979
  ],
  "numpy_broadcast": [
    0.01457524299621582,
    0.016552209854125977,
    0.01324915885925293,
    0.012525558471679688,
    0.013183355331420898
  ],
  "scipy": [
    0.0008070468902587891,
    0.00075531005859375,
    0.000728607177734375,
    0.000782012939453125,
    0.0007464885711669922
  ],
  "cython": [
    0.0007860660552978516,
    0.0008134841918945312,
    0.0010638236999511719,
    0.0007889270782470703,
    0.0007526874542236328
  ],
  "cython_parallel": [
    0.0011622905731201172,
    0.0011506080627441406,
    0.0012171268463134766,
    0.0012464523315429688,
    0.00112152099609375
  ],
  "numpy_broadcast_cached": [
    0.009455204010009766,
    0.008567333221435547,
    0.009691476821899414,
    0.009355783462524414,
    0.008774995803833008
  ]
}