{
  "python_brute": [
    50.243762731552124,
    50.44121241569519,
    50.633859395980835,
    50.74180841445923,
    50.65478873252869
  ],
  "python_cached": [
    26.123454093933105,
    25.547020435333252,
    25.60884118080139,
    25.56978940963745,
    25.64283037185669
  ],
  "numpy_broadcast_cached": [
    0.41512131690979004,
    0.34314942359924316,
    0.34630846977233887,
    0.34279656410217285,
    0.346240758895874
  ],
  "numpy_double_broadcast": [
    1.1383624076843262,
    0.9208450317382812,
    0.934741735458374,
    0.918245792388916,
    0.9350526332855225
  ]
}