{
  "numpy_broadcast": [
    64.83253598213196,
    62.82280993461609,
    62.42638635635376,
    62.74324560165405,
    62.58474659919739
  ],
  "scipy": [
    15.251028537750244,
    15.210314273834229,
    15.27398681640625,
    15.236229419708252,
    15.261036157608032
  ],
  "cython": [
    16.4195077419281,
    17.14301323890686,
    16.800559043884277,
    16.603026866912842,
    16.493863821029663
  ],
  "numpy_broadcast_cached": [
    42.137311935424805,
    41.09343481063843,
    41.061453342437744,
    40.86320877075195,
    40.541011571884155
  ]
}