{
  "numpy_broadcast": [
    70.12894988059998,
    68.49750185012817,
    68.31038498878479,
    68.17611837387085,
    68.1594614982605
  ],
  "scipy": [
    17.271415948867798,
    17.333279132843018,
    17.342150449752808,
    17.248594045639038,
    17.265573501586914
  ],
  "cython": [
    16.145071506500244,
    15.714923620223999,
    15.561601638793945,
    15.91980791091919,
    16.226073741912842
  ],
  "numpy_broadcast_cached": [
    40.18019914627075,
    39.211514472961426,
    39.3451292514801,
    39.24834609031677,
    39.36590552330017
  ]
}