{
  "numpy_broadcast": [
    68.1298360824585,
    48.54872369766235,
    48.54549288749695,
    48.54707193374634,
    48.569337368011475
  ],
  "scipy": [
    15.469860792160034,
    15.499647855758667,
    15.513046741485596,
    15.368463516235352,
    15.518889665603638
  ],
  "cython": [
    6.955609083175659,
    7.056697130203247,
    6.984935760498047,
    6.988345146179199,
    7.065445184707642
  ],
  "numpy_broadcast_cached": [
    24.382586240768433,
    24.119205951690674,
    24.04947543144226,
    24.01245379447937,
    24.060550451278687
  ]
}