{
  "numpy_broadcast": [
    54.178751945495605,
    52.2886106967926,
    52.34702730178833,
    52.20630884170532,
    52.35008645057678
  ],
  "scipy": [
    11.817757844924927,
    11.786282062530518,
    11.853026628494263,
    11.774775743484497,
    11.925894260406494
  ],
  "cython": [
    13.259476900100708,
    12.901630401611328,
    13.167412281036377,
    12.98027229309082,
    13.468278169631958
  ],
  "numpy_broadcast_cached": [
    34.34042525291443,
    33.083194971084595,
    33.34570050239563,
    33.35700082778931,
    33.35258913040161
  ]
}