{
  "numpy_broadcast": [
    240.66525959968567,
    238.57062768936157,
    238.91969418525696,
    238.70260500907898,
    238.67000007629395
  ],
  "numpy_double_broadcast": [
    237.44045305252075,
    237.258713722229,
    236.10852456092834,
    235.95073223114014,
    236.0553116798401
  ],
  "scipy": [
    73.54412269592285,
    73.71475291252136,
    73.54125833511353,
    73.61659574508667,
    73.60282039642334
  ],
  "cython": [
    44.28996658325195,
    43.94984984397888,
    43.26857542991638,
    43.04866909980774,
    43.114142656326294
  ]
}