{
  "numpy_broadcast": [
    94.07486319541931,
    69.73365831375122,
    69.8098452091217,
    70.24304175376892,
    70.14014077186584
  ],
  "scipy": [
    21.740448474884033,
    21.722548723220825,
    21.672515153884888,
    21.620060205459595,
    21.640854835510254
  ],
  "cython": [
    10.362115859985352,
    10.31384563446045,
    10.34916877746582,
    10.334324836730957,
    10.40302586555481
  ],
  "numpy_broadcast_cached": [
    36.16099691390991,
    35.53132176399231,
    35.5531792640686,
    35.56731653213501,
    35.60968041419983
  ]
}