{
  "numpy_broadcast": [
    68.8047730922699,
    46.35775542259216,
    46.41727089881897,
    46.412166118621826,
    46.472734451293945
  ],
  "numpy_double_broadcast": [
    46.74057388305664,
    46.59833359718323,
    46.67528033256531,
    46.702871799468994,
    46.776349782943726
  ],
  "scipy": [
    13.20477843284607,
    13.307613372802734,
    13.386760234832764,
    13.343785047531128,
    13.409106731414795
  ],
  "cython": [
    6.8425939083099365,
    6.832272052764893,
    6.930959701538086,
    6.853244781494141,
    6.844614744186401
  ],
  "numpy_broadcast_cached": [
    24.2130229473114,
    24.076956748962402,
    24.09641981124878,
    24.04489803314209,
    24.153006553649902
  ]
}