{
  "numpy_broadcast": [
    56.73719000816345,
    53.070974588394165,
    52.871278524398804,
    52.963602781295776,
    53.02937173843384
  ],
  "scipy": [
    8.791053056716919,
    8.875617504119873,
    8.752216577529907,
    8.810426712036133,
    8.712289810180664
  ],
  "cython": [
    18.735547304153442,
    18.75671362876892,
    18.30922293663025,
    18.89225459098816,
    18.743523120880127
  ],
  "numpy_broadcast_cached": [
    52.91069746017456,
    51.423643350601196,
    51.38666343688965,
    51.75283885002136,
    51.543521881103516
  ]
}