{
  "python_brute": [
    0.0062656402587890625,
    0.006118297576904297,
    0.00601506233215332,
    0.006232500076293945,
    0.006012916564941406
  ],
  "python_cached": [
    0.0031938552856445312,
    0.003175973892211914,
    0.003124237060546875,
    0.0031380653381347656,
    0.0029687881469726562
  ],
  "numpy_brute": [
    0.009247541427612305,
    0.009166717529296875,
    0.008518695831298828,
    0.00804591178894043,
    0.00874948501586914
  ],
  "numpy_cached": [
    0.0042879581451416016,
    0.004313230514526367,
    0.004434823989868164,
    0.0047206878662109375,
    0.0044176578521728516
  ],
  "numpy_broadcast": [
    0.0004284381866455078,
    0.0003936290740966797,
    0.0004315376281738281,
    0.00038695335388183594,
    0.0003898143768310547
  ],
  "numpy_double_broadcast": [
    0.0004982948303222656,
    0.0003883838653564453,
    0.000385284423828125,
    0.0003838539123535156,
    0.0003838539123535156
  ],
  "scipy": [
    6.532669067382812e-05,
    3.695487976074219e-05,
    3.337860107421875e-05,
    3.170967102050781e-05,
    3.123283386230469e-05
  ],
  "cython": [
    2.8371810913085938e-05,
    1.7404556274414062e-05,
    1.6450881958007812e-05,
    1.621246337890625e-05,
    1.5735626220703125e-05
  ],
  "cython_parallel": [
    3.24249267578125e-05,
    5.602836608886719e-05,
    3.528594970703125e-05,
    3.123283386230469e-05,
    3.075599670410156e-05
  ]
}