{
  "numpy_broadcast": [
    284.1040790081024,
    281.03582239151,
    281.70430040359497,
    281.9641191959381,
    281.93776679039
  ],
  "scipy": [
    87.53050804138184,
    87.8501648902893,
    87.90098762512207,
    87.66938090324402,
    87.40401792526245
  ],
  "cython": [
    55.522960901260376,
    55.504518270492554,
    55.489436864852905,
    55.39847540855408,
    55.16662240028381
  ],
  "numpy_broadcast_cached": [
    151.56590867042542,
    149.4729495048523,
    149.87255001068115,
    149.9125587940216,
    149.45775985717773
  ]
}