{
  "python_brute": [
    441.2161908149719,
    440.5746023654938,
    440.6956503391266,
    441.05358481407166,
    440.98227286338806
  ],
  "python_cached": [
    221.382470369339,
    225.4287087917328,
    221.61002469062805,
    224.5002110004425,
    222.79844760894775
  ],
  "numpy_brute": [
    132.53145742416382,
    130.7644054889679,
    131.18576550483704,
    131.49692559242249,
    132.00167417526245
  ],
  "numpy_cached": [
    72.38432788848877,
    71.39033579826355,
    71.3089234828949,
    71.94195318222046,
    71.51876378059387
  ],
  "numpy_broadcast": [
    10.5278000831604,
    7.374147415161133,
    10.544254302978516,
    7.424614906311035,
    7.408007860183716
  ],
  "scipy": [
    2.256321668624878,
    2.260328769683838,
    2.2944679260253906,
    2.28019118309021,
    2.2884485721588135
  ],
  "cython": [
    1.043696403503418,
    1.0579040050506592,
    1.0632429122924805,
    1.0550472736358643,
    1.0497076511383057
  ],
  "cython_parallel": [
    2.3213083744049072,
    2.3279058933258057,
    2.2943403720855713,
    2.270035982131958,
    2.3148086071014404
  ],
  "numpy_broadcast_cached": [
    3.730710983276367,
    3.438331127166748,
    3.419187545776367,
    3.3701956272125244,
    3.453927516937256
  ]
}