{
  "python_brute": [
    1.8556711673736572,
    1.865769624710083,
    1.8729243278503418,
    1.8507277965545654,
    1.8813531398773193
  ],
  "python_cached": [
    0.930333137512207,
    0.9533026218414307,
    0.9358363151550293,
    0.9307022094726562,
    0.9449779987335205
  ],
  "numpy_brute": [
    0.8822968006134033,
    0.8869259357452393,
    0.8821499347686768,
    0.8987534046173096,
    0.8987619876861572
  ],
  "numpy_cached": [
    0.47580409049987793,
    0.4775354862213135,
    0.49176669120788574,
    0.4734339714050293,
    0.47939348220825195
  ],
  "numpy_broadcast": [
    0.03320670127868652,
    0.03175830841064453,
    0.03184700012207031,
    0.03014349937438965,
    0.030189037322998047
  ],
  "scipy": [
    0.007622241973876953,
    0.008962154388427734,
    0.008263826370239258,
    0.007445096969604492,
    0.007471799850463867
  ],
  "cython": [
    0.005033254623413086,
    0.004208087921142578,
    0.004423856735229492,
    0.004176139831542969,
    0.004266500473022461
  ],
  "cython_parallel": [
    0.009683847427368164,
    0.009191751480102539,
    0.010242223739624023,
    0.010203361511230469,
    0.009370565414428711
  ],
  "numpy_broadcast_cached": [
    0.016332626342773438,
    0.016765356063842773,
    0.016911745071411133,
    0.016309738159179688,
    0.015265464782714844
  ]
}