{
  "python_brute": [
    0.28864240646362305,
    0.28528475761413574,
    0.276416540145874,
    0.29898929595947266,
    0.2774472236633301
  ],
  "python_cached": [
    0.14678168296813965,
    0.14500856399536133,
    0.14114141464233398,
    0.14594697952270508,
    0.14472341537475586
  ],
  "numpy_brute": [
    0.05038118362426758,
    0.048511505126953125,
    0.0495302677154541,
    0.049507856369018555,
    0.05146050453186035
  ],
  "numpy_cached": [
    0.030718326568603516,
    0.02644515037536621,
    0.028250694274902344,
    0.027536630630493164,
    0.02840447425842285
  ]
}