{
  "numpy_broadcast": [
    11.995433330535889,
    7.18529200553894,
    7.114080905914307,
    7.272148132324219,
    7.156289339065552
  ],
  "scipy": [
    1.253896713256836,
    1.189366340637207,
    1.1785430908203125,
    1.1936607360839844,
    1.1805524826049805
  ],
  "cython": [
    1.634795904159546,
    1.6550328731536865,
    1.660226821899414,
    1.6318182945251465,
    1.6410353183746338
  ],
  "numpy_broadcast_cached": [
    5.953806161880493,
    5.675614356994629,
    5.601681232452393,
    5.581275939941406,
    5.574039459228516
  ]
}