{
  "numpy_broadcast": [
    7.122271776199341,
    6.369674444198608,
    6.400793075561523,
    6.3642261028289795,
    6.349663257598877
  ],
  "numpy_double_broadcast": [
    6.358358383178711,
    6.41083025932312,
    6.341255187988281,
    6.356670618057251,
    6.411943435668945
  ],
  "scipy": [
    0.692147970199585,
    0.674431324005127,
    0.6726398468017578,
    0.6770918369293213,
    0.6542763710021973
  ],
  "cython": [
    1.3695878982543945,
    1.337583065032959,
    1.3414676189422607,
    1.3640763759613037,
    1.3746960163116455
  ]
}