{
  "numpy_broadcast": [
    101.45099782943726,
    99.19228506088257,
    99.60544991493225,
    98.89530825614929,
    99.1329174041748
  ],
  "numpy_double_broadcast": [
    98.19623851776123,
    98.38440537452698,
    98.5379958152771,
    98.2044723033905,
    98.38531231880188
  ],
  "scipy": [
    25.35881471633911,
    25.335262537002563,
    25.194271087646484,
    25.3493070602417,
    25.245229959487915
  ],
  "cython": [
    25.016830444335938,
    25.33955979347229,
    25.02122950553894,
    25.553813934326172,
    25.13564109802246
  ],
  "numpy_broadcast_cached": [
    59.670175075531006,
    58.53783130645752,
    58.56931662559509,
    58.88225293159485,
    58.63070106506348
  ]
}