{
  "python_brute": [
    0.34990620613098145,
    0.3448173999786377,
    0.3710346221923828,
    0.35286450386047363,
    0.34539008140563965
  ],
  "python_cached": [
    0.1835176944732666,
    0.17859292030334473,
    0.18288159370422363,
    0.17776226997375488,
    0.1778559684753418
  ],
  "numpy_brute": [
    0.44245100021362305,
    0.45034289360046387,
    0.44623255729675293,
    0.47154831886291504,
    0.4481809139251709
  ],
  "numpy_cached": [
    0.23681640625,
    0.23738646507263184,
    0.23572683334350586,
    0.23369050025939941,
    0.23797035217285156
  ],
  "numpy_broadcast": [
    0.008808374404907227,
    0.008653879165649414,
    0.008083581924438477,
    0.008135080337524414,
    0.008750677108764648
  ],
  "numpy_double_broadcast": [
    0.00820016860961914,
    0.008311748504638672,
    0.008272171020507812,
    0.008251190185546875,
    0.008336305618286133
  ],
  "scipy": [
    0.0012793540954589844,
    0.0011851787567138672,
    0.0010635852813720703,
    0.0011105537414550781,
    0.0009751319885253906
  ],
  "cython": [
    0.0007746219635009766,
    0.0008194446563720703,
    0.0009953975677490234,
    0.0008993148803710938,
    0.0008475780487060547
  ],
  "cython_parallel": [
    0.0018184185028076172,
    0.0017397403717041016,
    0.0016922950744628906,
    0.001744985580444336,
    0.002065896987915039
  ],
  "numpy_broadcast_cached": [
    0.005479574203491211,
    0.0049779415130615234,
    0.005185127258300781,
    0.0050547122955322266,
    0.00532221794128418
  ]
}