{
  "python_brute": [
    0.20653128623962402,
    0.19572830200195312,
    0.21932578086853027,
    0.19246387481689453,
    0.1878652572631836
  ],
  "python_cached": [
    0.09676694869995117,
    0.09735226631164551,
    0.09486842155456543,
    0.09493565559387207,
    0.09518194198608398
  ],
  "numpy_brute": [
    0.11489486694335938,
    0.12995362281799316,
    0.11708569526672363,
    0.11828207969665527,
    0.12264013290405273
  ],
  "numpy_cached": [
    0.06489944458007812,
    0.062148094177246094,
    0.06282234191894531,
    0.06731772422790527,
    0.06087899208068848
  ],
  "numpy_broadcast": [
    0.004163265228271484,
    0.0036039352416992188,
    0.003919839859008789,
    0.003942966461181641,
    0.004100799560546875
  ],
  "numpy_double_broadcast": [
    0.004385471343994141,
    0.004228353500366211,
    0.004178047180175781,
    0.004446983337402344,
    0.004680156707763672
  ],
  "scipy": [
    0.0009109973907470703,
    0.0008692741394042969,
    0.0009472370147705078,
    0.0008194446563720703,
    0.0008475780487060547
  ],
  "cython": [
    0.0004458427429199219,
    0.0005745887756347656,
    0.0005247592926025391,
    0.0004611015319824219,
    0.00045013427734375
  ],
  "cython_parallel": [
    0.0012295246124267578,
    0.0009737014770507812,
    0.0009055137634277344,
    0.0009632110595703125,
    0.000919342041015625
  ]
}