{
  "python_brute": [
    0.03905224800109863,
    0.03688359260559082,
    0.038391828536987305,
    0.038008928298950195,
    0.03919625282287598
  ],
  "python_cached": [
    0.020398855209350586,
    0.019879817962646484,
    0.01970219612121582,
    0.019474506378173828,
    0.02053666114807129
  ],
  "numpy_brute": [
    0.08033871650695801,
    0.053769826889038086,
    0.054047346115112305,
    0.06715750694274902,
    0.06017780303955078
  ],
  "numpy_cached": [
    0.02918839454650879,
    0.030040264129638672,
    0.02935028076171875,
    0.028407812118530273,
    0.028365373611450195
  ],
  "numpy_broadcast": [
    0.0015149116516113281,
    0.0014216899871826172,
    0.0015599727630615234,
    0.0015416145324707031,
    0.0017611980438232422
  ],
  "scipy": [
    0.00016188621520996094,
    0.00013136863708496094,
    0.0001266002655029297,
    0.0001251697540283203,
    0.0001251697540283203
  ],
  "cython": [
    0.00010752677917480469,
    0.0001163482666015625,
    8.893013000488281e-05,
    0.00012159347534179688,
    9.584426879882812e-05
  ],
  "cython_parallel": [
    0.0002219676971435547,
    0.00018715858459472656,
    0.00018644332885742188,
    0.00018644332885742188,
    0.00022649765014648438
  ],
  "numpy_broadcast_cached": [
    0.0013496875762939453,
    0.0011363029479980469,
    0.0011298656463623047,
    0.0010454654693603516,
    0.0010333061218261719
  ]
}