{
  "python_brute": [
    4.064966678619385,
    3.9880568981170654,
    3.961434841156006,
    3.9352822303771973,
    3.9661309719085693
  ],
  "python_cached": [
    2.057744264602661,
    2.0082883834838867,
    2.08073091506958,
    2.0397675037384033,
    2.0213913917541504
  ],
  "numpy_brute": [
    5.319617986679077,
    5.304692506790161,
    5.347779035568237,
    5.305913925170898,
    5.365527153015137
  ],
  "numpy_cached": [
    2.773946762084961,
    2.8230650424957275,
    2.813210964202881,
    2.7923874855041504,
    2.7544503211975098
  ],
  "numpy_broadcast": [
    0.06895160675048828,
    0.06744217872619629,
    0.0669395923614502,
    0.06792521476745605,
    0.06766200065612793
  ],
  "scipy": [
    0.012746572494506836,
    0.011260032653808594,
    0.011719703674316406,
    0.011617660522460938,
    0.011781930923461914
  ],
  "cython": [
    0.009241580963134766,
    0.009320259094238281,
    0.009365320205688477,
    0.009115219116210938,
    0.009356260299682617
  ],
  "cython_parallel": [
    0.019055843353271484,
    0.019681453704833984,
    0.019694089889526367,
    0.021254539489746094,
    0.019306421279907227
  ],
  "numpy_broadcast_cached": [
    0.040140390396118164,
    0.03998160362243652,
    0.03981423377990723,
    0.03923988342285156,
    0.03986048698425293
  ]
}