{
  "numpy_broadcast": [
    25.372397422790527,
    23.997222185134888,
    24.097566604614258,
    24.00882124900818,
    24.10084867477417
  ],
  "scipy": [
    4.110859632492065,
    4.165984869003296,
    4.1396074295043945,
    3.9969654083251953,
    4.071833372116089
  ],
  "cython": [
    5.375457286834717,
    5.422662258148193,
    5.443626403808594,
    5.309967279434204,
    5.330480098724365
  ],
  "numpy_broadcast_cached": [
    17.7687828540802,
    17.271353483200073,
    16.951765298843384,
    16.91447949409485,
    17.020196437835693
  ]
}