{
  "numpy_broadcast": [
    33.834264516830444,
    32.698567390441895,
    32.81153726577759,
    32.66474413871765,
    32.85598564147949
  ],
  "numpy_double_broadcast": [
    32.54431509971619,
    32.74382495880127,
    32.729777812957764,
    32.814048051834106,
    32.58819317817688
  ],
  "scipy": [
    8.247180461883545,
    8.27950644493103,
    8.09981894493103,
    8.205542802810669,
    8.18397831916809
  ],
  "cython": [
    5.961458206176758,
    5.9680256843566895,
    6.209863901138306,
    6.0422279834747314,
    5.986285924911499
  ],
  "numpy_broadcast_cached": [
    18.324997425079346,
    17.992971420288086,
    18.148667812347412,
    17.987499713897705,
    17.89327359199524
  ]
}