{
  "python_brute": [
    1.686314582824707,
    1.6765811443328857,
    1.6824862957000732,
    1.7215654850006104,
    1.6749904155731201
  ],
  "python_cached": [
    0.8799934387207031,
    0.905322790145874,
    0.8989424705505371,
    0.8723385334014893,
    0.8756942749023438
  ],
  "numpy_brute": [
    5.288329601287842,
    5.2447309494018555,
    5.210931777954102,
    5.229937791824341,
    5.1569366455078125
  ],
  "numpy_cached": [
    2.6563103199005127,
    2.6951982975006104,
    2.7282116413116455,
    2.711591958999634,
    2.7488675117492676
  ],
  "numpy_broadcast": [
    0.045166015625,
    0.04204535484313965,
    0.04117751121520996,
    0.04131579399108887,
    0.041735172271728516
  ],
  "scipy": [
    0.0056879520416259766,
    0.0056459903717041016,
    0.005777120590209961,
    0.00604248046875,
    0.005660057067871094
  ],
  "cython": [
    0.006677150726318359,
    0.007277727127075195,
    0.0064547061920166016,
    0.006825685501098633,
    0.006601572036743164
  ],
  "cython_parallel": [
    0.012502670288085938,
    0.012418270111083984,
    0.01312255859375,
    0.01273345947265625,
    0.013028383255004883
  ],
  "numpy_broadcast_cached": [
    0.029516220092773438,
    0.02715611457824707,
    0.027141809463500977,
    0.026688575744628906,
    0.02724480628967285
  ]
}