{
  "python_brute": [
    0.764768123626709,
    0.7830030918121338,
    0.7848963737487793,
    0.761082649230957,
    0.7744014263153076
  ],
  "python_cached": [
    0.3928706645965576,
    0.38737058639526367,
    0.38465046882629395,
    0.4023783206939697,
    0.3909270763397217
  ],
  "numpy_brute": [
    0.4601626396179199,
    0.48685741424560547,
    0.5148739814758301,
    0.5006136894226074,
    0.49291324615478516
  ],
  "numpy_cached": [
    0.27565789222717285,
    0.24860191345214844,
    0.2633981704711914,
    0.2575654983520508,
    0.25217342376708984
  ],
  "numpy_broadcast": [
    0.013094902038574219,
    0.01345968246459961,
    0.012478828430175781,
    0.012648344039916992,
    0.012610673904418945
  ],
  "scipy": [
    0.0027964115142822266,
    0.002734661102294922,
    0.002688884735107422,
    0.0025408267974853516,
    0.0028040409088134766
  ],
  "cython": [
    0.0017404556274414062,
    0.0016896724700927734,
    0.0017828941345214844,
    0.0016765594482421875,
    0.0017244815826416016
  ],
  "cython_parallel": [
    0.0035181045532226562,
    0.003709554672241211,
    0.003774881362915039,
    0.0035905838012695312,
    0.0038063526153564453
  ],
  "numpy_broadcast_cached": [
    0.008072853088378906,
    0.0073201656341552734,
    0.007628202438354492,
    0.009517431259155273,
    0.008333921432495117
  ],
  "numpy_double_broadcast": [
    0.01615762710571289,
    0.016188859939575195,
    0.014860868453979492,
    0.01558065414428711,
    0.016087770462036133
  ]
}