{
  "python_brute": [
    6.920296907424927,
    6.90067195892334,
    6.812170743942261,
    6.857245445251465,
    6.805041313171387
  ],
  "python_cached": [
    3.5590126514434814,
    3.6316583156585693,
    3.608098268508911,
    3.616698741912842,
    3.6279585361480713
  ],
  "numpy_brute": [
    21.37930989265442,
    21.468388557434082,
    21.56869339942932,
    21.340610027313232,
    21.420445442199707
  ],
  "numpy_cached": [
    11.123126745223999,
    11.054081201553345,
    11.03654432296753,
    11.0736825466156,
    10.985150337219238
  ],
  "numpy_broadcast": [
    0.16306638717651367,
    0.1529386043548584,
    0.14914870262145996,
    0.14853262901306152,
    0.14889144897460938
  ],
  "scipy": [
    0.02081298828125,
    0.0205228328704834,
    0.02062225341796875,
    0.021082162857055664,
    0.02164626121520996
  ],
  "cython": [
    0.024986743927001953,
    0.025104284286499023,
    0.0252685546875,
    0.026777029037475586,
    0.025676727294921875
  ],
  "cython_parallel": [
    0.04968881607055664,
    0.05027437210083008,
    0.04884529113769531,
    0.04976034164428711,
    0.04966855049133301
  ],
  "numpy_broadcast_cached": [
    0.10539388656616211,
    0.09910249710083008,
    0.0969080924987793,
    0.09923124313354492,
    0.0973215103149414
  ]
}