{
  "numpy_broadcast": [
    20.04631996154785,
    18.908576011657715,
    18.961060523986816,
    19.05393075942993,
    18.946845293045044
  ],
  "numpy_double_broadcast": [
    18.71680498123169,
    18.804810047149658,
    18.827088594436646,
    18.777838945388794,
    18.91660237312317
  ],
  "scipy": [
    3.1462154388427734,
    3.183436155319214,
    3.18403959274292,
    3.201530694961548,
    3.291748523712158
  ],
  "cython": [
    4.145757436752319,
    4.153337717056274,
    4.1812732219696045,
    4.205187797546387,
    4.367265224456787
  ]
}