{
  "python_brute": [
    8.394211769104004,
    8.457570314407349,
    8.424801111221313,
    8.402557849884033,
    8.500426530838013
  ],
  "python_cached": [
    4.264858722686768,
    4.343511581420898,
    4.329599380493164,
    4.3528265953063965,
    4.237959384918213
  ],
  "numpy_brute": [
    5.156558990478516,
    5.0938146114349365,
    5.089973449707031,
    5.061215400695801,
    5.144692420959473
  ],
  "numpy_cached": [
    2.7451000213623047,
    2.715400218963623,
    2.771259069442749,
    2.7130305767059326,
    2.7517929077148438
  ],
  "numpy_broadcast": [
    0.17632794380187988,
    0.12499070167541504,
    0.12290787696838379,
    0.12561869621276855,
    0.12229514122009277
  ],
  "scipy": [
    0.03245735168457031,
    0.032768964767456055,
    0.03303170204162598,
    0.032590389251708984,
    0.03184795379638672
  ],
  "cython": [
    0.01897144317626953,
    0.022365331649780273,
    0.02009892463684082,
    0.019757986068725586,
    0.018180370330810547
  ],
  "cython_parallel": [
    0.04352307319641113,
    0.04121518135070801,
    0.04065561294555664,
    0.04202079772949219,
    0.041304826736450195
  ],
  "numpy_broadcast_cached": [
    0.08824396133422852,
    0.0691981315612793,
    0.07004475593566895,
    0.07058572769165039,
    0.06596493721008301
  ],
  "numpy_double_broadcast": [
    0.16762638092041016,
    0.16520023345947266,
    0.16003942489624023,
    0.1623997688293457,
    0.16436338424682617
  ]
}