{
  "numpy_brute": [
    0.0883946418762207,
    0.08854007720947266,
    0.08985781669616699,
    0.08662533760070801,
    0.08887958526611328
  ],
  "numpy_cached": [
    0.06131124496459961,
    0.06185793876647949,
    0.06060361862182617,
    0.06256580352783203,
    0.0609896183013916
  ]
}