{
  "numpy_broadcast": [
    9.293975591659546,
    8.298927545547485,
    8.316227197647095,
    8.272712230682373,
    8.218088626861572
  ],
  "numpy_double_broadcast": [
    8.241870880126953,
    8.277456045150757,
    8.24741792678833,
    8.30666971206665,
    8.280025243759155
  ],
  "scipy": [
    1.0169625282287598,
    1.0210490226745605,
    1.0123958587646484,
    1.0319538116455078,
    1.0088648796081543
  ],
  "cython": [
    2.031952381134033,
    1.9984686374664307,
    2.0205724239349365,
    2.0825281143188477,
    2.0693650245666504
  ],
  "numpy_broadcast_cached": [
    8.77193021774292,
    8.323996782302856,
    8.255708694458008,
    8.354066848754883,
    8.25881314277649
  ]
}