{
  "numpy_brute": [
    6.052530288696289,
    6.210485219955444,
    6.0301313400268555,
    6.072252988815308,
    6.142890214920044
  ],
  "numpy_cached": [
    3.6083412170410156,
    3.6839118003845215,
    3.634772539138794,
    3.626763343811035,
    3.625383138656616
  ]
}