{
  "numpy_broadcast": [
    17.293980836868286,
    15.610595703125,
    15.530242681503296,
    15.509061098098755,
    15.621038436889648
  ],
  "scipy": [
    1.9767215251922607,
    1.928344488143921,
    1.9441492557525635,
    1.923734426498413,
    1.9346668720245361
  ],
  "cython": [
    4.579886198043823,
    4.494791746139526,
    4.58119010925293,
    4.443976879119873,
    4.494034767150879
  ],
  "numpy_broadcast_cached": [
    18.061598300933838,
    17.37262725830078,
    17.34700059890747,
    17.114608764648438,
    17.29791831970215
  ]
}