{
  "numpy_broadcast": [
    35.15237474441528,
    33.77519202232361,
    33.89877009391785,
    33.83269548416138,
    33.728206157684326
  ],
  "scipy": [
    6.96254301071167,
    7.116222381591797,
    7.321002960205078,
    7.14473557472229,
    7.19311785697937
  ],
  "cython": [
    8.059001684188843,
    7.870545387268066,
    7.775748252868652,
    7.977677822113037,
    7.739238023757935
  ],
  "numpy_broadcast_cached": [
    21.991501331329346,
    21.013819456100464,
    20.999678134918213,
    21.19235849380493,
    21.11130976676941
  ]
}