{
  "python_brute": [
    0.7106542587280273,
    0.6884479522705078,
    0.6893484592437744,
    0.7043132781982422,
    0.6896071434020996
  ],
  "python_cached": [
    0.3599262237548828,
    0.35086965560913086,
    0.3502817153930664,
    0.3548269271850586,
    0.35190320014953613
  ],
  "numpy_brute": [
    0.2200155258178711,
    0.21524453163146973,
    0.20168232917785645,
    0.20422577857971191,
    0.20203089714050293
  ],
  "numpy_cached": [
    0.11536455154418945,
    0.10965585708618164,
    0.11234354972839355,
    0.1151583194732666,
    0.11096358299255371
  ],
  "numpy_broadcast": [
    0.011179447174072266,
    0.010540246963500977,
    0.011256694793701172,
    0.010538339614868164,
    0.010989189147949219
  ],
  "scipy": [
    0.0029904842376708984,
    0.002867460250854492,
    0.002735137939453125,
    0.0027685165405273438,
    0.002942800521850586
  ],
  "cython": [
    0.0015530586242675781,
    0.0016827583312988281,
    0.0014142990112304688,
    0.001493215560913086,
    0.0014765262603759766
  ],
  "cython_parallel": [
    0.0031900405883789062,
    0.0031952857971191406,
    0.0032074451446533203,
    0.003513813018798828,
    0.0033948421478271484
  ],
  "numpy_broadcast_cached": [
    0.006459236145019531,
    0.006403684616088867,
    0.00672149658203125,
    0.006352901458740234,
    0.0061833858489990234
  ]
}