{
  "python_brute": [
    0.000118255615234375,
    0.00014638900756835938,
    6.890296936035156e-05,
    6.890296936035156e-05,
    0.00011968612670898438
  ],
  "python_cached": [
    6.008148193359375e-05,
    4.482269287109375e-05,
    4.458427429199219e-05,
    4.4345855712890625e-05,
    4.4345855712890625e-05
  ],
  "numpy_brute": [
    0.0005047321319580078,
    0.0005559921264648438,
    0.00045609474182128906,
    0.0004889965057373047,
    0.00045490264892578125
  ],
  "numpy_cached": [
    0.00027561187744140625,
    0.00032806396484375,
    0.0002608299255371094,
    0.00026035308837890625,
    0.0003287792205810547
  ],
  "numpy_broadcast": [
    0.00011038780212402344,
    8.130073547363281e-05,
    7.605552673339844e-05,
    7.510185241699219e-05,
    7.486343383789062e-05
  ],
  "scipy": [
    7.843971252441406e-05,
    1.9788742065429688e-05,
    1.8596649169921875e-05,
    3.886222839355469e-05,
    3.647804260253906e-05
  ],
  "cython": [
    3.075599670410156e-05,
    4.76837158203125e-06,
    2.384185791015625e-06,
    2.1457672119140625e-06,
    2.1457672119140625e-06
  ],
  "cython_parallel": [
    3.5762786865234375e-06,
    2.6226043701171875e-06,
    2.1457672119140625e-06,
    2.384185791015625e-06,
    2.1457672119140625e-06
  ],
  "numpy_broadcast_cached": [
    0.0006430149078369141,
    9.012222290039062e-05,
    8.296966552734375e-05,
    8.96453857421875e-05,
    8.177757263183594e-05
  ],
  "numpy_double_broadcast": [
    5.412101745605469e-05,
    1.5497207641601562e-05,
    1.1205673217773438e-05,
    9.775161743164062e-06,
    9.5367431640625e-06
  ]
}