{
  "numpy_brute": [
    0.07054615020751953,
    0.07452607154846191,
    0.06960535049438477,
    0.06506776809692383,
    0.06772351264953613
  ],
  "numpy_cached": [
    0.04305410385131836,
    0.039986371994018555,
    0.041825056076049805,
    0.043562889099121094,
    0.04233121871948242
  ]
}