{
  "python_brute": [
    0.0006613731384277344,
    0.0005807876586914062,
    0.0005850791931152344,
    0.0007383823394775391,
    0.0006511211395263672
  ],
  "python_cached": [
    0.0003330707550048828,
    0.00040435791015625,
    0.0003306865692138672,
    0.0003294944763183594,
    0.0003993511199951172
  ],
  "numpy_brute": [
    0.0006082057952880859,
    0.0005586147308349609,
    0.0005843639373779297,
    0.00047135353088378906,
    0.0006046295166015625
  ],
  "numpy_cached": [
    0.0002942085266113281,
    0.0002789497375488281,
    0.00027751922607421875,
    0.0002779960632324219,
    0.0003407001495361328
  ],
  "numpy_broadcast": [
    0.0001232624053955078,
    9.107589721679688e-05,
    8.678436279296875e-05,
    8.559226989746094e-05,
    8.463859558105469e-05
  ],
  "numpy_double_broadcast": [
    8.654594421386719e-05,
    0.00012636184692382812,
    8.511543273925781e-05,
    8.463859558105469e-05,
    8.487701416015625e-05
  ],
  "scipy": [
    4.2438507080078125e-05,
    1.9550323486328125e-05,
    1.6450881958007812e-05,
    1.52587890625e-05,
    1.5020370483398438e-05
  ],
  "cython": [
    1.621246337890625e-05,
    4.5299530029296875e-06,
    3.5762786865234375e-06,
    3.0994415283203125e-06,
    3.0994415283203125e-06
  ],
  "cython_parallel": [
    6.4373016357421875e-06,
    4.76837158203125e-06,
    4.291534423828125e-06,
    4.5299530029296875e-06,
    4.5299530029296875e-06
  ]
}