{
  "python_brute": [
    0.004468679428100586,
    0.004862070083618164,
    0.004744052886962891,
    0.004486560821533203,
    0.004369258880615234
  ],
  "python_cached": [
    0.0023775100708007812,
    0.0022606849670410156,
    0.002448558807373047,
    0.0021822452545166016,
    0.0026934146881103516
  ],
  "numpy_brute": [
    0.0019822120666503906,
    0.0019307136535644531,
    0.0019690990447998047,
    0.002067089080810547,
    0.001972198486328125
  ],
  "numpy_cached": [
    0.0013782978057861328,
    0.0010657310485839844,
    0.001089334487915039,
    0.0011954307556152344,
    0.0010890960693359375
  ],
  "numpy_broadcast": [
    0.0002994537353515625,
    0.00021648406982421875,
    0.00021266937255859375,
    0.00021147727966308594,
    0.0002105236053466797
  ],
  "numpy_double_broadcast": [
    0.0002117156982421875,
    0.00021004676818847656,
    0.00020933151245117188,
    0.00020956993103027344,
    0.00020885467529296875
  ],
  "scipy": [
    6.556510925292969e-05,
    3.647804260253906e-05,
    3.1948089599609375e-05,
    3.075599670410156e-05,
    3.0517578125e-05
  ],
  "cython": [
    2.6226043701171875e-05,
    1.33514404296875e-05,
    1.2159347534179688e-05,
    1.1920928955078125e-05,
    1.1682510375976562e-05
  ],
  "cython_parallel": [
    2.3603439331054688e-05,
    2.2649765014648438e-05,
    2.193450927734375e-05,
    2.2172927856445312e-05,
    2.193450927734375e-05
  ]
}