{
  "numpy_broadcast": [
    11.577797412872314,
    10.50560998916626,
    10.374559879302979,
    10.349637746810913,
    10.433426856994629
  ],
  "scipy": [
    1.265953540802002,
    1.288907527923584,
    1.299659013748169,
    1.3161780834197998,
    1.3081903457641602
  ],
  "cython": [
    2.6506245136260986,
    2.6378190517425537,
    2.6451516151428223,
    2.628509283065796,
    2.774277448654175
  ],
  "numpy_broadcast_cached": [
    11.242647886276245,
    10.720491647720337,
    10.589982986450195,
    10.782915115356445,
    10.700685262680054
  ]
}