{
  "python_brute": [
    7.664100646972656,
    7.627822160720825,
    7.713422775268555,
    7.670622110366821,
    7.596742153167725
  ],
  "python_cached": [
    3.8802740573883057,
    3.921765089035034,
    3.8372631072998047,
    3.8407251834869385,
    3.887606382369995
  ],
  "numpy_brute": [
    3.4567086696624756,
    3.392902374267578,
    3.4295833110809326,
    3.379349708557129,
    3.381091356277466
  ],
  "numpy_cached": [
    1.8385930061340332,
    1.8388762474060059,
    1.8879265785217285,
    1.8547279834747314,
    1.8493983745574951
  ],
  "numpy_broadcast": [
    0.12366819381713867,
    0.11487412452697754,
    0.10928821563720703,
    0.1124114990234375,
    0.11232614517211914
  ],
  "numpy_double_broadcast": [
    0.11117076873779297,
    0.1126246452331543,
    0.11284375190734863,
    0.1147608757019043,
    0.11515641212463379
  ],
  "scipy": [
    0.030745267868041992,
    0.030169963836669922,
    0.032370805740356445,
    0.030085086822509766,
    0.029679536819458008
  ],
  "cython": [
    0.01750969886779785,
    0.01740407943725586,
    0.01634526252746582,
    0.016493797302246094,
    0.01602768898010254
  ],
  "cython_parallel": [
    0.03743267059326172,
    0.03773331642150879,
    0.03644561767578125,
    0.03882646560668945,
    0.036016225814819336
  ],
  "numpy_broadcast_cached": [
    0.07968664169311523,
    0.05623030662536621,
    0.058205366134643555,
    0.05649828910827637,
    0.05895662307739258
  ]
}