{
  "python_brute": [
    0.993262529373169,
    1.0324647426605225,
    1.0042905807495117,
    0.9982538223266602,
    0.9711861610412598
  ],
  "python_cached": [
    0.5242164134979248,
    0.5450842380523682,
    0.5247437953948975,
    0.5192828178405762,
    0.5502035617828369
  ],
  "numpy_brute": [
    5.060847997665405,
    5.014787673950195,
    5.020465850830078,
    5.050824403762817,
    5.015381574630737
  ],
  "numpy_cached": [
    2.6205708980560303,
    2.574617862701416,
    2.5861148834228516,
    2.5967109203338623,
    2.6505937576293945
  ],
  "numpy_broadcast": [
    0.03451395034790039,
    0.03339672088623047,
    0.03227877616882324,
    0.033102989196777344,
    0.03346538543701172
  ],
  "numpy_double_broadcast": [
    0.03214526176452637,
    0.03500175476074219,
    0.0327303409576416,
    0.031731605529785156,
    0.03549766540527344
  ],
  "scipy": [
    0.004844188690185547,
    0.0040130615234375,
    0.003837108612060547,
    0.004164218902587891,
    0.0037043094635009766
  ],
  "cython": [
    0.003438711166381836,
    0.0032901763916015625,
    0.003195524215698242,
    0.003204345703125,
    0.003398418426513672
  ],
  "cython_parallel": [
    0.0054242610931396484,
    0.005421638488769531,
    0.0055043697357177734,
    0.005676746368408203,
    0.005704164505004883
  ],
  "numpy_broadcast_cached": [
    0.02642655372619629,
    0.030671358108520508,
    0.027146339416503906,
    0.026743650436401367,
    0.029771089553833008
  ]
}