{
  "numpy_brute": [
    1.628366231918335,
    1.6324121952056885,
    1.611222743988037,
    1.6205625534057617,
    1.5951268672943115
  ],
  "numpy_cached": [
    0.9983820915222168,
    0.9754049777984619,
    0.995774507522583,
    1.035855770111084,
    1.00382399559021
  ]
}