{
  "numpy_broadcast": [
    26.157294750213623,
    24.22145938873291,
    24.285460948944092,
    24.29609704017639,
    24.263195991516113
  ],
  "numpy_double_broadcast": [
    24.211289882659912,
    24.345247268676758,
    24.248112678527832,
    24.28410506248474,
    24.16502046585083
  ],
  "scipy": [
    4.105136394500732,
    4.0639214515686035,
    4.043576002120972,
    4.072773218154907,
    4.039137125015259
  ],
  "cython": [
    7.947650671005249,
    7.718529939651489,
    7.61726713180542,
    8.03113865852356,
    7.7114174365997314
  ],
  "numpy_broadcast_cached": [
    22.015917539596558,
    20.98881196975708,
    21.10237741470337,
    21.23841881752014,
    21.079039812088013
  ]
}