{
  "python_brute": [
    0.11653470993041992,
    0.1195371150970459,
    0.11619949340820312,
    0.11504554748535156,
    0.12333869934082031
  ],
  "python_cached": [
    0.061798810958862305,
    0.05862259864807129,
    0.058652400970458984,
    0.057891130447387695,
    0.05870246887207031
  ],
  "numpy_brute": [
    0.06074976921081543,
    0.056809425354003906,
    0.05463767051696777,
    0.053995609283447266,
    0.05421710014343262
  ],
  "numpy_cached": [
    0.03027057647705078,
    0.029566049575805664,
    0.030727148056030273,
    0.03019404411315918,
    0.028267860412597656
  ],
  "numpy_broadcast": [
    0.0026154518127441406,
    0.002323627471923828,
    0.0027914047241210938,
    0.003053426742553711,
    0.0028505325317382812
  ],
  "scipy": [
    0.00066375732421875,
    0.0005509853363037109,
    0.0004601478576660156,
    0.0005114078521728516,
    0.0004336833953857422
  ],
  "cython": [
    0.0002543926239013672,
    0.0002377033233642578,
    0.00023651123046875,
    0.00023603439331054688,
    0.0002701282501220703
  ],
  "cython_parallel": [
    0.0007131099700927734,
    0.0006971359252929688,
    0.0005409717559814453,
    0.0006113052368164062,
    0.0005104541778564453
  ],
  "numpy_broadcast_cached": [
    0.001968860626220703,
    0.0016598701477050781,
    0.001687765121459961,
    0.001821756362915039,
    0.0016155242919921875
  ]
}