{
  "python_brute": [
    0.004486083984375,
    0.005010843276977539,
    0.004849433898925781,
    0.004536628723144531,
    0.004708528518676758
  ],
  "python_cached": [
    0.002637147903442383,
    0.0022783279418945312,
    0.002276897430419922,
    0.002384662628173828,
    0.002470254898071289
  ],
  "numpy_brute": [
    0.031838417053222656,
    0.034143686294555664,
    0.03203415870666504,
    0.032984018325805664,
    0.03325343132019043
  ],
  "numpy_cached": [
    0.016977787017822266,
    0.01773691177368164,
    0.018202781677246094,
    0.017049312591552734,
    0.016985654830932617
  ],
  "numpy_broadcast": [
    0.0007500648498535156,
    0.0007326602935791016,
    0.0008289813995361328,
    0.0007395744323730469,
    0.0006754398345947266
  ],
  "scipy": [
    6.29425048828125e-05,
    6.866455078125e-05,
    5.7220458984375e-05,
    2.7179718017578125e-05,
    2.6226043701171875e-05
  ],
  "cython": [
    3.266334533691406e-05,
    1.71661376953125e-05,
    1.5974044799804688e-05,
    1.5735626220703125e-05,
    1.5497207641601562e-05
  ],
  "cython_parallel": [
    2.3126602172851562e-05,
    2.193450927734375e-05,
    2.1457672119140625e-05,
    2.1457672119140625e-05,
    3.9577484130859375e-05
  ],
  "numpy_broadcast_cached": [
    0.0007772445678710938,
    0.0006070137023925781,
    0.0008356571197509766,
    0.0008609294891357422,
    0.0006189346313476562
  ]
}