{
  "numpy_brute": [
    0.06715130805969238,
    0.06723976135253906,
    0.06739687919616699,
    0.06757259368896484,
    0.06830430030822754
  ],
  "numpy_cached": [
    0.042787790298461914,
    0.040959835052490234,
    0.04108452796936035,
    0.040483951568603516,
    0.03957939147949219
  ]
}