{
  "numpy_brute": [
    2.7725024223327637,
    2.7940311431884766,
    2.780062675476074,
    2.8105719089508057,
    2.780967950820923
  ],
  "numpy_cached": [
    1.7471179962158203,
    1.7230591773986816,
    1.7084546089172363,
    1.6873574256896973,
    1.7020459175109863
  ]
}