{
  "numpy_broadcast": [
    86.93834853172302,
    83.23600792884827,
    83.20777416229248,
    83.12068319320679,
    82.93526339530945
  ],
  "scipy": [
    16.26784372329712,
    16.165494680404663,
    16.325661659240723,
    16.221458911895752,
    16.253942489624023
  ],
  "cython": [
    20.814603805541992,
    20.305512189865112,
    19.963683605194092,
    20.319156169891357,
    20.467841625213623
  ],
  "numpy_broadcast_cached": [
    66.59340071678162,
    64.8001401424408,
    65.15930032730103,
    65.11011576652527,
    65.17742800712585
  ]
}