{
  "numpy_broadcast": [
    20.4039785861969,
    18.505767583847046,
    18.416975021362305,
    18.395274877548218,
    18.475890636444092
  ],
  "numpy_double_broadcast": [
    18.42555832862854,
    18.425583362579346,
    18.457520008087158,
    18.491052865982056,
    18.404616355895996
  ],
  "scipy": [
    2.3127191066741943,
    2.290306806564331,
    2.310689687728882,
    2.2927181720733643,
    2.3476479053497314
  ],
  "cython": [
    5.426027059555054,
    5.73244047164917,
    5.588401794433594,
    5.486273765563965,
    5.398056268692017
  ],
  "numpy_broadcast_cached": [
    21.72214961051941,
    20.552520275115967,
    20.718337297439575,
    20.88295555114746,
    20.515151500701904
  ]
}