{
  "python_brute": [
    0.24622821807861328,
    0.26226282119750977,
    0.24838924407958984,
    0.260145902633667,
    0.2453460693359375
  ],
  "python_cached": [
    0.12605929374694824,
    0.12728190422058105,
    0.12453794479370117,
    0.12224388122558594,
    0.1240541934967041
  ],
  "numpy_brute": [
    0.21965742111206055,
    0.2137291431427002,
    0.21444082260131836,
    0.21517252922058105,
    0.21470332145690918
  ],
  "numpy_cached": [
    0.1175997257232666,
    0.14670562744140625,
    0.11807465553283691,
    0.11832189559936523,
    0.11267209053039551
  ],
  "numpy_broadcast": [
    0.005707502365112305,
    0.005713462829589844,
    0.005251169204711914,
    0.005438566207885742,
    0.0058135986328125
  ],
  "numpy_double_broadcast": [
    0.005654335021972656,
    0.00589442253112793,
    0.005769252777099609,
    0.005582332611083984,
    0.00616765022277832
  ],
  "scipy": [
    0.0009686946868896484,
    0.0007898807525634766,
    0.0007526874542236328,
    0.000789642333984375,
    0.0008399486541748047
  ],
  "cython": [
    0.0005230903625488281,
    0.0005102157592773438,
    0.0005087852478027344,
    0.0005087852478027344,
    0.0005726814270019531
  ],
  "cython_parallel": [
    0.0011200904846191406,
    0.0011165142059326172,
    0.0013434886932373047,
    0.001196146011352539,
    0.0011458396911621094
  ]
}