{
  "numpy_broadcast": [
    6.065563678741455,
    5.607297897338867,
    5.527940511703491,
    5.531955003738403,
    5.510806322097778
  ],
  "scipy": [
    0.8150002956390381,
    0.8360936641693115,
    0.8233520984649658,
    0.8239264488220215,
    0.8079562187194824
  ],
  "cython": [
    1.0193252563476562,
    0.9846696853637695,
    1.0357842445373535,
    1.0103445053100586,
    1.0167856216430664
  ],
  "numpy_broadcast_cached": [
    5.149240016937256,
    4.811966896057129,
    4.865368366241455,
    4.855499505996704,
    4.774990558624268
  ],
  "numpy_double_broadcast": [
    6.678932428359985,
    6.6958231925964355,
    6.747867822647095,
    6.754487752914429,
    6.684953689575195
  ]
}