{
  "python_brute": [
    0.6085987091064453,
    0.5890834331512451,
    0.6069886684417725,
    0.6060936450958252,
    0.5936660766601562
  ],
  "python_cached": [
    0.31003665924072266,
    0.3096306324005127,
    0.3254117965698242,
    0.30742883682250977,
    0.3281099796295166
  ],
  "numpy_brute": [
    1.9669833183288574,
    1.9823999404907227,
    1.955747127532959,
    1.938175916671753,
    1.95137619972229
  ],
  "numpy_cached": [
    0.9917933940887451,
    0.9889113903045654,
    0.9770333766937256,
    0.9710252285003662,
    0.9843499660491943
  ],
  "numpy_broadcast": [
    0.01869368553161621,
    0.021539688110351562,
    0.017349720001220703,
    0.01737213134765625,
    0.016414165496826172
  ],
  "scipy": [
    0.0019576549530029297,
    0.0018312931060791016,
    0.0019154548645019531,
    0.0017879009246826172,
    0.001848459243774414
  ],
  "cython": [
    0.0021774768829345703,
    0.0027365684509277344,
    0.0023720264434814453,
    0.0021522045135498047,
    0.00234222412109375
  ],
  "cython_parallel": [
    0.004200935363769531,
    0.004193305969238281,
    0.004240274429321289,
    0.004336833953857422,
    0.004709959030151367
  ],
  "numpy_broadcast_cached": [
    0.012410879135131836,
    0.01155233383178711,
    0.012209415435791016,
    0.012523412704467773,
    0.011822700500488281
  ],
  "numpy_double_broadcast": [
    0.015377283096313477,
    0.01646256446838379,
    0.015062093734741211,
    0.01576542854309082,
    0.01610851287841797
  ]
}