{
  "python_brute": [
    5.5262579917907715,
    5.522924900054932,
    5.471100568771362,
    5.5426647663116455,
    5.515860557556152
  ],
  "python_cached": [
    2.778449773788452,
    2.7630410194396973,
    2.7606420516967773,
    2.840660810470581,
    2.8348610401153564
  ],
  "numpy_brute": [
    3.4031829833984375,
    3.383056879043579,
    3.373868465423584,
    3.386504888534546,
    3.3789222240448
  ],
  "numpy_cached": [
    1.850191593170166,
    1.861997127532959,
    1.8319933414459229,
    1.8436329364776611,
    1.8447506427764893
  ],
  "numpy_broadcast": [
    0.0847325325012207,
    0.08156347274780273,
    0.08089709281921387,
    0.08787131309509277,
    0.08211636543273926
  ],
  "numpy_double_broadcast": [
    0.08206915855407715,
    0.08664369583129883,
    0.0824441909790039,
    0.08188056945800781,
    0.07978582382202148
  ],
  "scipy": [
    0.021137475967407227,
    0.020002365112304688,
    0.019737958908081055,
    0.019747257232666016,
    0.020766496658325195
  ],
  "cython": [
    0.012598991394042969,
    0.012766838073730469,
    0.012902975082397461,
    0.012367010116577148,
    0.012280464172363281
  ],
  "cython_parallel": [
    0.027288436889648438,
    0.02823472023010254,
    0.0270230770111084,
    0.027165889739990234,
    0.02770233154296875
  ],
  "numpy_broadcast_cached": [
    0.045532941818237305,
    0.04476046562194824,
    0.04333043098449707,
    0.04453682899475098,
    0.04402565956115723
  ]
}