{
  "numpy_brute": [
    0.07268190383911133,
    0.07671403884887695,
    0.0764005184173584,
    0.07842016220092773,
    0.07617902755737305
  ],
  "numpy_cached": [
    0.04784560203552246,
    0.04863762855529785,
    0.04787492752075195,
    0.051300764083862305,
    0.04885387420654297
  ]
}