{
  "numpy_brute": [
    0.07167696952819824,
    0.07075667381286621,
    0.06720113754272461,
    0.0719902515411377,
    0.06841135025024414
  ],
  "numpy_cached": [
    0.04123377799987793,
    0.04224658012390137,
    0.04069209098815918,
    0.04256176948547363,
    0.041063785552978516
  ]
}