{
  "numpy_broadcast": [
    13.474895238876343,
    12.386164903640747,
    12.465246677398682,
    12.440531730651855,
    12.495435953140259
  ],
  "scipy": [
    2.0462656021118164,
    2.0593793392181396,
    2.052927255630493,
    2.0425760746002197,
    2.0267233848571777
  ],
  "cython": [
    3.1707522869110107,
    3.1461527347564697,
    3.1157424449920654,
    3.130950689315796,
    3.091452121734619
  ],
  "numpy_broadcast_cached": [
    12.239720582962036,
    11.610512971878052,
    11.566981554031372,
    11.533665180206299,
    11.525010108947754
  ]
}