{
  "numpy_brute": [
    0.0779111385345459,
    0.07648897171020508,
    0.08030915260314941,
    0.07803058624267578,
    0.07560873031616211
  ],
  "numpy_cached": [
    0.04963970184326172,
    0.04796886444091797,
    0.0511474609375,
    0.048986196517944336,
    0.050170183181762695
  ]
}