{
  "numpy_broadcast": [
    14.286784648895264,
    7.03493595123291,
    7.18284273147583,
    7.010111331939697,
    7.043952941894531
  ],
  "scipy": [
    1.171705961227417,
    1.1913785934448242,
    1.1942110061645508,
    1.1907804012298584,
    1.1905152797698975
  ],
  "cython": [
    1.0804998874664307,
    1.084085464477539,
    1.063676118850708,
    1.1389896869659424,
    1.0703396797180176
  ],
  "numpy_broadcast_cached": [
    5.234137296676636,
    4.833759546279907,
    4.832505702972412,
    4.828161716461182,
    4.886193752288818
  ]
}