{
  "python_brute": [
    0.4467904567718506,
    0.44155359268188477,
    0.44087767601013184,
    0.45276355743408203,
    0.4823317527770996
  ],
  "python_cached": [
    0.2470722198486328,
    0.23121190071105957,
    0.2349109649658203,
    0.24559640884399414,
    0.2412106990814209
  ],
  "numpy_brute": [
    0.8802490234375,
    0.8579998016357422,
    0.8722407817840576,
    0.85811448097229,
    0.8586287498474121
  ],
  "numpy_cached": [
    0.48990797996520996,
    0.46094703674316406,
    0.47481298446655273,
    0.46811366081237793,
    0.48294973373413086
  ],
  "numpy_broadcast": [
    0.011279582977294922,
    0.011914730072021484,
    0.010514020919799805,
    0.010484933853149414,
    0.014486074447631836
  ],
  "scipy": [
    0.0012388229370117188,
    0.0011997222900390625,
    0.0010673999786376953,
    0.0011725425720214844,
    0.0010602474212646484
  ],
  "cython": [
    0.00115966796875,
    0.0009176731109619141,
    0.0010879039764404297,
    0.0013232231140136719,
    0.0009284019470214844
  ],
  "cython_parallel": [
    0.002135038375854492,
    0.0024154186248779297,
    0.002059459686279297,
    0.0022683143615722656,
    0.002233743667602539
  ],
  "numpy_broadcast_cached": [
    0.008090496063232422,
    0.007268190383911133,
    0.007051944732666016,
    0.006929874420166016,
    0.006708860397338867
  ],
  "numpy_double_broadcast": [
    0.010705232620239258,
    0.010921239852905273,
    0.011151313781738281,
    0.011141777038574219,
    0.010519981384277344
  ]
}