{
  "python_brute": [
    11.299586534500122,
    11.381009101867676,
    11.233856916427612,
    11.353242874145508,
    11.269948959350586
  ],
  "python_cached": [
    5.9662487506866455,
    5.791050672531128,
    5.826156377792358,
    5.8801069259643555,
    5.850066184997559
  ],
  "numpy_brute": [
    22.662517786026,
    22.245862007141113,
    23.202083826065063,
    22.98990797996521,
    21.683491468429565
  ],
  "numpy_cached": [
    12.145466566085815,
    11.52457857131958,
    11.922638893127441,
    12.06724762916565,
    11.992945432662964
  ],
  "numpy_broadcast": [
    0.20266294479370117,
    0.19843029975891113,
    0.19906067848205566,
    0.21081876754760742,
    0.19981694221496582
  ],
  "scipy": [
    0.028872966766357422,
    0.031072139739990234,
    0.030545473098754883,
    0.029534101486206055,
    0.02994847297668457
  ],
  "cython": [
    0.02706742286682129,
    0.02591729164123535,
    0.025917530059814453,
    0.027449846267700195,
    0.027160167694091797
  ],
  "cython_parallel": [
    0.055815935134887695,
    0.05748724937438965,
    0.05794882774353027,
    0.05398273468017578,
    0.056009531021118164
  ],
  "numpy_broadcast_cached": [
    0.13594889640808105,
    0.1305232048034668,
    0.1301898956298828,
    0.12615227699279785,
    0.13618683815002441
  ],
  "numpy_double_broadcast": [
    0.2416388988494873,
    0.24721908569335938,
    0.2480485439300537,
    0.23941373825073242,
    0.24269533157348633
  ]
}