{
  "python_brute": [
    3.0396246910095215,
    2.956622838973999,
    2.989086151123047,
    2.929394006729126,
    2.965829610824585
  ],
  "python_cached": [
    1.4827733039855957,
    1.4752914905548096,
    1.4944546222686768,
    1.4853460788726807,
    1.5003595352172852
  ],
  "numpy_brute": [
    1.3716559410095215,
    1.3317530155181885,
    1.356213092803955,
    1.3660075664520264,
    1.320314645767212
  ],
  "numpy_cached": [
    0.7652134895324707,
    0.7179594039916992,
    0.7283170223236084,
    0.7496147155761719,
    0.7479672431945801
  ],
  "numpy_broadcast": [
    0.0501713752746582,
    0.04780268669128418,
    0.04612994194030762,
    0.04454541206359863,
    0.046298980712890625
  ],
  "numpy_double_broadcast": [
    0.0433046817779541,
    0.04637575149536133,
    0.044646263122558594,
    0.04546093940734863,
    0.048732757568359375
  ],
  "scipy": [
    0.011956930160522461,
    0.012796163558959961,
    0.011672496795654297,
    0.011859416961669922,
    0.011783123016357422
  ],
  "cython": [
    0.006633281707763672,
    0.006289243698120117,
    0.007008075714111328,
    0.006665229797363281,
    0.006202220916748047
  ],
  "cython_parallel": [
    0.014879226684570312,
    0.013967037200927734,
    0.014491796493530273,
    0.014467000961303711,
    0.01495051383972168
  ]
}