{
  "python_brute": [
    2.7689931392669678,
    2.8418731689453125,
    2.774980068206787,
    2.817540407180786,
    2.770733118057251
  ],
  "python_cached": [
    1.4214706420898438,
    1.3968570232391357,
    1.3728137016296387,
    1.4153759479522705,
    1.411104679107666
  ],
  "numpy_brute": [
    0.890125036239624,
    0.8951191902160645,
    0.8889601230621338,
    0.8985366821289062,
    0.8979218006134033
  ],
  "numpy_cached": [
    0.47298431396484375,
    0.484968900680542,
    0.4811675548553467,
    0.47635555267333984,
    0.48111915588378906
  ],
  "numpy_broadcast": [
    0.06707096099853516,
    0.04241228103637695,
    0.04036116600036621,
    0.0417940616607666,
    0.042856454849243164
  ],
  "numpy_double_broadcast": [
    0.05132555961608887,
    0.05061221122741699,
    0.043379783630371094,
    0.04043769836425781,
    0.04252362251281738
  ],
  "scipy": [
    0.012197256088256836,
    0.014798402786254883,
    0.0153045654296875,
    0.014503240585327148,
    0.014203548431396484
  ],
  "cython": [
    0.008248567581176758,
    0.0070912837982177734,
    0.009482145309448242,
    0.010090112686157227,
    0.008481025695800781
  ],
  "cython_parallel": [
    0.013733625411987305,
    0.013486146926879883,
    0.015289545059204102,
    0.014662981033325195,
    0.013737678527832031
  ]
}