{
  "python_brute": [
    0.010556936264038086,
    0.010119438171386719,
    0.010551214218139648,
    0.010122060775756836,
    0.010528087615966797
  ],
  "python_cached": [
    0.0052051544189453125,
    0.005223512649536133,
    0.00558161735534668,
    0.005057811737060547,
    0.0052525997161865234
  ],
  "numpy_brute": [
    0.008818864822387695,
    0.008633136749267578,
    0.008309364318847656,
    0.009675025939941406,
    0.008748769760131836
  ],
  "numpy_cached": [
    0.004515409469604492,
    0.0044744014739990234,
    0.004963397979736328,
    0.0043599605560302734,
    0.0046672821044921875
  ],
  "numpy_broadcast": [
    0.0005190372467041016,
    0.0004525184631347656,
    0.0004687309265136719,
    0.0004787445068359375,
    0.0004432201385498047
  ],
  "scipy": [
    9.870529174804688e-05,
    5.245208740234375e-05,
    4.6253204345703125e-05,
    4.506111145019531e-05,
    8.96453857421875e-05
  ],
  "cython": [
    3.910064697265625e-05,
    2.47955322265625e-05,
    2.3365020751953125e-05,
    2.3365020751953125e-05,
    2.3365020751953125e-05
  ],
  "cython_parallel": [
    9.179115295410156e-05,
    6.341934204101562e-05,
    4.57763671875e-05,
    4.601478576660156e-05,
    4.57763671875e-05
  ],
  "numpy_broadcast_cached": [
    0.0004558563232421875,
    0.0004482269287109375,
    0.0003578662872314453,
    0.00035643577575683594,
    0.0003559589385986328
  ]
}