{
  "numpy_broadcast": [
    31.078619241714478,
    29.01920461654663,
    29.19471001625061,
    29.018418788909912,
    29.112554788589478
  ],
  "scipy": [
    4.829993963241577,
    4.807286500930786,
    4.804422616958618,
    4.8452675342559814,
    4.799181222915649
  ],
  "cython": [
    9.670657634735107,
    9.892138719558716,
    9.55454969406128,
    9.880379676818848,
    9.58593463897705
  ],
  "numpy_broadcast_cached": [
    26.974950075149536,
    25.865320205688477,
    25.49272346496582,
    25.808000564575195,
    25.88737964630127
  ]
}