{
  "python_brute": [
    1.5961353778839111,
    1.6014378070831299,
    1.5790903568267822,
    1.5745110511779785,
    1.663442611694336
  ],
  "python_cached": [
    0.8282310962677002,
    0.8003196716308594,
    0.8044307231903076,
    0.8061299324035645,
    0.8210062980651855
  ],
  "numpy_brute": [
    1.3427743911743164,
    1.3745276927947998,
    1.355379343032837,
    1.335906982421875,
    1.3513166904449463
  ],
  "numpy_cached": [
    0.6983730792999268,
    0.7149362564086914,
    0.6937830448150635,
    0.7059621810913086,
    0.7028908729553223
  ],
  "numpy_broadcast": [
    0.028450489044189453,
    0.028211116790771484,
    0.027316570281982422,
    0.02707362174987793,
    0.026736736297607422
  ],
  "scipy": [
    0.0050945281982421875,
    0.005615949630737305,
    0.005464076995849609,
    0.005316495895385742,
    0.005338907241821289
  ],
  "cython": [
    0.0036766529083251953,
    0.0033910274505615234,
    0.0040454864501953125,
    0.003504514694213867,
    0.0035576820373535156
  ],
  "cython_parallel": [
    0.007653713226318359,
    0.007406949996948242,
    0.008053302764892578,
    0.007651567459106445,
    0.00789642333984375
  ],
  "numpy_broadcast_cached": [
    0.016817569732666016,
    0.014339208602905273,
    0.01581430435180664,
    0.015169858932495117,
    0.014475584030151367
  ],
  "numpy_double_broadcast": [
    0.03718090057373047,
    0.03400850296020508,
    0.03431081771850586,
    0.033448219299316406,
    0.03207683563232422
  ]
}