{
  "python_brute": [
    0.2814319133758545,
    0.27155184745788574,
    0.2751884460449219,
    0.2669668197631836,
    0.2795681953430176
  ],
  "python_cached": [
    0.140350341796875,
    0.14329195022583008,
    0.13946771621704102,
    0.13935327529907227,
    0.1382741928100586
  ],
  "numpy_brute": [
    0.8836591243743896,
    0.8955292701721191,
    0.8720738887786865,
    0.9078269004821777,
    0.9650828838348389
  ],
  "numpy_cached": [
    0.4666471481323242,
    0.4798390865325928,
    0.4934062957763672,
    0.4583549499511719,
    0.47167348861694336
  ],
  "numpy_broadcast": [
    0.009183406829833984,
    0.009180784225463867,
    0.009871721267700195,
    0.008840799331665039,
    0.008238554000854492
  ],
  "numpy_double_broadcast": [
    0.008457660675048828,
    0.008962392807006836,
    0.009187698364257812,
    0.008753776550292969,
    0.008924245834350586
  ],
  "scipy": [
    0.0010402202606201172,
    0.0008845329284667969,
    0.0008492469787597656,
    0.000972747802734375,
    0.0009195804595947266
  ],
  "cython": [
    0.001081228256225586,
    0.0010285377502441406,
    0.0013761520385742188,
    0.0010385513305664062,
    0.0010170936584472656
  ],
  "cython_parallel": [
    0.0018146038055419922,
    0.002098560333251953,
    0.001844167709350586,
    0.0022003650665283203,
    0.0019176006317138672
  ]
}