{
  "numpy_broadcast": [
    8.255083322525024,
    7.647433757781982,
    7.535140752792358,
    7.595749378204346,
    7.580620765686035
  ],
  "numpy_double_broadcast": [
    7.546532154083252,
    7.554694175720215,
    7.647989749908447,
    7.536347150802612,
    7.519536733627319
  ],
  "scipy": [
    1.19431471824646,
    1.1317527294158936,
    1.1227765083312988,
    1.1096434593200684,
    1.116983413696289
  ],
  "cython": [
    1.6351139545440674,
    1.7486486434936523,
    1.6416211128234863,
    1.6859943866729736,
    1.649531602859497
  ],
  "numpy_broadcast_cached": [
    7.151723861694336,
    6.8720173835754395,
    6.764697551727295,
    6.748214483261108,
    6.819840431213379
  ]
}