{
  "python_brute": [
    1.079139232635498,
    1.0642850399017334,
    1.0448648929595947,
    1.0709631443023682,
    1.0547764301300049
  ],
  "python_cached": [
    0.5959670543670654,
    0.5371768474578857,
    0.5549731254577637,
    0.5401055812835693,
    0.5514185428619385
  ],
  "numpy_brute": [
    0.4989621639251709,
    0.4880225658416748,
    0.4911496639251709,
    0.4813365936279297,
    0.4949979782104492
  ],
  "numpy_cached": [
    0.2563302516937256,
    0.2586500644683838,
    0.2545928955078125,
    0.2539043426513672,
    0.25560760498046875
  ],
  "numpy_broadcast": [
    0.017335891723632812,
    0.017568111419677734,
    0.017307043075561523,
    0.0167999267578125,
    0.0178530216217041
  ],
  "scipy": [
    0.004168272018432617,
    0.004549741744995117,
    0.004410982131958008,
    0.0047473907470703125,
    0.0043487548828125
  ],
  "cython": [
    0.002320528030395508,
    0.0022575855255126953,
    0.0026187896728515625,
    0.0024230480194091797,
    0.0024061203002929688
  ],
  "cython_parallel": [
    0.0048656463623046875,
    0.005354404449462891,
    0.005017995834350586,
    0.004960536956787109,
    0.005098819732666016
  ],
  "numpy_broadcast_cached": [
    0.009797334671020508,
    0.008996248245239258,
    0.009907722473144531,
    0.009808778762817383,
    0.009552955627441406
  ],
  "numpy_double_broadcast": [
    0.02279973030090332,
    0.021497488021850586,
    0.021342754364013672,
    0.02232813835144043,
    0.021946191787719727
  ]
}