{
  "numpy_broadcast": [
    132.45773363113403,
    130.48494791984558,
    130.60805082321167,
    130.68170428276062,
    130.23297548294067
  ],
  "numpy_double_broadcast": [
    129.9498975276947,
    129.9673936367035,
    130.00976133346558,
    130.14766216278076,
    130.00445890426636
  ],
  "scipy": [
    36.91273498535156,
    36.93673801422119,
    37.053990840911865,
    36.95857334136963,
    36.913376569747925
  ],
  "cython": [
    25.589320182800293,
    25.79088068008423,
    25.780838012695312,
    25.48177194595337,
    25.650012254714966
  ],
  "numpy_broadcast_cached": [
    71.85025548934937,
    70.8926146030426,
    70.90850806236267,
    70.52268648147583,
    70.56779718399048
  ]
}