{
  "numpy_brute": [
    0.13761162757873535,
    0.1429905891418457,
    0.12772893905639648,
    0.13379859924316406,
    0.13237595558166504
  ],
  "numpy_cached": [
    0.09628462791442871,
    0.09637141227722168,
    0.09483790397644043,
    0.09718728065490723,
    0.10083723068237305
  ]
}