{
  "python_brute": [
    0.0278933048248291,
    0.025669336318969727,
    0.029867887496948242,
    0.03318357467651367,
    0.035216331481933594
  ],
  "python_cached": [
    0.0232851505279541,
    0.014049053192138672,
    0.01556253433227539,
    0.01774001121520996,
    0.014182090759277344
  ],
  "numpy_brute": [
    0.0504302978515625,
    0.0496828556060791,
    0.05008530616760254,
    0.047864675521850586,
    0.050464630126953125
  ],
  "numpy_cached": [
    0.02635645866394043,
    0.025597810745239258,
    0.028136014938354492,
    0.02788853645324707,
    0.026321887969970703
  ],
  "numpy_broadcast": [
    0.0013244152069091797,
    0.0012505054473876953,
    0.0011806488037109375,
    0.0014188289642333984,
    0.0012540817260742188
  ],
  "numpy_double_broadcast": [
    0.0012938976287841797,
    0.0012354850769042969,
    0.001356363296508789,
    0.0013051033020019531,
    0.0011985301971435547
  ],
  "scipy": [
    0.00014138221740722656,
    0.00016641616821289062,
    0.00018596649169921875,
    0.0001418590545654297,
    0.00016045570373535156
  ],
  "cython": [
    9.799003601074219e-05,
    0.00012731552124023438,
    9.274482727050781e-05,
    6.937980651855469e-05,
    6.318092346191406e-05
  ],
  "cython_parallel": [
    0.00016808509826660156,
    0.00012731552124023438,
    0.00014710426330566406,
    0.000186920166015625,
    0.00014495849609375
  ],
  "numpy_broadcast_cached": [
    0.0014865398406982422,
    0.0013003349304199219,
    0.0009562969207763672,
    0.0011031627655029297,
    0.0009264945983886719
  ]
}