{
  "numpy_broadcast": [
    31.91722011566162,
    30.44037914276123,
    30.328707218170166,
    30.42033576965332,
    30.419755697250366
  ],
  "numpy_double_broadcast": [
    30.244521379470825,
    30.244003772735596,
    30.369503259658813,
    30.282159090042114,
    30.54783821105957
  ],
  "scipy": [
    5.124434947967529,
    5.2442450523376465,
    5.225040674209595,
    5.32524561882019,
    5.1343183517456055
  ],
  "cython": [
    6.44308614730835,
    6.533253192901611,
    6.748892068862915,
    6.434844017028809,
    6.464651107788086
  ],
  "numpy_broadcast_cached": [
    22.373650789260864,
    21.627685546875,
    21.607154369354248,
    21.43731427192688,
    21.669592142105103
  ]
}