{
  "python_brute": [
    1.5690250396728516,
    1.6120994091033936,
    1.5564732551574707,
    1.5674769878387451,
    1.6375842094421387
  ],
  "python_cached": [
    0.7856259346008301,
    0.8052942752838135,
    0.7916703224182129,
    0.80019211769104,
    0.7912535667419434
  ],
  "numpy_brute": [
    0.47775959968566895,
    0.47641682624816895,
    0.5040674209594727,
    0.48359012603759766,
    0.47399473190307617
  ],
  "numpy_cached": [
    0.24704313278198242,
    0.24967646598815918,
    0.24738836288452148,
    0.25084733963012695,
    0.2552790641784668
  ],
  "numpy_broadcast": [
    0.024588584899902344,
    0.024363994598388672,
    0.023868799209594727,
    0.023996353149414062,
    0.024186134338378906
  ],
  "scipy": [
    0.006716728210449219,
    0.007172822952270508,
    0.007267951965332031,
    0.006894588470458984,
    0.006472110748291016
  ],
  "cython": [
    0.004026174545288086,
    0.0032613277435302734,
    0.0032088756561279297,
    0.003438711166381836,
    0.0032312870025634766
  ],
  "cython_parallel": [
    0.00777435302734375,
    0.007867097854614258,
    0.008190631866455078,
    0.007401227951049805,
    0.007729291915893555
  ],
  "numpy_broadcast_cached": [
    0.012688398361206055,
    0.013366460800170898,
    0.01344919204711914,
    0.0128631591796875,
    0.012638568878173828
  ]
}