{
  "numpy_broadcast": [
    125.95681309700012,
    124.98234796524048,
    125.14117479324341,
    124.90723538398743,
    124.99268507957458
  ],
  "scipy": [
    38.676321029663086,
    38.715402126312256,
    38.6298508644104,
    38.740333557128906,
    38.77550649642944
  ],
  "cython": [
    19.912151336669922,
    19.90316081047058,
    19.92726969718933,
    19.804295539855957,
    19.70713710784912
  ],
  "numpy_broadcast_cached": [
    65.20293307304382,
    64.70160722732544,
    64.77293968200684,
    64.62880969047546,
    64.69802260398865
  ]
}