{
  "numpy_brute": [
    0.0664207935333252,
    0.06959176063537598,
    0.06716442108154297,
    0.06759428977966309,
    0.0735623836517334
  ],
  "numpy_cached": [
    0.04271650314331055,
    0.0397944450378418,
    0.03827047348022461,
    0.03866171836853027,
    0.0392758846282959
  ]
}