{
  "numpy_broadcast": [
    20.231831550598145,
    18.462588787078857,
    18.437178134918213,
    18.456275463104248,
    18.50258231163025
  ],
  "scipy": [
    3.192826986312866,
    3.092266321182251,
    3.0894651412963867,
    3.07743501663208,
    3.1102395057678223
  ],
  "cython": [
    4.806120872497559,
    5.015136241912842,
    4.78961181640625,
    4.91836953163147,
    4.843991041183472
  ],
  "numpy_broadcast_cached": [
    19.315751791000366,
    18.413817882537842,
    18.376734495162964,
    18.300070762634277,
    18.17137598991394
  ],
  "numpy_double_broadcast": [
    22.507566928863525,
    22.560845375061035,
    22.62095308303833,
    22.72539258003235,
    22.61474299430847
  ]
}