{
  "python_brute": [
    0.6572892665863037,
    0.6466827392578125,
    0.6724996566772461,
    0.6402761936187744,
    0.6376521587371826
  ],
  "python_cached": [
    0.34813499450683594,
    0.34102916717529297,
    0.33995676040649414,
    0.35275793075561523,
    0.3524339199066162
  ],
  "numpy_brute": [
    3.379699945449829,
    3.4853978157043457,
    3.4452738761901855,
    3.3793399333953857,
    3.378016233444214
  ],
  "numpy_cached": [
    1.771371841430664,
    1.748612403869629,
    1.7893328666687012,
    1.795213222503662,
    1.7812588214874268
  ],
  "numpy_broadcast": [
    0.030670881271362305,
    0.0319368839263916,
    0.023199796676635742,
    0.022999286651611328,
    0.022129058837890625
  ],
  "scipy": [
    0.0023317337036132812,
    0.002521514892578125,
    0.0027899742126464844,
    0.002515554428100586,
    0.0025136470794677734
  ],
  "cython": [
    0.002208709716796875,
    0.002536773681640625,
    0.0023157596588134766,
    0.0025157928466796875,
    0.002630472183227539
  ],
  "cython_parallel": [
    0.0037004947662353516,
    0.0036842823028564453,
    0.0058057308197021484,
    0.004295825958251953,
    0.0037059783935546875
  ],
  "numpy_broadcast_cached": [
    0.017736196517944336,
    0.01586604118347168,
    0.015603780746459961,
    0.01573634147644043,
    0.015784263610839844
  ]
}