{
  "python_brute": [
    17.925554275512695,
    17.747308492660522,
    17.787768602371216,
    17.79074263572693,
    17.872074127197266
  ],
  "python_cached": [
    8.952731609344482,
    9.017159700393677,
    8.991992950439453,
    9.023925542831421,
    9.046696901321411
  ],
  "numpy_brute": [
    5.428995132446289,
    5.374474048614502,
    5.3431103229522705,
    5.363562345504761,
    5.3820130825042725
  ],
  "numpy_cached": [
    2.9071643352508545,
    2.875333070755005,
    2.9028077125549316,
    2.8621058464050293,
    2.9223039150238037
  ],
  "numpy_broadcast": [
    0.40645337104797363,
    0.24565887451171875,
    0.24955964088439941,
    0.2619974613189697,
    0.2524683475494385
  ],
  "numpy_double_broadcast": [
    0.25039029121398926,
    0.2527024745941162,
    0.2508084774017334,
    0.2511603832244873,
    0.25435352325439453
  ],
  "scipy": [
    0.07426214218139648,
    0.07399868965148926,
    0.0760042667388916,
    0.07450485229492188,
    0.07339882850646973
  ],
  "cython": [
    0.04045557975769043,
    0.04131174087524414,
    0.03951454162597656,
    0.03901338577270508,
    0.03939080238342285
  ],
  "cython_parallel": [
    0.08672547340393066,
    0.09142017364501953,
    0.08937239646911621,
    0.09772109985351562,
    0.08653068542480469
  ],
  "numpy_broadcast_cached": [
    0.1609807014465332,
    0.12132024765014648,
    0.12604856491088867,
    0.12483429908752441,
    0.1272130012512207
  ]
}