{
  "python_brute": [
    0.0015366077423095703,
    0.0015537738800048828,
    0.0015215873718261719,
    0.0015833377838134766,
    0.0014543533325195312
  ],
  "python_cached": [
    0.0007987022399902344,
    0.0008301734924316406,
    0.0007960796356201172,
    0.0007960796356201172,
    0.0008311271667480469
  ],
  "numpy_brute": [
    0.008621692657470703,
    0.009548187255859375,
    0.008239030838012695,
    0.007891178131103516,
    0.008601188659667969
  ],
  "numpy_cached": [
    0.004037141799926758,
    0.0038993358612060547,
    0.0042569637298583984,
    0.004246711730957031,
    0.004117012023925781
  ],
  "numpy_broadcast": [
    0.0003573894500732422,
    0.000316619873046875,
    0.0003695487976074219,
    0.0003902912139892578,
    0.00038242340087890625
  ],
  "scipy": [
    6.198883056640625e-05,
    2.6464462280273438e-05,
    2.1696090698242188e-05,
    2.0503997802734375e-05,
    1.9311904907226562e-05
  ],
  "cython": [
    2.5987625122070312e-05,
    9.298324584960938e-06,
    8.821487426757812e-06,
    8.106231689453125e-06,
    8.106231689453125e-06
  ],
  "cython_parallel": [
    1.2636184692382812e-05,
    1.1444091796875e-05,
    1.0967254638671875e-05,
    1.1205673217773438e-05,
    1.1205673217773438e-05
  ],
  "numpy_broadcast_cached": [
    0.00046372413635253906,
    0.0003733634948730469,
    0.00036787986755371094,
    0.0003814697265625,
    0.00037741661071777344
  ],
  "numpy_double_broadcast": [
    0.0001270771026611328,
    5.459785461425781e-05,
    4.9591064453125e-05,
    4.76837158203125e-05,
    4.744529724121094e-05
  ]
}