{
  "python_brute": [
    0.0003948211669921875,
    0.0003809928894042969,
    0.00037980079650878906,
    0.00037932395935058594,
    0.00037860870361328125
  ],
  "python_cached": [
    0.00021910667419433594,
    0.0002224445343017578,
    0.0002167224884033203,
    0.00021600723266601562,
    0.00021576881408691406
  ],
  "numpy_brute": [
    0.002098560333251953,
    0.001814126968383789,
    0.0020682811737060547,
    0.0021309852600097656,
    0.002220630645751953
  ],
  "numpy_cached": [
    0.0010423660278320312,
    0.0010445117950439453,
    0.0011441707611083984,
    0.0010094642639160156,
    0.0009980201721191406
  ],
  "numpy_broadcast": [
    0.00020766258239746094,
    0.00017571449279785156,
    0.0001590251922607422,
    0.00027632713317871094,
    0.00026988983154296875
  ],
  "numpy_double_broadcast": [
    0.00015687942504882812,
    0.0001544952392578125,
    0.0001544952392578125,
    0.0001544952392578125,
    0.0001544952392578125
  ],
  "scipy": [
    5.459785461425781e-05,
    2.09808349609375e-05,
    3.790855407714844e-05,
    6.508827209472656e-05,
    1.6927719116210938e-05
  ],
  "cython": [
    1.8358230590820312e-05,
    5.4836273193359375e-06,
    4.0531158447265625e-06,
    4.0531158447265625e-06,
    3.5762786865234375e-06
  ],
  "cython_parallel": [
    5.7220458984375e-06,
    4.76837158203125e-06,
    4.0531158447265625e-06,
    4.0531158447265625e-06,
    4.291534423828125e-06
  ],
  "numpy_broadcast_cached": [
    0.00023126602172851562,
    0.00015282630920410156,
    0.00014710426330566406,
    0.00014352798461914062,
    0.0001442432403564453
  ]
}