{
  "python_brute": [
    171.2014844417572,
    171.0019509792328,
    172.20115900039673,
    173.28913068771362,
    173.51903009414673
  ],
  "python_cached": [
    94.89939093589783,
    94.68223524093628,
    94.49837231636047,
    94.83839797973633,
    94.53714108467102
  ],
  "numpy_brute": [
    484.7009925842285,
    484.89609456062317,
    486.15635418891907,
    486.70420360565186,
    487.43859791755676
  ],
  "numpy_cached": [
    260.48967838287354,
    258.1699528694153,
    259.4790940284729,
    259.8783133029938,
    260.45119738578796
  ],
  "numpy_broadcast": [
    5.299266338348389,
    3.264284133911133,
    3.2549221515655518,
    3.253497362136841,
    3.266489267349243
  ],
  "numpy_double_broadcast": [
    3.2509653568267822,
    3.2239584922790527,
    3.316009521484375,
    3.2568423748016357,
    3.263805866241455
  ],
  "scipy": [
    0.5840387344360352,
    0.5803475379943848,
    0.581010103225708,
    0.5756220817565918,
    0.5952115058898926
  ],
  "cython": [
    0.6945574283599854,
    0.7156882286071777,
    0.6981031894683838,
    0.7159593105316162,
    0.6921625137329102
  ],
  "cython_parallel": [
    1.3045704364776611,
    1.2979390621185303,
    1.3177900314331055,
    1.2966995239257812,
    1.3255209922790527
  ],
  "numpy_broadcast_cached": [
    2.6497738361358643,
    2.4095027446746826,
    2.417752742767334,
    2.4504237174987793,
    2.403815507888794
  ]
}