{
  "python_brute": [
    0.06468415260314941,
    0.06587481498718262,
    0.06329894065856934,
    0.06558775901794434,
    0.06315755844116211
  ],
  "python_cached": [
    0.03315424919128418,
    0.033345937728881836,
    0.033251047134399414,
    0.03270411491394043,
    0.032698869705200195
  ],
  "numpy_brute": [
    0.12399768829345703,
    0.12400603294372559,
    0.12208342552185059,
    0.12114500999450684,
    0.12012076377868652
  ],
  "numpy_cached": [
    0.0705418586730957,
    0.07229757308959961,
    0.06487417221069336,
    0.06207466125488281,
    0.06218767166137695
  ],
  "numpy_broadcast": [
    0.002264261245727539,
    0.0021920204162597656,
    0.002571582794189453,
    0.0022432804107666016,
    0.0023331642150878906
  ],
  "numpy_double_broadcast": [
    0.002497434616088867,
    0.0021495819091796875,
    0.002512216567993164,
    0.002111673355102539,
    0.0023183822631835938
  ],
  "scipy": [
    0.00019979476928710938,
    0.00016760826110839844,
    0.00016450881958007812,
    0.00016307830810546875,
    0.00018787384033203125
  ],
  "cython": [
    0.00014734268188476562,
    0.0001327991485595703,
    0.00013208389282226562,
    0.0001316070556640625,
    0.00013113021850585938
  ],
  "cython_parallel": [
    0.00027680397033691406,
    0.00029397010803222656,
    0.0004012584686279297,
    0.0002753734588623047,
    0.0003554821014404297
  ],
  "numpy_broadcast_cached": [
    0.001680612564086914,
    0.0015294551849365234,
    0.0015327930450439453,
    0.0014700889587402344,
    0.0014467239379882812
  ]
}