{
  "python_brute": [
    0.0030107498168945312,
    0.0026025772094726562,
    0.0025577545166015625,
    0.0029337406158447266,
    0.002657175064086914
  ],
  "python_cached": [
    0.0014057159423828125,
    0.0014805793762207031,
    0.0013082027435302734,
    0.0017299652099609375,
    0.0018794536590576172
  ],
  "numpy_brute": [
    0.008697032928466797,
    0.010314226150512695,
    0.008242607116699219,
    0.013238191604614258,
    0.013087272644042969
  ],
  "numpy_cached": [
    0.0051195621490478516,
    0.004205226898193359,
    0.004811286926269531,
    0.007656097412109375,
    0.0044934749603271484
  ],
  "numpy_broadcast": [
    0.00038433074951171875,
    0.0003452301025390625,
    0.00034046173095703125,
    0.0003368854522705078,
    0.0003349781036376953
  ],
  "numpy_double_broadcast": [
    0.0003349781036376953,
    0.00040721893310546875,
    0.00033402442932128906,
    0.0003352165222167969,
    0.0003325939178466797
  ],
  "scipy": [
    5.555152893066406e-05,
    2.6941299438476562e-05,
    2.2649765014648438e-05,
    2.1696090698242188e-05,
    2.1457672119140625e-05
  ],
  "cython": [
    2.4080276489257812e-05,
    1.2874603271484375e-05,
    1.2636184692382812e-05,
    1.1920928955078125e-05,
    1.1682510375976562e-05
  ],
  "cython_parallel": [
    2.1457672119140625e-05,
    2.0265579223632812e-05,
    1.9311904907226562e-05,
    1.9550323486328125e-05,
    1.9788742065429688e-05
  ],
  "numpy_broadcast_cached": [
    0.0004849433898925781,
    0.00037288665771484375,
    0.00037169456481933594,
    0.0003027915954589844,
    0.00037026405334472656
  ]
}