{
  "python_brute": [
    1.4236319065093994,
    1.4286181926727295,
    1.4432251453399658,
    1.4170713424682617,
    1.4148054122924805
  ],
  "python_cached": [
    0.7356455326080322,
    0.7539687156677246,
    0.731975793838501,
    0.7471089363098145,
    0.7286522388458252
  ],
  "numpy_brute": [
    2.2667975425720215,
    2.262695550918579,
    2.164781332015991,
    1.9839210510253906,
    1.9727418422698975
  ],
  "numpy_cached": [
    1.0702722072601318,
    1.0214998722076416,
    1.0954298973083496,
    1.069969654083252,
    1.137103796005249
  ],
  "numpy_broadcast": [
    0.03085613250732422,
    0.028970718383789062,
    0.028168439865112305,
    0.027827024459838867,
    0.03186368942260742
  ],
  "scipy": [
    0.00487208366394043,
    0.005020856857299805,
    0.004583120346069336,
    0.004599094390869141,
    0.004547119140625
  ],
  "cython": [
    0.0032863616943359375,
    0.00442957878112793,
    0.0034918785095214844,
    0.003471851348876953,
    0.003412008285522461
  ],
  "cython_parallel": [
    0.007729768753051758,
    0.007729768753051758,
    0.008102655410766602,
    0.007707834243774414,
    0.007386684417724609
  ],
  "numpy_broadcast_cached": [
    0.01770496368408203,
    0.015386581420898438,
    0.016132831573486328,
    0.016567707061767578,
    0.017056703567504883
  ]
}