{
  "numpy_brute": [
    0.0819706916809082,
    0.08808112144470215,
    0.0832664966583252,
    0.08052802085876465,
    0.08159112930297852
  ],
  "numpy_cached": [
    0.05284428596496582,
    0.05293893814086914,
    0.056329965591430664,
    0.05300641059875488,
    0.05635356903076172
  ]
}