{
  "python_brute": [
    0.0033159255981445312,
    0.003292560577392578,
    0.0031728744506835938,
    0.0031824111938476562,
    0.0036139488220214844
  ],
  "python_cached": [
    0.0017032623291015625,
    0.0016999244689941406,
    0.0016815662384033203,
    0.0022640228271484375,
    0.0017020702362060547
  ],
  "numpy_brute": [
    0.0019059181213378906,
    0.0021321773529052734,
    0.0021071434020996094,
    0.0020699501037597656,
    0.0022859573364257812
  ],
  "numpy_cached": [
    0.0010814666748046875,
    0.001146078109741211,
    0.0010607242584228516,
    0.0011289119720458984,
    0.0010573863983154297
  ],
  "numpy_broadcast": [
    0.0002377033233642578,
    0.00020456314086914062,
    0.00019884109497070312,
    0.00019860267639160156,
    0.0001983642578125
  ],
  "scipy": [
    5.936622619628906e-05,
    3.075599670410156e-05,
    2.7418136596679688e-05,
    2.5987625122070312e-05,
    2.574920654296875e-05
  ],
  "cython": [
    4.315376281738281e-05,
    2.7418136596679688e-05,
    2.8371810913085938e-05,
    1.0251998901367188e-05,
    1.0013580322265625e-05
  ],
  "cython_parallel": [
    2.0503997802734375e-05,
    1.8835067749023438e-05,
    1.811981201171875e-05,
    1.6927719116210938e-05,
    1.6927719116210938e-05
  ],
  "numpy_broadcast_cached": [
    0.000240325927734375,
    0.00016760826110839844,
    0.00019502639770507812,
    0.00015997886657714844,
    0.0001590251922607422
  ],
  "numpy_double_broadcast": [
    0.0001823902130126953,
    6.008148193359375e-05,
    5.507469177246094e-05,
    5.340576171875e-05,
    5.340576171875e-05
  ]
}