{
  "numpy_broadcast": [
    17.197418451309204,
    16.222529411315918,
    16.061370372772217,
    16.165923833847046,
    16.13933515548706
  ],
  "scipy": [
    2.7214343547821045,
    2.721019983291626,
    2.6406710147857666,
    2.6687493324279785,
    2.653942346572876
  ],
  "cython": [
    5.097247838973999,
    5.065969228744507,
    5.225339651107788,
    5.106893301010132,
    5.119350433349609
  ],
  "numpy_broadcast_cached": [
    14.0486159324646,
    13.390837907791138,
    13.547486066818237,
    13.468656301498413,
    13.386701822280884
  ]
}