{
  "python_brute": [
    0.12131309509277344,
    0.11469721794128418,
    0.11449480056762695,
    0.11456298828125,
    0.11376690864562988
  ],
  "python_cached": [
    0.06122231483459473,
    0.06375575065612793,
    0.06364679336547852,
    0.06697297096252441,
    0.0860443115234375
  ],
  "numpy_brute": [
    0.8302531242370605,
    0.8378379344940186,
    0.8299770355224609,
    0.8148903846740723,
    0.8190360069274902
  ],
  "numpy_cached": [
    0.4531986713409424,
    0.42203545570373535,
    0.4206278324127197,
    0.4202289581298828,
    0.4270608425140381
  ],
  "numpy_broadcast": [
    0.00724339485168457,
    0.00755620002746582,
    0.00828862190246582,
    0.008247852325439453,
    0.008502721786499023
  ],
  "numpy_double_broadcast": [
    0.00885462760925293,
    0.008051395416259766,
    0.009457111358642578,
    0.00945425033569336,
    0.008211135864257812
  ],
  "scipy": [
    0.0007274150848388672,
    0.0003592967987060547,
    0.0003867149353027344,
    0.0003581047058105469,
    0.0003921985626220703
  ],
  "cython": [
    0.00034499168395996094,
    0.0003974437713623047,
    0.0006811618804931641,
    0.000377655029296875,
    0.00033545494079589844
  ],
  "cython_parallel": [
    0.0005459785461425781,
    0.0005564689636230469,
    0.0005619525909423828,
    0.0004737377166748047,
    0.00047326087951660156
  ],
  "numpy_broadcast_cached": [
    0.0053043365478515625,
    0.0051572322845458984,
    0.005169391632080078,
    0.00693964958190918,
    0.008945703506469727
  ]
}