{
  "python_brute": [
    0.022971630096435547,
    0.02145218849182129,
    0.01786518096923828,
    0.017861366271972656,
    0.020082950592041016
  ],
  "python_cached": [
    0.008869171142578125,
    0.0097198486328125,
    0.009805917739868164,
    0.009828567504882812,
    0.010558843612670898
  ],
  "numpy_brute": [
    0.031351566314697266,
    0.03310513496398926,
    0.03313589096069336,
    0.032427072525024414,
    0.0338597297668457
  ],
  "numpy_cached": [
    0.017292261123657227,
    0.017279386520385742,
    0.0172116756439209,
    0.01765298843383789,
    0.018565654754638672
  ],
  "numpy_broadcast": [
    0.0010256767272949219,
    0.0011103153228759766,
    0.0009870529174804688,
    0.0010223388671875,
    0.0011091232299804688
  ],
  "scipy": [
    9.512901306152344e-05,
    6.318092346191406e-05,
    5.841255187988281e-05,
    5.7220458984375e-05,
    5.698204040527344e-05
  ],
  "cython": [
    5.340576171875e-05,
    4.100799560546875e-05,
    4.00543212890625e-05,
    3.9577484130859375e-05,
    3.933906555175781e-05
  ],
  "cython_parallel": [
    8.916854858398438e-05,
    7.963180541992188e-05,
    7.987022399902344e-05,
    7.963180541992188e-05,
    7.987022399902344e-05
  ],
  "numpy_broadcast_cached": [
    0.0010428428649902344,
    0.0007684230804443359,
    0.0007221698760986328,
    0.0008738040924072266,
    0.0010042190551757812
  ]
}