{
  "python_brute": [
    283.93533635139465,
    284.1572599411011,
    285.9778435230255,
    285.3799412250519,
    283.7040505409241
  ],
  "python_cached": [
    151.22491717338562,
    151.3092691898346,
    151.21086192131042,
    150.95131254196167,
    150.96798419952393
  ],
  "numpy_brute": [
    542.7431552410126,
    541.8159985542297,
    543.9824533462524,
    546.1530697345734,
    547.164826631546
  ],
  "numpy_cached": [
    290.2044413089752,
    291.28784918785095,
    289.57210326194763,
    289.14144825935364,
    290.2548575401306
  ],
  "numpy_broadcast": [
    9.141360998153687,
    4.641236782073975,
    4.632687091827393,
    4.622498512268066,
    4.634373903274536
  ],
  "scipy": [
    0.8300914764404297,
    0.8274805545806885,
    0.8404161930084229,
    0.8464105129241943,
    0.8420124053955078
  ],
  "cython": [
    0.7120718955993652,
    0.6913309097290039,
    0.7093133926391602,
    0.6988003253936768,
    0.688504695892334
  ],
  "cython_parallel": [
    1.4429607391357422,
    1.4711236953735352,
    1.4397168159484863,
    1.4552135467529297,
    1.478097677230835
  ],
  "numpy_broadcast_cached": [
    3.2929794788360596,
    3.0927469730377197,
    3.040241241455078,
    3.032834529876709,
    3.0391881465911865
  ]
}