{
  "numpy_broadcast": [
    59.432974338531494,
    58.33250904083252,
    58.107598304748535,
    58.29124140739441,
    58.2888286113739
  ],
  "scipy": [
    16.20372700691223,
    16.33363389968872,
    16.281182527542114,
    16.30310845375061,
    16.265437126159668
  ],
  "cython": [
    11.027761220932007,
    10.790363311767578,
    10.892869234085083,
    10.72474718093872,
    10.916950702667236
  ],
  "numpy_broadcast_cached": [
    31.905022621154785,
    31.22673797607422,
    31.418193101882935,
    31.346315145492554,
    31.295849323272705
  ]
}