{
  "python_brute": [
    99.68008923530579,
    99.27729415893555,
    99.65452909469604,
    99.56855773925781,
    99.36576628684998
  ],
  "python_cached": [
    51.661245346069336,
    52.096680641174316,
    52.102330923080444,
    52.198426723480225,
    52.104119300842285
  ],
  "numpy_brute": [
    129.22757124900818,
    125.39068388938904,
    125.05581521987915,
    126.53080534934998,
    125.69528818130493
  ],
  "numpy_cached": [
    67.42574167251587,
    67.82382941246033,
    67.52499198913574,
    67.55558037757874,
    67.47079968452454
  ],
  "numpy_broadcast": [
    1.9888427257537842,
    1.4855456352233887,
    2.000581979751587,
    1.4918837547302246,
    1.5014402866363525
  ],
  "scipy": [
    0.3122060298919678,
    0.3163306713104248,
    0.3150937557220459,
    0.3133988380432129,
    0.3341662883758545
  ],
  "cython": [
    0.28348541259765625,
    0.2694668769836426,
    0.2731955051422119,
    0.2824399471282959,
    0.2821204662322998
  ],
  "cython_parallel": [
    0.5313403606414795,
    0.5569748878479004,
    0.5398616790771484,
    0.5364701747894287,
    0.5559549331665039
  ],
  "numpy_broadcast_cached": [
    1.0870349407196045,
    0.9269020557403564,
    0.9317665100097656,
    0.9301683902740479,
    0.9422767162322998
  ]
}