{
  "numpy_brute": [
    0.10586237907409668,
    0.10033059120178223,
    0.1011972427368164,
    0.10078978538513184,
    0.11095714569091797
  ],
  "numpy_cached": [
    0.06957650184631348,
    0.0712745189666748,
    0.07067656517028809,
    0.0694582462310791,
    0.07529163360595703
  ]
}