{
  "numpy_broadcast": [
    161.15288281440735,
    159.35817670822144,
    159.23065209388733,
    159.2778103351593,
    159.00714206695557
  ],
  "numpy_double_broadcast": [
    158.4844892024994,
    158.49358820915222,
    158.56954836845398,
    158.55956625938416,
    158.773850440979
  ],
  "scipy": [
    45.70431089401245,
    45.45587515830994,
    45.444984674453735,
    45.30579209327698,
    45.46117353439331
  ],
  "cython": [
    32.916430711746216,
    32.853657245635986,
    32.623793840408325,
    32.99937844276428,
    32.298360109329224
  ],
  "numpy_broadcast_cached": [
    87.6011004447937,
    86.12963533401489,
    86.24374985694885,
    86.2563259601593,
    86.34753847122192
  ]
}