{
  "python_brute": [
    210.33318519592285,
    210.36573481559753,
    211.31638407707214,
    212.07719349861145,
    212.47698140144348
  ],
  "python_cached": [
    110.01503229141235,
    110.27807116508484,
    113.04764199256897,
    110.16558527946472,
    110.45772528648376
  ],
  "numpy_brute": [
    127.53747057914734,
    127.57875514030457,
    127.40785717964172,
    127.67792963981628,
    127.13644981384277
  ],
  "numpy_cached": [
    67.96197128295898,
    67.97748231887817,
    68.15898823738098,
    68.25347709655762,
    68.24420547485352
  ],
  "numpy_broadcast": [
    4.353930234909058,
    3.040837526321411,
    3.0437169075012207,
    3.0415432453155518,
    4.429193019866943
  ],
  "scipy": [
    0.8173651695251465,
    0.8013429641723633,
    0.8267807960510254,
    0.8100769519805908,
    0.8428523540496826
  ],
  "cython": [
    0.5413455963134766,
    0.5335047245025635,
    0.5423583984375,
    0.5368280410766602,
    0.5386443138122559
  ],
  "cython_parallel": [
    1.1070003509521484,
    1.0996994972229004,
    1.1172637939453125,
    1.0910735130310059,
    1.1410481929779053
  ],
  "numpy_broadcast_cached": [
    1.848578929901123,
    1.643554925918579,
    1.6278095245361328,
    1.6095976829528809,
    1.6081409454345703
  ]
}