{
  "numpy_broadcast": [
    108.28385734558105,
    106.58524942398071,
    106.37904524803162,
    105.95138621330261,
    105.98873686790466
  ],
  "numpy_double_broadcast": [
    105.89374804496765,
    105.70111107826233,
    105.90496635437012,
    105.86717104911804,
    105.91867113113403
  ],
  "scipy": [
    30.002020835876465,
    30.05995464324951,
    30.002641677856445,
    30.157184600830078,
    30.354397296905518
  ],
  "cython": [
    18.72217631340027,
    19.12020206451416,
    18.99111557006836,
    18.987386226654053,
    19.18071222305298
  ]
}