{
  "numpy_broadcast": [
    30.511171579360962,
    14.034532308578491,
    14.130763292312622,
    14.083758115768433,
    14.111640930175781
  ],
  "numpy_double_broadcast": [
    14.218860149383545,
    14.10072135925293,
    14.2143075466156,
    14.22952151298523,
    14.07056713104248
  ],
  "scipy": [
    2.7863690853118896,
    3.0945637226104736,
    2.831926107406616,
    2.8859121799468994,
    2.807636022567749
  ],
  "cython": [
    2.421827554702759,
    2.384493589401245,
    2.4017081260681152,
    2.362201690673828,
    2.5146539211273193
  ]
}