{
  "python_brute": [
    0.4292440414428711,
    0.430372953414917,
    0.43668580055236816,
    0.4718914031982422,
    0.4370882511138916
  ],
  "python_cached": [
    0.2225055694580078,
    0.2250683307647705,
    0.23238682746887207,
    0.25057196617126465,
    0.22487783432006836
  ],
  "numpy_brute": [
    1.3497347831726074,
    1.3320302963256836,
    1.3378686904907227,
    1.3237597942352295,
    1.3518483638763428
  ],
  "numpy_cached": [
    0.7032601833343506,
    0.6884732246398926,
    0.6764600276947021,
    0.6791813373565674,
    0.6863558292388916
  ],
  "numpy_broadcast": [
    0.013672113418579102,
    0.014411449432373047,
    0.012789249420166016,
    0.012467384338378906,
    0.011941909790039062
  ],
  "numpy_double_broadcast": [
    0.011672496795654297,
    0.012211322784423828,
    0.012469053268432617,
    0.012636184692382812,
    0.012435436248779297
  ],
  "scipy": [
    0.0013689994812011719,
    0.001373291015625,
    0.001569986343383789,
    0.0012841224670410156,
    0.0013468265533447266
  ],
  "cython": [
    0.001687765121459961,
    0.0018253326416015625,
    0.0017561912536621094,
    0.0015575885772705078,
    0.0015692710876464844
  ],
  "cython_parallel": [
    0.0030629634857177734,
    0.0031676292419433594,
    0.003200054168701172,
    0.0028705596923828125,
    0.002962350845336914
  ]
}