{
  "python_brute": [
    0.00015020370483398438,
    0.00014638900756835938,
    0.00014495849609375,
    0.00014495849609375,
    0.00014519691467285156
  ],
  "python_cached": [
    9.870529174804688e-05,
    8.678436279296875e-05,
    8.58306884765625e-05,
    8.535385131835938e-05,
    0.0001723766326904297
  ],
  "numpy_brute": [
    0.0005204677581787109,
    0.0004811286926269531,
    0.0005936622619628906,
    0.0004799365997314453,
    0.0005624294281005859
  ],
  "numpy_cached": [
    0.00029397010803222656,
    0.00039315223693847656,
    0.00029087066650390625,
    0.00031757354736328125,
    0.00028514862060546875
  ],
  "numpy_broadcast": [
    0.000118255615234375,
    8.726119995117188e-05,
    8.320808410644531e-05,
    8.106231689453125e-05,
    8.082389831542969e-05
  ],
  "numpy_double_broadcast": [
    8.296966552734375e-05,
    8.082389831542969e-05,
    0.00010037422180175781,
    8.273124694824219e-05,
    8.249282836914062e-05
  ],
  "scipy": [
    4.220008850097656e-05,
    1.9073486328125e-05,
    1.4543533325195312e-05,
    1.430511474609375e-05,
    1.3113021850585938e-05
  ],
  "cython": [
    1.5497207641601562e-05,
    3.814697265625e-06,
    2.86102294921875e-06,
    2.384185791015625e-06,
    2.384185791015625e-06
  ],
  "cython_parallel": [
    4.76837158203125e-06,
    3.0994415283203125e-06,
    2.86102294921875e-06,
    3.0994415283203125e-06,
    2.86102294921875e-06
  ]
}