{
  "numpy_broadcast": [
    4.315957307815552,
    3.868558168411255,
    3.882821798324585,
    3.865931510925293,
    3.8979849815368652
  ],
  "scipy": [
    0.5696017742156982,
    0.563307523727417,
    0.5774538516998291,
    0.571251630783081,
    0.5695974826812744
  ],
  "cython": [
    0.6300418376922607,
    0.6533420085906982,
    0.634465217590332,
    0.6410772800445557,
    0.7081046104431152
  ],
  "numpy_broadcast_cached": [
    3.4671690464019775,
    3.2646050453186035,
    3.2559328079223633,
    3.2649056911468506,
    3.326943874359131
  ]
}