{
  "python_brute": [
    0.00377655029296875,
    0.0033524036407470703,
    0.002477407455444336,
    0.0027658939361572266,
    0.0024483203887939453
  ],
  "python_cached": [
    0.0012896060943603516,
    0.0013091564178466797,
    0.0014965534210205078,
    0.001958131790161133,
    0.0027527809143066406
  ],
  "numpy_brute": [
    0.0021097660064697266,
    0.0020592212677001953,
    0.001943349838256836,
    0.001959562301635742,
    0.0020835399627685547
  ],
  "numpy_cached": [
    0.0011680126190185547,
    0.0011320114135742188,
    0.0011262893676757812,
    0.0011968612670898438,
    0.0011186599731445312
  ],
  "numpy_broadcast": [
    0.00020694732666015625,
    0.00018095970153808594,
    0.00017786026000976562,
    0.00017690658569335938,
    0.00019741058349609375
  ],
  "numpy_double_broadcast": [
    0.0001938343048095703,
    0.00017642974853515625,
    0.0002522468566894531,
    0.00017786026000976562,
    0.0001773834228515625
  ],
  "scipy": [
    5.221366882324219e-05,
    2.47955322265625e-05,
    2.2172927856445312e-05,
    3.886222839355469e-05,
    2.1457672119140625e-05
  ],
  "cython": [
    2.3126602172851562e-05,
    8.344650268554688e-06,
    7.62939453125e-06,
    7.3909759521484375e-06,
    7.152557373046875e-06
  ],
  "cython_parallel": [
    1.4066696166992188e-05,
    1.239776611328125e-05,
    1.239776611328125e-05,
    1.2159347534179688e-05,
    1.239776611328125e-05
  ],
  "numpy_broadcast_cached": [
    0.00025081634521484375,
    0.0002281665802001953,
    0.000171661376953125,
    0.0001690387725830078,
    0.00016808509826660156
  ]
}