{
  "python_brute": [
    0.028407573699951172,
    0.02975773811340332,
    0.030237197875976562,
    0.029151201248168945,
    0.02900242805480957
  ],
  "python_cached": [
    0.018487930297851562,
    0.015547513961791992,
    0.015896081924438477,
    0.016674041748046875,
    0.015160560607910156
  ],
  "numpy_brute": [
    0.215317964553833,
    0.2177138328552246,
    0.20947742462158203,
    0.21042299270629883,
    0.23983454704284668
  ],
  "numpy_cached": [
    0.11257743835449219,
    0.11266636848449707,
    0.10575246810913086,
    0.10625624656677246,
    0.10670185089111328
  ],
  "numpy_broadcast": [
    0.002475261688232422,
    0.002550363540649414,
    0.0040073394775390625,
    0.0026848316192626953,
    0.002554655075073242
  ],
  "scipy": [
    0.0002930164337158203,
    0.00018143653869628906,
    0.00015401840209960938,
    0.00010323524475097656,
    9.5367431640625e-05
  ],
  "cython": [
    9.655952453613281e-05,
    8.320808410644531e-05,
    8.249282836914062e-05,
    8.20159912109375e-05,
    9.393692016601562e-05
  ],
  "cython_parallel": [
    0.0002589225769042969,
    0.0002994537353515625,
    0.00023603439331054688,
    0.0002741813659667969,
    0.0002560615539550781
  ],
  "numpy_broadcast_cached": [
    0.002371072769165039,
    0.0017092227935791016,
    0.0018157958984375,
    0.0018661022186279297,
    0.0018606185913085938
  ]
}