{
  "python_brute": [
    1.1540892124176025,
    1.1275670528411865,
    1.1311748027801514,
    1.1221237182617188,
    1.129565954208374
  ],
  "python_cached": [
    0.5742928981781006,
    0.6211593151092529,
    0.558103084564209,
    0.5795142650604248,
    0.583125114440918
  ],
  "numpy_brute": [
    0.06251072883605957,
    0.06377768516540527,
    0.062311649322509766,
    0.061682939529418945,
    0.06310129165649414
  ],
  "numpy_cached": [
    0.03645682334899902,
    0.03510427474975586,
    0.03552532196044922,
    0.03692269325256348,
    0.03649711608886719
  ]
}