{
  "numpy_broadcast": [
    10.512889385223389,
    9.77561640739441,
    9.803178548812866,
    9.823392629623413,
    9.79429817199707
  ],
  "scipy": [
    1.6071195602416992,
    1.619133710861206,
    1.6388413906097412,
    1.6042652130126953,
    1.6304166316986084
  ],
  "cython": [
    2.689685583114624,
    2.600437879562378,
    2.742647647857666,
    2.6384081840515137,
    2.8126089572906494
  ],
  "numpy_broadcast_cached": [
    8.260313749313354,
    7.864444255828857,
    8.023858785629272,
    7.910987138748169,
    7.818260669708252
  ]
}