{
  "python_brute": [
    3.9294376373291016,
    3.9354043006896973,
    4.014591932296753,
    3.9314749240875244,
    3.953726053237915
  ],
  "python_cached": [
    2.141547203063965,
    2.142702102661133,
    2.1357059478759766,
    2.1344404220581055,
    2.1763346195220947
  ],
  "numpy_brute": [
    21.76453948020935,
    21.77063822746277,
    21.530280351638794,
    21.682828664779663,
    21.69431757926941
  ],
  "numpy_cached": [
    11.096679925918579,
    11.005797386169434,
    11.03739309310913,
    10.95966911315918,
    10.989285707473755
  ],
  "numpy_broadcast": [
    0.12044787406921387,
    0.1183626651763916,
    0.11897158622741699,
    0.1219480037689209,
    0.11997056007385254
  ],
  "numpy_double_broadcast": [
    0.11965036392211914,
    0.12236857414245605,
    0.12313008308410645,
    0.11957120895385742,
    0.12095427513122559
  ],
  "scipy": [
    0.014940738677978516,
    0.01477956771850586,
    0.01495361328125,
    0.015243053436279297,
    0.015397071838378906
  ],
  "cython": [
    0.014568090438842773,
    0.013968467712402344,
    0.014149188995361328,
    0.01400899887084961,
    0.014435768127441406
  ],
  "cython_parallel": [
    0.024930238723754883,
    0.024101972579956055,
    0.023194551467895508,
    0.02381157875061035,
    0.02429485321044922
  ]
}