{
  "python_brute": [
    0.0164337158203125,
    0.017575740814208984,
    0.017066478729248047,
    0.015865087509155273,
    0.01655435562133789
  ],
  "python_cached": [
    0.008244037628173828,
    0.00830388069152832,
    0.008472442626953125,
    0.009154319763183594,
    0.009455204010009766
  ],
  "numpy_brute": [
    0.05007648468017578,
    0.05045318603515625,
    0.05170774459838867,
    0.04941296577453613,
    0.051928043365478516
  ],
  "numpy_cached": [
    0.026454448699951172,
    0.02932000160217285,
    0.03464174270629883,
    0.02799367904663086,
    0.025782108306884766
  ],
  "numpy_broadcast": [
    0.0012066364288330078,
    0.0011577606201171875,
    0.0013494491577148438,
    0.0012195110321044922,
    0.001115560531616211
  ],
  "scipy": [
    0.00015783309936523438,
    7.2479248046875e-05,
    0.00011086463928222656,
    6.818771362304688e-05,
    6.985664367675781e-05
  ],
  "cython": [
    8.106231689453125e-05,
    0.00011777877807617188,
    6.580352783203125e-05,
    6.103515625e-05,
    6.103515625e-05
  ],
  "cython_parallel": [
    0.00017261505126953125,
    0.00011324882507324219,
    0.00018548965454101562,
    0.00011301040649414062,
    0.00017571449279785156
  ],
  "numpy_broadcast_cached": [
    0.001007080078125,
    0.0009548664093017578,
    0.0009911060333251953,
    0.0009725093841552734,
    0.0009598731994628906
  ]
}