{
  "python_brute": [
    73.2623884677887,
    73.04040026664734,
    73.50756001472473,
    73.71915888786316,
    73.91689085960388
  ],
  "python_cached": [
    43.60650420188904,
    43.48782753944397,
    43.563318729400635,
    43.363648414611816,
    43.354427099227905
  ],
  "numpy_brute": [
    507.5647120475769,
    507.4278838634491,
    511.3083243370056,
    511.9820337295532,
    514.3081629276276
  ],
  "numpy_cached": [
    268.01530146598816,
    267.78548431396484,
    268.1673626899719,
    267.9352180957794,
    267.7503545284271
  ],
  "numpy_broadcast": [
    2.4321115016937256,
    2.1987812519073486,
    2.1679251194000244,
    2.171997308731079,
    2.157914161682129
  ],
  "numpy_double_broadcast": [
    2.162886142730713,
    2.1705682277679443,
    2.1627860069274902,
    2.1569600105285645,
    2.165553092956543
  ],
  "scipy": [
    0.22066831588745117,
    0.2228105068206787,
    0.2196650505065918,
    0.21495652198791504,
    0.2245631217956543
  ],
  "cython": [
    0.3674492835998535,
    0.3461439609527588,
    0.3590846061706543,
    0.35129737854003906,
    0.3441634178161621
  ],
  "cython_parallel": [
    0.6699209213256836,
    0.6577353477478027,
    0.6602811813354492,
    0.685023307800293,
    0.6545493602752686
  ]
}