{
  "numpy_broadcast": [
    20.69856023788452,
    19.911921977996826,
    19.773566484451294,
    19.71263861656189,
    19.81569743156433
  ],
  "numpy_double_broadcast": [
    19.762910842895508,
    19.822105169296265,
    19.904841423034668,
    19.701290607452393,
    19.825603723526
  ],
  "scipy": [
    4.031188488006592,
    4.03481125831604,
    3.9121224880218506,
    4.031871795654297,
    3.964637041091919
  ],
  "cython": [
    3.932098627090454,
    4.1604673862457275,
    3.8899149894714355,
    3.9267189502716064,
    3.91702938079834
  ]
}