{
  "python_brute": [
    0.15784096717834473,
    0.18262505531311035,
    0.1560652256011963,
    0.15433454513549805,
    0.15798735618591309
  ],
  "python_cached": [
    0.07941293716430664,
    0.08066415786743164,
    0.07963705062866211,
    0.07785272598266602,
    0.08004140853881836
  ],
  "numpy_brute": [
    0.20407557487487793,
    0.21053385734558105,
    0.20203065872192383,
    0.19749736785888672,
    0.2134532928466797
  ],
  "numpy_cached": [
    0.1047980785369873,
    0.10330677032470703,
    0.10315632820129395,
    0.10562491416931152,
    0.10413408279418945
  ],
  "numpy_broadcast": [
    0.004316806793212891,
    0.003953456878662109,
    0.004057645797729492,
    0.004157304763793945,
    0.004038095474243164
  ],
  "numpy_double_broadcast": [
    0.004328727722167969,
    0.0039560794830322266,
    0.0041692256927490234,
    0.004838705062866211,
    0.004448652267456055
  ],
  "scipy": [
    0.0005967617034912109,
    0.0005199909210205078,
    0.0005025863647460938,
    0.0005552768707275391,
    0.0004909038543701172
  ],
  "cython": [
    0.0003960132598876953,
    0.0003445148468017578,
    0.0003948211669921875,
    0.0004267692565917969,
    0.0004429817199707031
  ],
  "cython_parallel": [
    0.00077056884765625,
    0.0008831024169921875,
    0.0007638931274414062,
    0.0007605552673339844,
    0.0007598400115966797
  ],
  "numpy_broadcast_cached": [
    0.0027251243591308594,
    0.0023775100708007812,
    0.0024619102478027344,
    0.0025534629821777344,
    0.0024831295013427734
  ]
}