{
  "numpy_brute": [
    0.20023655891418457,
    0.2121589183807373,
    0.19478774070739746,
    0.20015478134155273,
    0.20031070709228516
  ],
  "numpy_cached": [
    0.1486988067626953,
    0.15488529205322266,
    0.14889883995056152,
    0.14703965187072754,
    0.15101122856140137
  ]
}