{
  "python_brute": [
    0.025334835052490234,
    0.025612354278564453,
    0.02542877197265625,
    0.025434017181396484,
    0.024663686752319336
  ],
  "python_cached": [
    0.0143280029296875,
    0.012819051742553711,
    0.013350725173950195,
    0.01374959945678711,
    0.013099908828735352
  ],
  "numpy_brute": [
    0.033165931701660156,
    0.032828330993652344,
    0.0322115421295166,
    0.0332493782043457,
    0.03197002410888672
  ],
  "numpy_cached": [
    0.01695847511291504,
    0.01665210723876953,
    0.018290281295776367,
    0.018698930740356445,
    0.01731395721435547
  ],
  "numpy_broadcast": [
    0.0010237693786621094,
    0.0010023117065429688,
    0.0010173320770263672,
    0.0009326934814453125,
    0.0011134147644042969
  ],
  "scipy": [
    0.00011944770812988281,
    8.96453857421875e-05,
    8.440017700195312e-05,
    8.392333984375e-05,
    8.320808410644531e-05
  ],
  "cython": [
    7.295608520507812e-05,
    5.793571472167969e-05,
    5.650520324707031e-05,
    5.626678466796875e-05,
    5.626678466796875e-05
  ],
  "cython_parallel": [
    0.00011849403381347656,
    0.00011682510375976562,
    0.0001163482666015625,
    0.00011658668518066406,
    0.00011658668518066406
  ],
  "numpy_broadcast_cached": [
    0.0009486675262451172,
    0.0010187625885009766,
    0.0008213520050048828,
    0.0009508132934570312,
    0.0007486343383789062
  ],
  "numpy_double_broadcast": [
    0.0009927749633789062,
    0.000835418701171875,
    0.0007486343383789062,
    0.0008389949798583984,
    0.0007550716400146484
  ]
}