{
  "python_brute": [
    0.9956743717193604,
    0.9784245491027832,
    1.0046336650848389,
    0.9913926124572754,
    1.0366895198822021
  ],
  "python_cached": [
    0.5125195980072021,
    0.5011999607086182,
    0.5060288906097412,
    0.49588680267333984,
    0.508136510848999
  ],
  "numpy_brute": [
    1.2836430072784424,
    1.2519934177398682,
    1.259927749633789,
    1.2794828414916992,
    1.2744369506835938
  ],
  "numpy_cached": [
    0.6873354911804199,
    0.6556024551391602,
    0.7011721134185791,
    0.6883692741394043,
    0.6833622455596924
  ],
  "numpy_broadcast": [
    0.021375179290771484,
    0.023686885833740234,
    0.01905679702758789,
    0.02336263656616211,
    0.019544601440429688
  ],
  "scipy": [
    0.0030050277709960938,
    0.002977609634399414,
    0.0034918785095214844,
    0.0031664371490478516,
    0.003149747848510742
  ],
  "cython": [
    0.002669811248779297,
    0.0022306442260742188,
    0.002354860305786133,
    0.002405405044555664,
    0.0023431777954101562
  ],
  "cython_parallel": [
    0.005208253860473633,
    0.005164623260498047,
    0.004760026931762695,
    0.0047626495361328125,
    0.005702018737792969
  ],
  "numpy_broadcast_cached": [
    0.012971639633178711,
    0.01934981346130371,
    0.01486659049987793,
    0.014733314514160156,
    0.011762619018554688
  ]
}