{
  "numpy_broadcast": [
    200.01645874977112,
    199.3289155960083,
    199.2651047706604,
    199.031236410141,
    198.9012508392334
  ],
  "numpy_double_broadcast": [
    198.08292722702026,
    198.15960359573364,
    197.84418845176697,
    198.3150622844696,
    197.8277428150177
  ],
  "scipy": [
    60.83063817024231,
    60.87960600852966,
    60.77940320968628,
    60.41229319572449,
    60.56492781639099
  ],
  "cython": [
    36.9128897190094,
    36.26283502578735,
    36.51988697052002,
    36.53570294380188,
    35.73810958862305
  ],
  "numpy_broadcast_cached": [
    104.36363339424133,
    103.32291173934937,
    103.16888880729675,
    103.0823290348053,
    103.56131863594055
  ]
}