{
  "python_brute": [
    0.6355776786804199,
    0.6213729381561279,
    0.6526131629943848,
    0.6171920299530029,
    0.6255090236663818
  ],
  "python_cached": [
    0.31450319290161133,
    0.31473875045776367,
    0.3093404769897461,
    0.3272216320037842,
    0.3225433826446533
  ],
  "numpy_brute": [
    0.8396766185760498,
    0.8325135707855225,
    0.8407423496246338,
    0.8400998115539551,
    0.8528492450714111
  ],
  "numpy_cached": [
    0.4805152416229248,
    0.43968844413757324,
    0.4432663917541504,
    0.46720385551452637,
    0.4813499450683594
  ],
  "numpy_broadcast": [
    0.014792442321777344,
    0.014787435531616211,
    0.014083385467529297,
    0.013998031616210938,
    0.012688875198364258
  ],
  "scipy": [
    0.0018575191497802734,
    0.0018913745880126953,
    0.0023376941680908203,
    0.0018665790557861328,
    0.0018944740295410156
  ],
  "cython": [
    0.0015795230865478516,
    0.0015249252319335938,
    0.0013933181762695312,
    0.0014600753784179688,
    0.0014069080352783203
  ],
  "cython_parallel": [
    0.0032045841217041016,
    0.0031316280364990234,
    0.0029091835021972656,
    0.003055572509765625,
    0.0032265186309814453
  ],
  "numpy_broadcast_cached": [
    0.00883793830871582,
    0.008472681045532227,
    0.00900888442993164,
    0.008817195892333984,
    0.008535623550415039
  ]
}