{
  "python_brute": [
    0.739553689956665,
    0.7138886451721191,
    0.7426612377166748,
    0.7165875434875488,
    0.7298119068145752
  ],
  "python_cached": [
    0.4001634120941162,
    0.3918743133544922,
    0.4041600227355957,
    0.40049028396606445,
    0.40618276596069336
  ],
  "numpy_brute": [
    5.834893226623535,
    5.848968744277954,
    5.9061267375946045,
    5.631518125534058,
    5.503685712814331
  ],
  "numpy_cached": [
    2.8000268936157227,
    2.8214926719665527,
    2.815753221511841,
    2.7874093055725098,
    2.81680965423584
  ],
  "numpy_broadcast": [
    0.03186917304992676,
    0.03216695785522461,
    0.02976393699645996,
    0.028913497924804688,
    0.028726816177368164
  ],
  "numpy_double_broadcast": [
    0.031061172485351562,
    0.0312349796295166,
    0.030071735382080078,
    0.030382633209228516,
    0.031189918518066406
  ],
  "scipy": [
    0.0021414756774902344,
    0.002652406692504883,
    0.002912282943725586,
    0.002426624298095703,
    0.00410771369934082
  ],
  "cython": [
    0.0038385391235351562,
    0.004446744918823242,
    0.004506349563598633,
    0.0040776729583740234,
    0.0040743350982666016
  ],
  "cython_parallel": [
    0.0050427913665771484,
    0.003522157669067383,
    0.00531315803527832,
    0.006126880645751953,
    0.006702423095703125
  ]
}