{
  "numpy_brute": [
    0.0666351318359375,
    0.0683739185333252,
    0.06362271308898926,
    0.06550168991088867,
    0.06619477272033691
  ],
  "numpy_cached": [
    0.039264678955078125,
    0.038303375244140625,
    0.03814840316772461,
    0.037863969802856445,
    0.03741955757141113
  ]
}