{
  "python_brute": [
    0.4757723808288574,
    0.46936869621276855,
    0.4668428897857666,
    0.4620234966278076,
    0.4593691825866699
  ],
  "python_cached": [
    0.25628137588500977,
    0.2698845863342285,
    0.2525782585144043,
    0.26363682746887207,
    0.2576310634613037
  ],
  "numpy_brute": [
    3.363832950592041,
    3.4092509746551514,
    3.475412368774414,
    3.4370274543762207,
    3.4455535411834717
  ],
  "numpy_cached": [
    1.765718698501587,
    1.7763288021087646,
    1.7556126117706299,
    1.7713830471038818,
    1.815903663635254
  ],
  "numpy_broadcast": [
    0.02321004867553711,
    0.023288249969482422,
    0.024918317794799805,
    0.026718854904174805,
    0.022259235382080078
  ],
  "scipy": [
    0.001512765884399414,
    0.0014781951904296875,
    0.001314401626586914,
    0.0016024112701416016,
    0.0015518665313720703
  ],
  "cython": [
    0.0015988349914550781,
    0.0013585090637207031,
    0.0015292167663574219,
    0.0013015270233154297,
    0.0013909339904785156
  ],
  "cython_parallel": [
    0.0022399425506591797,
    0.0022096633911132812,
    0.0022242069244384766,
    0.002034425735473633,
    0.002201080322265625
  ],
  "numpy_broadcast_cached": [
    0.01598381996154785,
    0.015354394912719727,
    0.014903068542480469,
    0.01441502571105957,
    0.014326810836791992
  ]
}