{
  "python_brute": [
    1794.573495388031,
    1797.9871113300323,
    1803.9639070034027,
    1794.901249885559,
    1791.1269161701202
  ],
  "python_cached": [
    899.0054368972778,
    896.2041370868683,
    898.2636017799377,
    899.7432036399841,
    901.7376136779785
  ],
  "numpy_brute": [
    522.8878021240234,
    519.4156379699707,
    521.1891713142395,
    520.3926014900208,
    519.0353305339813
  ],
  "numpy_cached": [
    279.0264296531677,
    277.50094842910767,
    276.58077096939087,
    277.49316239356995,
    277.16552782058716
  ],
  "numpy_broadcast": [
    46.349404096603394,
    31.25331401824951,
    31.275196075439453,
    31.270779848098755,
    31.21719241142273
  ],
  "scipy": [
    9.949068307876587,
    9.92166543006897,
    9.903344631195068,
    9.914387702941895,
    9.895475625991821
  ],
  "cython": [
    4.331791400909424,
    4.333792448043823,
    4.398565292358398,
    4.376796007156372,
    4.385870933532715
  ],
  "cython_parallel": [
    9.716585159301758,
    9.682069063186646,
    9.756837606430054,
    9.671001434326172,
    9.766587972640991
  ],
  "numpy_broadcast_cached": [
    15.222366333007812,
    15.077605962753296,
    15.100436449050903,
    15.02241849899292,
    15.05822467803955
  ]
}