{
  "numpy_broadcast": [
    193.35577702522278,
    190.45998239517212,
    190.44099497795105,
    191.06948518753052,
    190.7758116722107
  ],
  "scipy": [
    54.272749185562134,
    53.81684231758118,
    54.26468229293823,
    54.10804057121277,
    54.24516153335571
  ],
  "cython": [
    40.193984508514404,
    40.217825174331665,
    40.126967668533325,
    39.900310039520264,
    40.32238721847534
  ],
  "numpy_broadcast_cached": [
    105.24634981155396,
    103.97802472114563,
    103.93193125724792,
    103.66297173500061,
    103.78141927719116
  ]
}