{
  "numpy_brute": [
    0.07342958450317383,
    0.07330536842346191,
    0.07296395301818848,
    0.07305192947387695,
    0.08212471008300781
  ],
  "numpy_cached": [
    0.047136783599853516,
    0.04640460014343262,
    0.048029184341430664,
    0.04576396942138672,
    0.046575307846069336
  ]
}