{
  "python_brute": [
    0.0013167858123779297,
    0.0011005401611328125,
    0.0011353492736816406,
    0.001178741455078125,
    0.0011157989501953125
  ],
  "python_cached": [
    0.0005905628204345703,
    0.0006110668182373047,
    0.0007014274597167969,
    0.0006654262542724609,
    0.0005860328674316406
  ],
  "numpy_brute": [
    0.0021276473999023438,
    0.001965761184692383,
    0.0017952919006347656,
    0.0018572807312011719,
    0.002105236053466797
  ],
  "numpy_cached": [
    0.001066446304321289,
    0.001081228256225586,
    0.0013332366943359375,
    0.0009903907775878906,
    0.0012841224670410156
  ],
  "numpy_broadcast": [
    0.0002033710479736328,
    0.00016832351684570312,
    0.000164031982421875,
    0.00016164779663085938,
    0.00016164779663085938
  ],
  "numpy_double_broadcast": [
    0.0002193450927734375,
    0.0003745555877685547,
    0.00023627281188964844,
    0.00017309188842773438,
    0.0002970695495605469
  ],
  "scipy": [
    5.435943603515625e-05,
    3.886222839355469e-05,
    1.811981201171875e-05,
    1.6689300537109375e-05,
    1.621246337890625e-05
  ],
  "cython": [
    2.002716064453125e-05,
    6.198883056640625e-06,
    5.7220458984375e-06,
    4.76837158203125e-06,
    5.0067901611328125e-06
  ],
  "cython_parallel": [
    9.298324584960938e-06,
    7.3909759521484375e-06,
    7.152557373046875e-06,
    7.3909759521484375e-06,
    7.152557373046875e-06
  ],
  "numpy_broadcast_cached": [
    0.00027060508728027344,
    0.00016641616821289062,
    0.00016164779663085938,
    0.00015974044799804688,
    0.0001590251922607422
  ]
}