{
  "python_brute": [
    310.18942189216614,
    308.4620990753174,
    310.03855872154236,
    311.549019575119,
    311.87240076065063
  ],
  "python_cached": [
    158.31622958183289,
    160.9078290462494,
    158.44430470466614,
    158.58914065361023,
    159.04325699806213
  ],
  "numpy_brute": [
    131.1034848690033,
    129.91724586486816,
    129.84112119674683,
    129.64516162872314,
    129.7850775718689
  ],
  "numpy_cached": [
    69.91794347763062,
    69.2684555053711,
    69.3289864063263,
    69.40108799934387,
    69.39294147491455
  ],
  "numpy_broadcast": [
    6.568678379058838,
    4.618962049484253,
    4.649801731109619,
    4.596110105514526,
    6.608938455581665
  ],
  "numpy_double_broadcast": [
    4.572624683380127,
    4.538824558258057,
    4.6040918827056885,
    4.6456944942474365,
    4.581798791885376
  ],
  "scipy": [
    1.2317383289337158,
    1.2884852886199951,
    1.2530922889709473,
    1.241192102432251,
    1.2652990818023682
  ],
  "cython": [
    0.6969337463378906,
    0.6782383918762207,
    0.6799695491790771,
    0.6731870174407959,
    0.6829075813293457
  ],
  "cython_parallel": [
    1.4831085205078125,
    1.4616565704345703,
    1.4647042751312256,
    1.4644932746887207,
    1.4887909889221191
  ]
}