{
  "python_brute": [
    1.0394153594970703,
    1.0392084121704102,
    1.038417100906372,
    1.0715937614440918,
    1.0294880867004395
  ],
  "python_cached": [
    0.5275130271911621,
    0.5174925327301025,
    0.5099160671234131,
    0.5320553779602051,
    0.5337414741516113
  ],
  "numpy_brute": [
    0.05830550193786621,
    0.0573115348815918,
    0.059067726135253906,
    0.05698823928833008,
    0.058225154876708984
  ],
  "numpy_cached": [
    0.03318333625793457,
    0.03178668022155762,
    0.03185129165649414,
    0.0349278450012207,
    0.03343558311462402
  ]
}