{
  "numpy_brute": [
    0.22010302543640137,
    0.2101144790649414,
    0.22018742561340332,
    0.2185988426208496,
    0.22283077239990234
  ],
  "numpy_cached": [
    0.17276835441589355,
    0.16426801681518555,
    0.17908358573913574,
    0.16531682014465332,
    0.16519689559936523
  ]
}