{
  "python_brute": [
    0.08837580680847168,
    0.08895707130432129,
    0.08895254135131836,
    0.0940396785736084,
    0.08983969688415527
  ],
  "python_cached": [
    0.04530024528503418,
    0.045171260833740234,
    0.04548168182373047,
    0.04752182960510254,
    0.04523038864135742
  ],
  "numpy_brute": [
    0.12630629539489746,
    0.12032604217529297,
    0.11870861053466797,
    0.12153434753417969,
    0.13439536094665527
  ],
  "numpy_cached": [
    0.06950044631958008,
    0.06637382507324219,
    0.06839704513549805,
    0.06607174873352051,
    0.07937288284301758
  ],
  "numpy_broadcast": [
    0.00419306755065918,
    0.0038604736328125,
    0.002691984176635742,
    0.0025827884674072266,
    0.0030062198638916016
  ],
  "scipy": [
    0.0003027915954589844,
    0.0003407001495361328,
    0.0003173351287841797,
    0.00028061866760253906,
    0.0003452301025390625
  ],
  "cython": [
    0.00023365020751953125,
    0.0002410411834716797,
    0.00019741058349609375,
    0.0003120899200439453,
    0.0004067420959472656
  ],
  "cython_parallel": [
    0.0008089542388916016,
    0.0006210803985595703,
    0.0005824565887451172,
    0.0006356239318847656,
    0.0004906654357910156
  ],
  "numpy_broadcast_cached": [
    0.0018131732940673828,
    0.0020186901092529297,
    0.0016930103302001953,
    0.001760721206665039,
    0.00167083740234375
  ],
  "numpy_double_broadcast": [
    0.003212451934814453,
    0.003087282180786133,
    0.0030641555786132812,
    0.002991914749145508,
    0.003152608871459961
  ]
}