{
  "python_brute": [
    0.6984350681304932,
    0.6954572200775146,
    0.7145042419433594,
    0.6884956359863281,
    0.690359354019165
  ],
  "python_cached": [
    0.3566315174102783,
    0.3562052249908447,
    0.35810208320617676,
    0.3517465591430664,
    0.36209583282470703
  ],
  "numpy_brute": [
    1.2735509872436523,
    1.2706470489501953,
    1.3094298839569092,
    1.334420919418335,
    1.2603261470794678
  ],
  "numpy_cached": [
    0.6937954425811768,
    0.715245246887207,
    0.6747066974639893,
    0.682373046875,
    0.6736347675323486
  ],
  "numpy_broadcast": [
    0.01786327362060547,
    0.01679205894470215,
    0.016121387481689453,
    0.016529560089111328,
    0.015399456024169922
  ],
  "scipy": [
    0.0018568038940429688,
    0.0017666816711425781,
    0.0017230510711669922,
    0.0017769336700439453,
    0.002127408981323242
  ],
  "cython": [
    0.0016176700592041016,
    0.0018093585968017578,
    0.0017328262329101562,
    0.0016317367553710938,
    0.0016961097717285156
  ],
  "cython_parallel": [
    0.003376483917236328,
    0.0036051273345947266,
    0.0034520626068115234,
    0.0032660961151123047,
    0.0036818981170654297
  ],
  "numpy_broadcast_cached": [
    0.010877847671508789,
    0.010143280029296875,
    0.010714530944824219,
    0.01090097427368164,
    0.01071310043334961
  ],
  "numpy_double_broadcast": [
    0.016838788986206055,
    0.016823768615722656,
    0.016434431076049805,
    0.01656365394592285,
    0.016591310501098633
  ]
}