{
  "python_brute": [
    0.05944228172302246,
    0.06351876258850098,
    0.06105780601501465,
    0.059094905853271484,
    0.060418128967285156
  ],
  "python_cached": [
    0.02937459945678711,
    0.0313413143157959,
    0.030217647552490234,
    0.03435254096984863,
    0.032067060470581055
  ],
  "numpy_brute": [
    0.053398847579956055,
    0.06105828285217285,
    0.053613901138305664,
    0.05129528045654297,
    0.05301070213317871
  ],
  "numpy_cached": [
    0.026019573211669922,
    0.02848029136657715,
    0.02832341194152832,
    0.028679370880126953,
    0.02653956413269043
  ],
  "numpy_broadcast": [
    0.0017936229705810547,
    0.0018613338470458984,
    0.0017206668853759766,
    0.0015571117401123047,
    0.0018451213836669922
  ],
  "scipy": [
    0.0002715587615966797,
    0.00020241737365722656,
    0.0001964569091796875,
    0.0001952648162841797,
    0.00019478797912597656
  ],
  "cython": [
    0.00014734268188476562,
    0.0001316070556640625,
    0.00013065338134765625,
    0.00012993812561035156,
    0.00012993812561035156
  ],
  "cython_parallel": [
    0.00031256675720214844,
    0.0003097057342529297,
    0.000408172607421875,
    0.00027751922607421875,
    0.0002772808074951172
  ],
  "numpy_broadcast_cached": [
    0.0013399124145507812,
    0.0010542869567871094,
    0.0010437965393066406,
    0.0012357234954833984,
    0.0010476112365722656
  ],
  "numpy_double_broadcast": [
    0.002509593963623047,
    0.0025305747985839844,
    0.0022821426391601562,
    0.0022373199462890625,
    0.0019452571868896484
  ]
}