{
  "python_brute": [
    868.1316320896149,
    870.1410655975342,
    874.6724071502686,
    871.5707743167877,
    870.1543691158295
  ],
  "python_cached": [
    447.1940321922302,
    447.741996049881,
    449.78217482566833,
    445.88571763038635,
    446.06281208992004
  ],
  "numpy_brute": [
    527.844783782959,
    527.653528213501,
    528.4667506217957,
    529.9511449337006,
    529.2586946487427
  ],
  "numpy_cached": [
    281.9257583618164,
    282.51887559890747,
    283.7880177497864,
    283.6241509914398,
    283.57246375083923
  ],
  "numpy_broadcast": [
    31.340905904769897,
    14.00862717628479,
    13.988513231277466,
    13.842485904693604,
    13.95416784286499
  ],
  "numpy_double_broadcast": [
    14.067813396453857,
    13.959621906280518,
    13.957496404647827,
    13.973663806915283,
    13.910597562789917
  ],
  "scipy": [
    3.949398994445801,
    3.898090362548828,
    3.9753127098083496,
    3.9047086238861084,
    3.8841841220855713
  ],
  "cython": [
    2.1467607021331787,
    2.125354528427124,
    2.1319191455841064,
    2.1345021724700928,
    2.1375012397766113
  ],
  "cython_parallel": [
    4.599768161773682,
    4.637386798858643,
    4.588568687438965,
    4.598221302032471,
    4.59236478805542
  ],
  "numpy_broadcast_cached": [
    7.2557384967803955,
    6.894694566726685,
    7.042932987213135,
    7.0490100383758545,
    6.951164484024048
  ]
}