{
  "python_brute": [
    1.056305170059204,
    1.1086137294769287,
    1.0075421333312988,
    1.0182008743286133,
    0.9993259906768799
  ],
  "python_cached": [
    0.523723840713501,
    0.5137348175048828,
    0.5287275314331055,
    0.5147960186004639,
    0.5480730533599854
  ],
  "numpy_brute": [
    1.9573884010314941,
    1.940462350845337,
    1.9406423568725586,
    1.9183719158172607,
    1.9462788105010986
  ],
  "numpy_cached": [
    1.0354578495025635,
    0.9939675331115723,
    0.9927003383636475,
    1.0143799781799316,
    0.9964900016784668
  ],
  "numpy_broadcast": [
    0.03151082992553711,
    0.023593425750732422,
    0.02181839942932129,
    0.021187782287597656,
    0.021225690841674805
  ],
  "scipy": [
    0.0031766891479492188,
    0.002650737762451172,
    0.0026178359985351562,
    0.004899263381958008,
    0.0029876232147216797
  ],
  "cython": [
    0.004097938537597656,
    0.0030612945556640625,
    0.0038177967071533203,
    0.002530336380004883,
    0.0023834705352783203
  ],
  "cython_parallel": [
    0.005348920822143555,
    0.005051136016845703,
    0.00486302375793457,
    0.00452423095703125,
    0.005408048629760742
  ],
  "numpy_broadcast_cached": [
    0.014579296112060547,
    0.01333928108215332,
    0.015080690383911133,
    0.014934301376342773,
    0.013566732406616211
  ],
  "numpy_double_broadcast": [
    0.02220320701599121,
    0.022223472595214844,
    0.02140212059020996,
    0.020461320877075195,
    0.022169113159179688
  ]
}