{
  "python_brute": [
    4.337071657180786,
    4.3600006103515625,
    4.283278226852417,
    4.280396938323975,
    4.349653482437134
  ],
  "python_cached": [
    2.1420674324035645,
    2.1791415214538574,
    2.185607671737671,
    2.1834912300109863,
    2.185894250869751
  ],
  "numpy_brute": [
    1.9521019458770752,
    1.9879188537597656,
    1.957829236984253,
    1.9524133205413818,
    1.9296529293060303
  ],
  "numpy_cached": [
    1.049220085144043,
    1.0769758224487305,
    1.05987548828125,
    1.061753273010254,
    1.018716812133789
  ],
  "numpy_broadcast": [
    0.07070302963256836,
    0.06703615188598633,
    0.06531381607055664,
    0.06743812561035156,
    0.0632932186126709
  ],
  "scipy": [
    0.015871763229370117,
    0.01627206802368164,
    0.01645684242248535,
    0.01766204833984375,
    0.01734781265258789
  ],
  "cython": [
    0.009027481079101562,
    0.008969545364379883,
    0.009131669998168945,
    0.009049415588378906,
    0.008945465087890625
  ],
  "cython_parallel": [
    0.02064037322998047,
    0.021390199661254883,
    0.020432710647583008,
    0.02201676368713379,
    0.022583484649658203
  ],
  "numpy_broadcast_cached": [
    0.03720211982727051,
    0.03467297554016113,
    0.03365373611450195,
    0.0348505973815918,
    0.03539419174194336
  ],
  "numpy_double_broadcast": [
    0.0841057300567627,
    0.0829615592956543,
    0.0830831527709961,
    0.08283805847167969,
    0.08415031433105469
  ]
}