{
  "numpy_brute": [
    0.4469320774078369,
    0.4529860019683838,
    0.4438183307647705,
    0.45433950424194336,
    0.45757150650024414
  ],
  "numpy_cached": [
    0.4192049503326416,
    0.3932070732116699,
    0.37601423263549805,
    0.39116573333740234,
    0.36969637870788574
  ]
}