{
  "python_brute": [
    2.6114439964294434,
    2.5820648670196533,
    2.537977695465088,
    2.5498273372650146,
    2.568131923675537
  ],
  "python_cached": [
    1.2887065410614014,
    1.3209598064422607,
    1.308452844619751,
    1.308678388595581,
    1.3060123920440674
  ],
  "numpy_brute": [
    3.4021048545837402,
    3.3419852256774902,
    3.3476009368896484,
    3.3466742038726807,
    3.3218955993652344
  ],
  "numpy_cached": [
    1.7754578590393066,
    1.8029272556304932,
    1.77569580078125,
    1.7597415447235107,
    1.7238998413085938
  ],
  "numpy_broadcast": [
    0.04684710502624512,
    0.04653596878051758,
    0.045938968658447266,
    0.06231856346130371,
    0.04438495635986328
  ],
  "scipy": [
    0.007290840148925781,
    0.008063793182373047,
    0.007962703704833984,
    0.008136272430419922,
    0.00776219367980957
  ],
  "cython": [
    0.005913734436035156,
    0.006091594696044922,
    0.005982160568237305,
    0.006430149078369141,
    0.006755828857421875
  ],
  "cython_parallel": [
    0.012706995010375977,
    0.012559175491333008,
    0.012969017028808594,
    0.01306009292602539,
    0.012594938278198242
  ],
  "numpy_broadcast_cached": [
    0.027396678924560547,
    0.027974605560302734,
    0.026055335998535156,
    0.028903722763061523,
    0.027852773666381836
  ]
}