{
  "numpy_brute": [
    0.38146424293518066,
    0.39058756828308105,
    0.37367773056030273,
    0.3818628787994385,
    0.38258981704711914
  ],
  "numpy_cached": [
    0.3656942844390869,
    0.32329297065734863,
    0.3053464889526367,
    0.3120095729827881,
    0.30766892433166504
  ]
}