{
  "numpy_brute": [
    4.366361379623413,
    4.414439678192139,
    4.359566688537598,
    4.387243032455444,
    4.511812448501587
  ],
  "numpy_cached": [
    2.667222261428833,
    2.6732757091522217,
    2.7004616260528564,
    2.6529276371002197,
    2.7286248207092285
  ]
}