{
  "numpy_broadcast": [
    86.93834853172302,
    83.23600792884827,
    83.20777416229248,
    83.12068319320679,
    82.93526339530945
  ],
  "numpy_double_broadcast": [
    82.97226095199585,
    83.12021517753601,
    83.08184671401978,
    83.10188245773315,
    83.29562783241272
  ],
  "scipy": [
    16.26784372329712,
    16.165494680404663,
    16.325661659240723,
    16.221458911895752,
    16.253942489624023
  ],
  "cython": [
    20.814603805541992,
    20.305512189865112,
    19.963683605194092,
    20.319156169891357,
    20.467841625213623
  ]
}