{
  "python_brute": [
    0.0007040500640869141,
    0.0006237030029296875,
    0.0006949901580810547,
    0.0007221698760986328,
    0.0006153583526611328
  ],
  "python_cached": [
    0.0003955364227294922,
    0.0005140304565429688,
    0.0005354881286621094,
    0.000453948974609375,
    0.0003490447998046875
  ],
  "numpy_brute": [
    0.0025146007537841797,
    0.002189159393310547,
    0.0019600391387939453,
    0.0022013187408447266,
    0.002312183380126953
  ],
  "numpy_cached": [
    0.0012638568878173828,
    0.001062631607055664,
    0.001226186752319336,
    0.0012276172637939453,
    0.0009913444519042969
  ],
  "numpy_broadcast": [
    0.00019431114196777344,
    0.0002617835998535156,
    0.00015854835510253906,
    0.00015616416931152344,
    0.0001952648162841797
  ],
  "scipy": [
    4.839897155761719e-05,
    2.1219253540039062e-05,
    1.6927719116210938e-05,
    1.5735626220703125e-05,
    1.5020370483398438e-05
  ],
  "cython": [
    3.647804260253906e-05,
    6.4373016357421875e-06,
    5.245208740234375e-06,
    4.5299530029296875e-06,
    5.0067901611328125e-06
  ],
  "cython_parallel": [
    8.344650268554688e-06,
    6.9141387939453125e-06,
    1.9311904907226562e-05,
    6.4373016357421875e-06,
    6.4373016357421875e-06
  ],
  "numpy_broadcast_cached": [
    0.0002560615539550781,
    0.0001552104949951172,
    0.00015211105346679688,
    0.00014925003051757812,
    0.00018262863159179688
  ],
  "numpy_double_broadcast": [
    7.2479248046875e-05,
    2.765655517578125e-05,
    2.288818359375e-05,
    2.1219253540039062e-05,
    2.0742416381835938e-05
  ]
}