{
  "numpy_broadcast": [
    39.50606894493103,
    37.68121957778931,
    37.597968339920044,
    37.7452232837677,
    37.78024744987488
  ],
  "scipy": [
    6.386826992034912,
    6.442030668258667,
    6.262805700302124,
    6.33405876159668,
    6.450517654418945
  ],
  "cython": [
    8.23386836051941,
    8.29393196105957,
    8.635695219039917,
    8.29097294807434,
    8.426988363265991
  ],
  "numpy_broadcast_cached": [
    27.458906173706055,
    26.724812269210815,
    26.592703342437744,
    26.690957069396973,
    26.447829008102417
  ]
}