{
  "python_brute": [
    0.7941365242004395,
    0.7838823795318604,
    0.8076179027557373,
    0.7847790718078613,
    0.800161600112915
  ],
  "python_cached": [
    0.430680513381958,
    0.40126824378967285,
    0.3950846195220947,
    0.3965597152709961,
    0.4249298572540283
  ],
  "numpy_brute": [
    0.059889793395996094,
    0.0610198974609375,
    0.05919218063354492,
    0.0686330795288086,
    0.06090188026428223
  ],
  "numpy_cached": [
    0.033689022064208984,
    0.03165626525878906,
    0.03345894813537598,
    0.03405308723449707,
    0.03249502182006836
  ]
}