{
  "python_brute": [
    0.0645606517791748,
    0.06349921226501465,
    0.06525230407714844,
    0.06798601150512695,
    0.06353521347045898
  ],
  "python_cached": [
    0.034067630767822266,
    0.03504681587219238,
    0.034192562103271484,
    0.03374457359313965,
    0.03515911102294922
  ],
  "numpy_brute": [
    0.45572519302368164,
    0.4588172435760498,
    0.4549236297607422,
    0.4636979103088379,
    0.4595308303833008
  ],
  "numpy_cached": [
    0.23755741119384766,
    0.23638486862182617,
    0.23177504539489746,
    0.2362971305847168,
    0.2340238094329834
  ],
  "numpy_broadcast": [
    0.0051937103271484375,
    0.005006313323974609,
    0.004770994186401367,
    0.004639148712158203,
    0.004487752914428711
  ],
  "scipy": [
    0.0004138946533203125,
    0.00021839141845703125,
    0.0002224445343017578,
    0.00019598007202148438,
    0.00019216537475585938
  ],
  "cython": [
    0.00022792816162109375,
    0.00018095970153808594,
    0.0001804828643798828,
    0.0001800060272216797,
    0.00017976760864257812
  ],
  "cython_parallel": [
    0.00026798248291015625,
    0.0002663135528564453,
    0.00026607513427734375,
    0.0002837181091308594,
    0.00034427642822265625
  ],
  "numpy_broadcast_cached": [
    0.0037832260131835938,
    0.0035581588745117188,
    0.0034792423248291016,
    0.003140687942504883,
    0.003287792205810547
  ],
  "numpy_double_broadcast": [
    0.0025446414947509766,
    0.0021686553955078125,
    0.0023055076599121094,
    0.0022699832916259766,
    0.0022737979888916016
  ]
}