{
  "numpy_brute": [
    0.07265305519104004,
    0.07337307929992676,
    0.07819294929504395,
    0.07567620277404785,
    0.08295655250549316
  ],
  "numpy_cached": [
    0.05772042274475098,
    0.04828310012817383,
    0.04705023765563965,
    0.04825639724731445,
    0.04831528663635254
  ]
}