{
  "python_brute": [
    2.085468292236328,
    2.0929417610168457,
    2.097275495529175,
    2.100229501724243,
    2.150365114212036
  ],
  "python_cached": [
    1.0413103103637695,
    1.0625536441802979,
    1.047818899154663,
    1.1107981204986572,
    1.0336344242095947
  ],
  "numpy_brute": [
    1.3154652118682861,
    1.3197813034057617,
    1.2975585460662842,
    1.3124406337738037,
    1.3220198154449463
  ],
  "numpy_cached": [
    0.7037110328674316,
    0.7222142219543457,
    0.6971914768218994,
    0.6962313652038574,
    0.7099921703338623
  ],
  "numpy_broadcast": [
    0.03621959686279297,
    0.034793853759765625,
    0.03337383270263672,
    0.03514599800109863,
    0.03304243087768555
  ],
  "scipy": [
    0.007895469665527344,
    0.0077893733978271484,
    0.007817506790161133,
    0.008046627044677734,
    0.007963895797729492
  ],
  "cython": [
    0.004723548889160156,
    0.0046617984771728516,
    0.00491023063659668,
    0.004826784133911133,
    0.00488591194152832
  ],
  "cython_parallel": [
    0.010298013687133789,
    0.010475873947143555,
    0.010462760925292969,
    0.011115789413452148,
    0.010924816131591797
  ],
  "numpy_broadcast_cached": [
    0.0187835693359375,
    0.019276142120361328,
    0.01858377456665039,
    0.01756453514099121,
    0.019121408462524414
  ]
}