{
  "python_brute": [
    0.1465291976928711,
    0.14132165908813477,
    0.14270949363708496,
    0.13928651809692383,
    0.140455961227417
  ],
  "python_cached": [
    0.07019805908203125,
    0.0707557201385498,
    0.07223081588745117,
    0.0742793083190918,
    0.07262420654296875
  ],
  "numpy_brute": [
    0.12652993202209473,
    0.12279939651489258,
    0.12417149543762207,
    0.12909841537475586,
    0.13094043731689453
  ],
  "numpy_cached": [
    0.07029294967651367,
    0.06876468658447266,
    0.06966376304626465,
    0.06879949569702148,
    0.07511687278747559
  ],
  "numpy_broadcast": [
    0.0036079883575439453,
    0.004282474517822266,
    0.003450632095336914,
    0.0037801265716552734,
    0.003466367721557617
  ],
  "scipy": [
    0.0007116794586181641,
    0.000522613525390625,
    0.0006284713745117188,
    0.0005779266357421875,
    0.00047850608825683594
  ],
  "cython": [
    0.0003771781921386719,
    0.0003745555877685547,
    0.0003008842468261719,
    0.00029659271240234375,
    0.0002961158752441406
  ],
  "cython_parallel": [
    0.0007038116455078125,
    0.0006868839263916016,
    0.0007066726684570312,
    0.0006737709045410156,
    0.0007476806640625
  ],
  "numpy_broadcast_cached": [
    0.0025441646575927734,
    0.002233266830444336,
    0.0021088123321533203,
    0.0023877620697021484,
    0.002179384231567383
  ],
  "numpy_double_broadcast": [
    0.005622148513793945,
    0.0049288272857666016,
    0.003896951675415039,
    0.004189014434814453,
    0.004059553146362305
  ]
}