{
  "python_brute": [
    0.2517392635345459,
    0.26613855361938477,
    0.2535591125488281,
    0.24618744850158691,
    0.2554464340209961
  ],
  "python_cached": [
    0.13336873054504395,
    0.1614985466003418,
    0.15144634246826172,
    0.12767314910888672,
    0.13145875930786133
  ],
  "numpy_brute": [
    0.4591972827911377,
    0.4731316566467285,
    0.4583866596221924,
    0.45257997512817383,
    0.4651155471801758
  ],
  "numpy_cached": [
    0.23842096328735352,
    0.23769426345825195,
    0.2394239902496338,
    0.23404979705810547,
    0.2618536949157715
  ],
  "numpy_broadcast": [
    0.007224082946777344,
    0.007456064224243164,
    0.006915092468261719,
    0.006913423538208008,
    0.00692439079284668
  ],
  "numpy_double_broadcast": [
    0.0072290897369384766,
    0.007483005523681641,
    0.007497549057006836,
    0.007300376892089844,
    0.007472515106201172
  ],
  "scipy": [
    0.0010302066802978516,
    0.0006494522094726562,
    0.0006046295166015625,
    0.0007014274597167969,
    0.0007855892181396484
  ],
  "cython": [
    0.0006008148193359375,
    0.0005176067352294922,
    0.0005662441253662109,
    0.0005352497100830078,
    0.0006453990936279297
  ],
  "cython_parallel": [
    0.0011839866638183594,
    0.0011878013610839844,
    0.001312255859375,
    0.0011789798736572266,
    0.0011320114135742188
  ]
}