{
  "numpy_broadcast": [
    15.000073194503784,
    14.381082773208618,
    14.239614725112915,
    14.274600982666016,
    14.279664039611816
  ],
  "numpy_double_broadcast": [
    14.33003306388855,
    14.232403039932251,
    14.31552791595459,
    14.22795033454895,
    14.482177257537842
  ],
  "scipy": [
    2.4010932445526123,
    2.4713551998138428,
    2.3887720108032227,
    2.46024227142334,
    2.488426685333252
  ],
  "cython": [
    2.772073984146118,
    2.719184398651123,
    2.7534241676330566,
    2.7422683238983154,
    2.7410547733306885
  ]
}