{
  "numpy_brute": [
    0.29724669456481934,
    0.29975295066833496,
    0.3226773738861084,
    0.29826807975769043,
    0.2982933521270752
  ],
  "numpy_cached": [
    0.24613356590270996,
    0.23841071128845215,
    0.22930383682250977,
    0.24276018142700195,
    0.23468828201293945
  ]
}