{
  "python_brute": [
    0.0021142959594726562,
    0.0018002986907958984,
    0.0016589164733886719,
    0.0017576217651367188,
    0.0018322467803955078
  ],
  "python_cached": [
    0.001005411148071289,
    0.0009469985961914062,
    0.0009098052978515625,
    0.0009768009185791016,
    0.0008668899536132812
  ],
  "numpy_brute": [
    0.0005950927734375,
    0.0006401538848876953,
    0.0005166530609130859,
    0.0006093978881835938,
    0.0005257129669189453
  ],
  "numpy_cached": [
    0.00045108795166015625,
    0.0003268718719482422,
    0.0003185272216796875,
    0.00035190582275390625,
    0.0003571510314941406
  ],
  "numpy_broadcast": [
    0.00016498565673828125,
    0.00011014938354492188,
    0.00010442733764648438,
    0.00010323524475097656,
    0.00012302398681640625
  ],
  "numpy_double_broadcast": [
    0.00010347366333007812,
    0.00010204315185546875,
    0.00010180473327636719,
    0.0001347064971923828,
    0.00010156631469726562
  ],
  "scipy": [
    8.749961853027344e-05,
    4.267692565917969e-05,
    2.288818359375e-05,
    2.1219253540039062e-05,
    2.1219253540039062e-05
  ],
  "cython": [
    2.0265579223632812e-05,
    2.9087066650390625e-05,
    7.867813110351562e-06,
    5.7220458984375e-06,
    5.9604644775390625e-06
  ],
  "cython_parallel": [
    1.049041748046875e-05,
    9.059906005859375e-06,
    8.58306884765625e-06,
    8.821487426757812e-06,
    8.58306884765625e-06
  ]
}