{
  "numpy_broadcast": [
    95.57575392723083,
    94.70739412307739,
    94.90966033935547,
    94.75199127197266,
    94.96428680419922
  ],
  "scipy": [
    29.704097986221313,
    29.58209729194641,
    29.56471610069275,
    29.551562070846558,
    29.496290922164917
  ],
  "cython": [
    14.203010320663452,
    14.182176351547241,
    14.242596864700317,
    14.117254734039307,
    14.161202430725098
  ],
  "numpy_broadcast_cached": [
    49.33586096763611,
    48.68465304374695,
    48.591649532318115,
    48.92444062232971,
    48.93372297286987
  ]
}