{
  "numpy_brute": [
    0.0912473201751709,
    0.10201740264892578,
    0.09250998497009277,
    0.08971595764160156,
    0.08906865119934082
  ],
  "numpy_cached": [
    0.06426429748535156,
    0.06417584419250488,
    0.06418681144714355,
    0.060904741287231445,
    0.0650777816772461
  ]
}