{
  "python_brute": [
    0.16282033920288086,
    0.15678071975708008,
    0.15589594841003418,
    0.15604734420776367,
    0.1573498249053955
  ],
  "python_cached": [
    0.08482241630554199,
    0.08500337600708008,
    0.0827949047088623,
    0.08376526832580566,
    0.08156108856201172
  ],
  "numpy_brute": [
    0.8369474411010742,
    0.8029623031616211,
    0.825075626373291,
    0.8310284614562988,
    0.8257160186767578
  ],
  "numpy_cached": [
    0.4335010051727295,
    0.4275515079498291,
    0.4256551265716553,
    0.44040870666503906,
    0.4223806858062744
  ],
  "numpy_broadcast": [
    0.00839543342590332,
    0.008344650268554688,
    0.008485794067382812,
    0.00932002067565918,
    0.009241104125976562
  ],
  "numpy_double_broadcast": [
    0.010019302368164062,
    0.011362314224243164,
    0.012490987777709961,
    0.01089620590209961,
    0.011524200439453125
  ],
  "scipy": [
    0.001117706298828125,
    0.0011746883392333984,
    0.0012140274047851562,
    0.0012977123260498047,
    0.0010128021240234375
  ],
  "cython": [
    0.0005629062652587891,
    0.0005276203155517578,
    0.0005469322204589844,
    0.0005397796630859375,
    0.0005931854248046875
  ],
  "cython_parallel": [
    0.0012080669403076172,
    0.0009658336639404297,
    0.0010654926300048828,
    0.0013501644134521484,
    0.0018849372863769531
  ]
}