{
  "numpy_brute": [
    0.25226402282714844,
    0.25791501998901367,
    0.27226996421813965,
    0.25586652755737305,
    0.3066847324371338
  ],
  "numpy_cached": [
    0.19828343391418457,
    0.1981055736541748,
    0.19439125061035156,
    0.19300127029418945,
    0.19550776481628418
  ]
}