{
  "python_brute": [
    0.0003650188446044922,
    0.0004184246063232422,
    0.0003750324249267578,
    0.0004401206970214844,
    0.0005266666412353516
  ],
  "python_cached": [
    0.0002396106719970703,
    0.00020360946655273438,
    0.0008485317230224609,
    0.0003199577331542969,
    0.00023317337036132812
  ],
  "numpy_brute": [
    0.0006763935089111328,
    0.00048065185546875,
    0.0006203651428222656,
    0.000499725341796875,
    0.0004792213439941406
  ],
  "numpy_cached": [
    0.00029778480529785156,
    0.00028228759765625,
    0.0002796649932861328,
    0.00028014183044433594,
    0.00027942657470703125
  ],
  "numpy_broadcast": [
    0.00012350082397460938,
    0.00010991096496582031,
    0.00016427040100097656,
    8.606910705566406e-05,
    8.511543273925781e-05
  ],
  "numpy_double_broadcast": [
    8.559226989746094e-05,
    8.440017700195312e-05,
    8.392333984375e-05,
    0.00011610984802246094,
    8.368492126464844e-05
  ],
  "scipy": [
    4.124641418457031e-05,
    5.4836273193359375e-05,
    5.340576171875e-05,
    1.5735626220703125e-05,
    1.4543533325195312e-05
  ],
  "cython": [
    1.33514404296875e-05,
    3.814697265625e-06,
    3.5762786865234375e-06,
    2.86102294921875e-06,
    2.6226043701171875e-06
  ],
  "cython_parallel": [
    1.2636184692382812e-05,
    5.245208740234375e-06,
    3.814697265625e-06,
    3.5762786865234375e-06,
    3.5762786865234375e-06
  ]
}