{
  "python_brute": [
    2.8148276805877686,
    2.858466386795044,
    2.7706539630889893,
    2.8062126636505127,
    2.7753827571868896
  ],
  "python_cached": [
    1.4469997882843018,
    1.449833631515503,
    1.4699695110321045,
    1.4413321018218994,
    1.4360089302062988
  ],
  "numpy_brute": [
    5.2336766719818115,
    5.289914846420288,
    5.286218881607056,
    5.2715208530426025,
    5.305822372436523
  ],
  "numpy_cached": [
    2.897563934326172,
    2.8440704345703125,
    2.8252508640289307,
    2.852201223373413,
    2.844064712524414
  ],
  "numpy_broadcast": [
    0.05658769607543945,
    0.05535602569580078,
    0.05493807792663574,
    0.05298447608947754,
    0.05572509765625
  ],
  "numpy_double_broadcast": [
    0.05527186393737793,
    0.053193092346191406,
    0.05393409729003906,
    0.0538482666015625,
    0.054418087005615234
  ],
  "scipy": [
    0.007042646408081055,
    0.007214784622192383,
    0.007926702499389648,
    0.007577657699584961,
    0.009799718856811523
  ],
  "cython": [
    0.009999990463256836,
    0.006536006927490234,
    0.008989334106445312,
    0.009614229202270508,
    0.01041102409362793
  ],
  "cython_parallel": [
    0.016154766082763672,
    0.01296544075012207,
    0.013486385345458984,
    0.013073921203613281,
    0.012958765029907227
  ],
  "numpy_broadcast_cached": [
    0.03581118583679199,
    0.03464698791503906,
    0.03627634048461914,
    0.03623843193054199,
    0.03543806076049805
  ]
}