{
  "python_brute": [
    50.243762731552124,
    50.44121241569519,
    50.633859395980835,
    50.74180841445923,
    50.65478873252869
  ],
  "python_cached": [
    26.123454093933105,
    25.547020435333252,
    25.60884118080139,
    25.56978940963745,
    25.64283037185669
  ]
}