{
  "python_brute": [
    100.33815574645996,
    99.66636848449707,
    100.31281065940857,
    100.45614385604858,
    100.56293845176697
  ],
  "python_cached": [
    57.443376541137695,
    57.28428888320923,
    59.241806745529175,
    57.5849986076355,
    56.762975454330444
  ],
  "numpy_brute": [
    488.87934374809265,
    484.60302329063416,
    489.47349095344543,
    487.48201727867126,
    489.3578884601593
  ],
  "numpy_cached": [
    261.1337025165558,
    260.5056936740875,
    260.636682510376,
    260.82355308532715,
    261.1272201538086
  ],
  "numpy_broadcast": [
    2.802096366882324,
    2.569105625152588,
    2.578878164291382,
    2.567722797393799,
    2.535959005355835
  ],
  "numpy_double_broadcast": [
    2.5559275150299072,
    2.551135778427124,
    2.5693137645721436,
    2.5600264072418213,
    2.5512828826904297
  ],
  "scipy": [
    0.39594507217407227,
    0.3697195053100586,
    0.3620774745941162,
    0.38160204887390137,
    0.3674924373626709
  ],
  "cython": [
    0.4049990177154541,
    0.41468358039855957,
    0.4032304286956787,
    0.42479610443115234,
    0.40747499465942383
  ],
  "cython_parallel": [
    0.7076976299285889,
    0.6927363872528076,
    0.7072808742523193,
    0.7119288444519043,
    0.7063920497894287
  ],
  "numpy_broadcast_cached": [
    2.187613010406494,
    2.063506603240967,
    2.042100667953491,
    2.0604076385498047,
    2.061663866043091
  ]
}