{
  "numpy_broadcast": [
    1547.3940033912659,
    194.3577938079834,
    35.59166383743286,
    33.251744747161865,
    33.28489971160889
  ],
  "scipy": [
    3.5381698608398438,
    3.46315598487854,
    3.447962522506714,
    3.4791173934936523,
    3.4706759452819824
  ],
  "cython": [
    11.053553581237793,
    10.834484100341797,
    10.83790636062622,
    10.775726795196533,
    10.985229015350342
  ],
  "numpy_broadcast_cached": [
    43.565937757492065,
    41.74295234680176,
    41.840771198272705,
    41.915899991989136,
    41.75865578651428
  ],
  "numpy_double_broadcast": [
    38.459845304489136,
    38.29409098625183,
    38.2948534488678,
    38.32441020011902,
    38.51189303398132
  ]
}