{
  "python_brute": [
    0.2295393943786621,
    0.2026362419128418,
    0.19628334045410156,
    0.19368815422058105,
    0.19747638702392578
  ],
  "python_cached": [
    0.09721636772155762,
    0.09808969497680664,
    0.09726858139038086,
    0.09687232971191406,
    0.10733914375305176
  ],
  "numpy_brute": [
    0.05317282676696777,
    0.04953312873840332,
    0.05048990249633789,
    0.05600547790527344,
    0.06056499481201172
  ],
  "numpy_cached": [
    0.02818584442138672,
    0.02803635597229004,
    0.02771162986755371,
    0.02861499786376953,
    0.028624773025512695
  ]
}