{
  "python_brute": [
    18.080267190933228,
    18.218250274658203,
    18.31614112854004,
    18.21599841117859,
    18.271093130111694
  ],
  "python_cached": [
    10.63151240348816,
    10.640807390213013,
    10.534932374954224,
    10.57910704612732,
    10.495064735412598
  ],
  "numpy_brute": [
    127.74689793586731,
    128.81647157669067,
    128.91351318359375,
    127.76866579055786,
    128.71877789497375
  ],
  "numpy_cached": [
    65.68392515182495,
    65.5494589805603,
    66.50991129875183,
    78.07364106178284,
    68.9105429649353
  ],
  "numpy_broadcast": [
    0.6537730693817139,
    0.573749303817749,
    0.560049295425415,
    0.5737473964691162,
    0.5784797668457031
  ],
  "scipy": [
    0.05406022071838379,
    0.056313276290893555,
    0.053450822830200195,
    0.05652427673339844,
    0.05692338943481445
  ],
  "cython": [
    0.07585287094116211,
    0.0750131607055664,
    0.07662224769592285,
    0.07923173904418945,
    0.07644271850585938
  ],
  "cython_parallel": [
    0.14706015586853027,
    0.14275813102722168,
    0.14637303352355957,
    0.15515899658203125,
    0.14575695991516113
  ],
  "numpy_broadcast_cached": [
    0.5143077373504639,
    0.4679145812988281,
    0.48961973190307617,
    0.4679756164550781,
    0.48560285568237305
  ]
}