{
  "numpy_broadcast": [
    347.6237885951996,
    343.5221836566925,
    343.7329514026642,
    343.96376729011536,
    344.2198295593262
  ],
  "numpy_double_broadcast": [
    341.80530881881714,
    340.7304651737213,
    340.86017966270447,
    341.5291428565979,
    341.78126192092896
  ],
  "scipy": [
    96.80592703819275,
    96.42522144317627,
    96.53972506523132,
    96.2407877445221,
    96.29102563858032
  ],
  "cython": [
    78.29059290885925,
    77.80689311027527,
    77.86548709869385,
    76.85469388961792,
    76.7737090587616
  ],
  "numpy_broadcast_cached": [
    194.72865414619446,
    191.9734387397766,
    191.80825233459473,
    191.8344373703003,
    191.9293806552887
  ]
}