{
  "numpy_broadcast": [
    3.664236307144165,
    3.2723686695098877,
    3.2652790546417236,
    3.2616047859191895,
    3.3168458938598633
  ],
  "numpy_double_broadcast": [
    3.309274673461914,
    3.258798599243164,
    3.288073778152466,
    3.27433180809021,
    3.272003650665283
  ],
  "scipy": [
    0.3406989574432373,
    0.32891106605529785,
    0.3349783420562744,
    0.33519625663757324,
    0.3276383876800537
  ],
  "cython": [
    0.5808041095733643,
    0.5479476451873779,
    0.5434756278991699,
    0.556389331817627,
    0.5442547798156738
  ]
}