{
  "python_brute": [
    70.90017771720886,
    70.94431638717651,
    70.87849736213684,
    70.77869629859924,
    70.28045606613159
  ],
  "python_cached": [
    36.91997694969177,
    36.84840250015259,
    36.94966149330139,
    37.191850423812866,
    37.35654354095459
  ],
  "numpy_brute": [
    122.15236020088196,
    121.53546524047852,
    122.23644375801086,
    122.456214427948,
    123.7307779788971
  ],
  "numpy_cached": [
    65.3561635017395,
    64.86910128593445,
    64.55059933662415,
    67.02949404716492,
    66.08775401115417
  ],
  "numpy_broadcast": [
    1.472062349319458,
    1.168919563293457,
    1.1538505554199219,
    1.157012939453125,
    1.5182476043701172
  ],
  "scipy": [
    0.2254476547241211,
    0.21874189376831055,
    0.20111751556396484,
    0.19826889038085938,
    0.20270299911499023
  ],
  "cython": [
    0.16999006271362305,
    0.18583321571350098,
    0.16834688186645508,
    0.16647958755493164,
    0.16861438751220703
  ],
  "cython_parallel": [
    0.35742783546447754,
    0.345287561416626,
    0.34388256072998047,
    0.3601667881011963,
    0.35178279876708984
  ],
  "numpy_broadcast_cached": [
    0.9109241962432861,
    0.7602810859680176,
    0.7576854228973389,
    0.7917125225067139,
    0.7927231788635254
  ]
}