{
  "numpy_brute": [
    1.927595853805542,
    1.920487403869629,
    1.9339706897735596,
    1.905862808227539,
    1.9219045639038086
  ],
  "numpy_cached": [
    1.1953158378601074,
    1.2030222415924072,
    1.1846654415130615,
    1.1985018253326416,
    1.179443359375
  ]
}