{
  "numpy_brute": [
    2.2907028198242188,
    2.237811803817749,
    2.2654879093170166,
    2.2329318523406982,
    2.311138391494751
  ],
  "numpy_cached": [
    1.355172872543335,
    1.3496291637420654,
    1.3985579013824463,
    1.356349229812622,
    1.3629088401794434
  ]
}