{
  "numpy_broadcast": [
    53.18917775154114,
    31.82144784927368,
    31.91826105117798,
    31.93554401397705,
    31.74513006210327
  ],
  "numpy_double_broadcast": [
    32.03040313720703,
    31.751622915267944,
    31.90853977203369,
    32.00936937332153,
    32.031524658203125
  ],
  "scipy": [
    9.077697277069092,
    9.036421537399292,
    9.029374599456787,
    9.012710571289062,
    9.002199649810791
  ],
  "cython": [
    5.055082321166992,
    4.985947370529175,
    5.002614259719849,
    4.967946529388428,
    5.006253004074097
  ],
  "numpy_broadcast_cached": [
    17.290029525756836,
    16.80488634109497,
    16.71938443183899,
    16.994139432907104,
    16.768152713775635
  ]
}