{
  "numpy_brute": [
    0.06254053115844727,
    0.06219124794006348,
    0.07111310958862305,
    0.06163835525512695,
    0.0594944953918457
  ],
  "numpy_cached": [
    0.035529136657714844,
    0.034146785736083984,
    0.034197092056274414,
    0.03420114517211914,
    0.03487396240234375
  ]
}