{
  "python_brute": [
    0.9907581806182861,
    1.0041823387145996,
    0.9953200817108154,
    1.0041999816894531,
    0.9915945529937744
  ],
  "python_cached": [
    0.5034809112548828,
    0.508988618850708,
    0.5248253345489502,
    0.4979667663574219,
    0.5066089630126953
  ],
  "numpy_brute": [
    0.9746594429016113,
    0.9238793849945068,
    0.9675395488739014,
    0.976402759552002,
    0.9677994251251221
  ],
  "numpy_cached": [
    0.5224027633666992,
    0.49172472953796387,
    0.4942636489868164,
    0.5436906814575195,
    0.5108022689819336
  ],
  "numpy_broadcast": [
    0.021524429321289062,
    0.019834280014038086,
    0.019048213958740234,
    0.0219113826751709,
    0.01909184455871582
  ],
  "scipy": [
    0.003206491470336914,
    0.003200054168701172,
    0.003629446029663086,
    0.0040166378021240234,
    0.0032820701599121094
  ],
  "cython": [
    0.0021512508392333984,
    0.0021724700927734375,
    0.0021784305572509766,
    0.0021495819091796875,
    0.002084016799926758
  ],
  "cython_parallel": [
    0.005208253860473633,
    0.005010366439819336,
    0.004779338836669922,
    0.005247592926025391,
    0.00520777702331543
  ],
  "numpy_broadcast_cached": [
    0.01139378547668457,
    0.010852575302124023,
    0.01062464714050293,
    0.010396718978881836,
    0.009798049926757812
  ]
}