{
  "numpy_broadcast": [
    42.66028022766113,
    39.14585041999817,
    39.23324465751648,
    39.229387283325195,
    39.25566601753235
  ],
  "numpy_double_broadcast": [
    39.18479800224304,
    39.102492809295654,
    39.214818239212036,
    39.17443561553955,
    39.06465744972229
  ],
  "scipy": [
    5.870084524154663,
    5.853244781494141,
    5.936949014663696,
    5.884982347488403,
    5.849581003189087
  ],
  "cython": [
    12.13942575454712,
    11.892321109771729,
    12.075408220291138,
    12.073485851287842,
    12.192508459091187
  ],
  "numpy_broadcast_cached": [
    46.586214780807495,
    45.28732419013977,
    44.93207025527954,
    44.95007109642029,
    44.97699689865112
  ]
}