{
  "numpy_brute": [
    0.18965482711791992,
    0.18106508255004883,
    0.17752575874328613,
    0.18044352531433105,
    0.1830148696899414
  ],
  "numpy_cached": [
    0.1408236026763916,
    0.1399974822998047,
    0.13916826248168945,
    0.13899683952331543,
    0.13795685768127441
  ]
}