{
  "numpy_broadcast": [
    125.95681309700012,
    124.98234796524048,
    125.14117479324341,
    124.90723538398743,
    124.99268507957458
  ],
  "numpy_double_broadcast": [
    124.69206166267395,
    124.60104393959045,
    124.5337884426117,
    124.4099633693695,
    124.43190169334412
  ],
  "scipy": [
    38.676321029663086,
    38.715402126312256,
    38.6298508644104,
    38.740333557128906,
    38.77550649642944
  ],
  "cython": [
    19.912151336669922,
    19.90316081047058,
    19.92726969718933,
    19.804295539855957,
    19.70713710784912
  ]
}