{
  "numpy_broadcast": [
    242.30267095565796,
    238.45698761940002,
    238.45970487594604,
    238.10259175300598,
    238.3329939842224
  ],
  "scipy": [
    65.70894646644592,
    65.92813634872437,
    65.7981059551239,
    65.87787008285522,
    65.93058514595032
  ],
  "cython": [
    62.97712206840515,
    62.93558382987976,
    62.721784591674805,
    62.23660087585449,
    62.00368046760559
  ],
  "numpy_broadcast_cached": [
    143.32044553756714,
    141.31554651260376,
    140.9423213005066,
    140.22196221351624,
    140.78858160972595
  ]
}