{
  "python_brute": [
    6.441378593444824,
    6.488109588623047,
    6.515079975128174,
    6.385052919387817,
    6.384587287902832
  ],
  "python_cached": [
    3.2577435970306396,
    3.2470436096191406,
    3.2325639724731445,
    3.2058732509613037,
    3.2665865421295166
  ],
  "numpy_brute": [
    1.9356422424316406,
    1.9212968349456787,
    1.971400260925293,
    1.9325437545776367,
    1.9101147651672363
  ],
  "numpy_cached": [
    1.0598249435424805,
    0.9984419345855713,
    1.0196869373321533,
    1.052520990371704,
    1.0361626148223877
  ],
  "numpy_broadcast": [
    0.09134793281555176,
    0.09640240669250488,
    0.09040117263793945,
    0.09328293800354004,
    0.09182000160217285
  ],
  "scipy": [
    0.027532577514648438,
    0.02658367156982422,
    0.027496814727783203,
    0.0261075496673584,
    0.027283191680908203
  ],
  "cython": [
    0.015143394470214844,
    0.014925956726074219,
    0.013804912567138672,
    0.014155149459838867,
    0.013438940048217773
  ],
  "cython_parallel": [
    0.03243565559387207,
    0.03088974952697754,
    0.029764175415039062,
    0.03277754783630371,
    0.03184819221496582
  ],
  "numpy_broadcast_cached": [
    0.06578516960144043,
    0.04712939262390137,
    0.04744267463684082,
    0.04700183868408203,
    0.0486752986907959
  ]
}