{
  "python_brute": [
    4.438099145889282,
    4.416723966598511,
    4.47086763381958,
    4.459484100341797,
    4.494659185409546
  ],
  "python_cached": [
    2.2860500812530518,
    2.2302398681640625,
    2.253951072692871,
    2.272350549697876,
    2.26133131980896
  ],
  "numpy_brute": [
    1.3190083503723145,
    1.3601629734039307,
    1.3592917919158936,
    1.3034393787384033,
    1.323488712310791
  ],
  "numpy_cached": [
    0.7257623672485352,
    0.7457785606384277,
    0.7186813354492188,
    0.7203221321105957,
    0.8502330780029297
  ],
  "numpy_broadcast": [
    0.0640554428100586,
    0.06543350219726562,
    0.06443190574645996,
    0.06438779830932617,
    0.06486272811889648
  ],
  "numpy_double_broadcast": [
    0.06392073631286621,
    0.06504559516906738,
    0.06465673446655273,
    0.06640863418579102,
    0.06345725059509277
  ],
  "scipy": [
    0.01813507080078125,
    0.01822805404663086,
    0.019436120986938477,
    0.018654823303222656,
    0.017946243286132812
  ],
  "cython": [
    0.00956869125366211,
    0.009357452392578125,
    0.009655475616455078,
    0.009656667709350586,
    0.010386228561401367
  ],
  "cython_parallel": [
    0.020969152450561523,
    0.021778106689453125,
    0.021148204803466797,
    0.022285938262939453,
    0.021809101104736328
  ]
}