{
  "python_brute": [
    0.0066454410552978516,
    0.006574153900146484,
    0.006310701370239258,
    0.006899356842041016,
    0.006789445877075195
  ],
  "python_cached": [
    0.0036122798919677734,
    0.0036029815673828125,
    0.003407716751098633,
    0.0034332275390625,
    0.0036127567291259766
  ],
  "numpy_brute": [
    0.0022029876708984375,
    0.0019707679748535156,
    0.0022134780883789062,
    0.002245664596557617,
    0.0020720958709716797
  ],
  "numpy_cached": [
    0.001081705093383789,
    0.0016303062438964844,
    0.0011911392211914062,
    0.001096487045288086,
    0.0011363029479980469
  ],
  "numpy_broadcast": [
    0.00041556358337402344,
    0.0002434253692626953,
    0.00024366378784179688,
    0.00026416778564453125,
    0.00028634071350097656
  ],
  "numpy_double_broadcast": [
    0.00024080276489257812,
    0.0002446174621582031,
    0.0002765655517578125,
    0.00023627281188964844,
    0.00023674964904785156
  ],
  "scipy": [
    0.00015282630920410156,
    4.7206878662109375e-05,
    4.267692565917969e-05,
    8.153915405273438e-05,
    7.176399230957031e-05
  ],
  "cython": [
    3.123283386230469e-05,
    1.811981201171875e-05,
    1.6927719116210938e-05,
    1.6450881958007812e-05,
    1.6450881958007812e-05
  ],
  "cython_parallel": [
    3.4332275390625e-05,
    3.1948089599609375e-05,
    3.170967102050781e-05,
    3.170967102050781e-05,
    3.147125244140625e-05
  ],
  "numpy_broadcast_cached": [
    0.00038743019104003906,
    0.00026798248291015625,
    0.0001971721649169922,
    0.0002338886260986328,
    0.00019550323486328125
  ]
}