{
  "python_brute": [
    0.00969386100769043,
    0.009828805923461914,
    0.00960087776184082,
    0.009372234344482422,
    0.00984048843383789
  ],
  "python_cached": [
    0.0051424503326416016,
    0.0055904388427734375,
    0.005143642425537109,
    0.005148649215698242,
    0.004885673522949219
  ],
  "numpy_brute": [
    0.051276206970214844,
    0.05447030067443848,
    0.05794382095336914,
    0.052600860595703125,
    0.05361151695251465
  ],
  "numpy_cached": [
    0.026324033737182617,
    0.02662825584411621,
    0.02639007568359375,
    0.029603958129882812,
    0.031719207763671875
  ],
  "numpy_broadcast": [
    0.0013973712921142578,
    0.001035928726196289,
    0.0010457038879394531,
    0.0010907649993896484,
    0.001790761947631836
  ],
  "scipy": [
    9.083747863769531e-05,
    5.793571472167969e-05,
    5.2928924560546875e-05,
    5.14984130859375e-05,
    5.14984130859375e-05
  ],
  "cython": [
    5.316734313964844e-05,
    4.76837158203125e-05,
    4.100799560546875e-05,
    3.6716461181640625e-05,
    3.62396240234375e-05
  ],
  "cython_parallel": [
    5.936622619628906e-05,
    5.745887756347656e-05,
    6.270408630371094e-05,
    7.128715515136719e-05,
    7.152557373046875e-05
  ],
  "numpy_broadcast_cached": [
    0.0010523796081542969,
    0.0008058547973632812,
    0.0008111000061035156,
    0.0008463859558105469,
    0.0009255409240722656
  ],
  "numpy_double_broadcast": [
    0.00043010711669921875,
    0.0003285408020019531,
    0.00026226043701171875,
    0.00027060508728027344,
    0.0003421306610107422
  ]
}