{
  "python_brute": [
    2.89433217048645,
    2.949225902557373,
    2.9192137718200684,
    2.9725232124328613,
    2.9102134704589844
  ],
  "python_cached": [
    1.6392419338226318,
    1.6118502616882324,
    1.6594645977020264,
    1.6072559356689453,
    1.6146867275238037
  ],
  "numpy_brute": [
    22.333979845046997,
    22.32517123222351,
    22.279255390167236,
    22.340899229049683,
    22.346149682998657
  ],
  "numpy_cached": [
    11.491261005401611,
    11.440197467803955,
    11.455424308776855,
    11.33308720588684,
    11.390883445739746
  ],
  "numpy_broadcast": [
    0.1039285659790039,
    0.10331487655639648,
    0.10325908660888672,
    0.10281586647033691,
    0.10520362854003906
  ],
  "scipy": [
    0.00903463363647461,
    0.009159088134765625,
    0.008701086044311523,
    0.008533954620361328,
    0.008439302444458008
  ],
  "cython": [
    0.009433746337890625,
    0.009488582611083984,
    0.009571313858032227,
    0.009615182876586914,
    0.010395526885986328
  ],
  "cython_parallel": [
    0.023148298263549805,
    0.020538330078125,
    0.019549131393432617,
    0.018620729446411133,
    0.01824784278869629
  ],
  "numpy_broadcast_cached": [
    0.0861058235168457,
    0.07915902137756348,
    0.08373594284057617,
    0.07646393775939941,
    0.07724308967590332
  ],
  "numpy_double_broadcast": [
    0.09481072425842285,
    0.09355306625366211,
    0.09386444091796875,
    0.09336709976196289,
    0.09760379791259766
  ]
}