{
  "numpy_broadcast": [
    34.86789870262146,
    15.694988250732422,
    15.956234455108643,
    15.762353420257568,
    15.880325317382812
  ],
  "scipy": [
    3.6254687309265137,
    3.4553937911987305,
    3.60306453704834,
    3.490934371948242,
    3.4973480701446533
  ],
  "cython": [
    2.5082104206085205,
    2.5195698738098145,
    2.4866809844970703,
    2.581817388534546,
    2.5434019565582275
  ],
  "numpy_broadcast_cached": [
    8.93142580986023,
    8.657718896865845,
    8.538715124130249,
    8.636657238006592,
    8.56678056716919
  ]
}