{
  "python_brute": [
    0.5530047416687012,
    0.5513765811920166,
    0.5642859935760498,
    0.5480353832244873,
    0.5672411918640137
  ],
  "python_cached": [
    0.28798818588256836,
    0.28273963928222656,
    0.2789011001586914,
    0.282045841217041,
    0.29046130180358887
  ],
  "numpy_brute": [
    0.4650092124938965,
    0.46584439277648926,
    0.46544671058654785,
    0.48865771293640137,
    0.46472978591918945
  ],
  "numpy_cached": [
    0.24142050743103027,
    0.24410557746887207,
    0.23920273780822754,
    0.2413005828857422,
    0.25981736183166504
  ],
  "numpy_broadcast": [
    0.011494159698486328,
    0.010833024978637695,
    0.011074542999267578,
    0.010900020599365234,
    0.010519027709960938
  ],
  "scipy": [
    0.0020608901977539062,
    0.0026099681854248047,
    0.0023300647735595703,
    0.0019114017486572266,
    0.0017130374908447266
  ],
  "cython": [
    0.0012476444244384766,
    0.00128173828125,
    0.0012359619140625,
    0.0012171268463134766,
    0.004197359085083008
  ],
  "cython_parallel": [
    0.004123210906982422,
    0.00283050537109375,
    0.0033545494079589844,
    0.0029103755950927734,
    0.002686738967895508
  ],
  "numpy_broadcast_cached": [
    0.007160663604736328,
    0.006527423858642578,
    0.006381988525390625,
    0.0062122344970703125,
    0.006206035614013672
  ],
  "numpy_double_broadcast": [
    0.012485504150390625,
    0.011934280395507812,
    0.012599468231201172,
    0.012229442596435547,
    0.011722326278686523
  ]
}