{
  "python_brute": [
    0.03804349899291992,
    0.037895917892456055,
    0.03825879096984863,
    0.03957557678222656,
    0.03967547416687012
  ],
  "python_cached": [
    0.019984722137451172,
    0.021267414093017578,
    0.020670652389526367,
    0.022571325302124023,
    0.023773670196533203
  ],
  "numpy_brute": [
    0.2206118106842041,
    0.2159583568572998,
    0.22212696075439453,
    0.20924925804138184,
    0.21565628051757812
  ],
  "numpy_cached": [
    0.10985875129699707,
    0.11334800720214844,
    0.10967206954956055,
    0.10643196105957031,
    0.10821318626403809
  ],
  "numpy_broadcast": [
    0.0033342838287353516,
    0.0028624534606933594,
    0.0029799938201904297,
    0.002962350845336914,
    0.0028951168060302734
  ],
  "scipy": [
    0.0002856254577636719,
    0.0001995563507080078,
    0.0001533031463623047,
    0.00015163421630859375,
    0.00024366378784179688
  ],
  "cython": [
    0.0001690387725830078,
    0.00015544891357421875,
    0.00012755393981933594,
    0.00012636184692382812,
    0.0001266002655029297
  ],
  "cython_parallel": [
    0.00021028518676757812,
    0.0002086162567138672,
    0.00024247169494628906,
    0.0002086162567138672,
    0.00021338462829589844
  ],
  "numpy_broadcast_cached": [
    0.0026123523712158203,
    0.0018880367279052734,
    0.0018932819366455078,
    0.0018513202667236328,
    0.0018835067749023438
  ]
}