{
  "numpy_broadcast": [
    14.332847595214844,
    12.786887168884277,
    12.926304340362549,
    12.92539358139038,
    13.519783020019531
  ],
  "numpy_double_broadcast": [
    12.855723857879639,
    12.823391437530518,
    12.911655187606812,
    12.826683044433594,
    12.838135242462158
  ],
  "scipy": [
    1.6908299922943115,
    1.5942482948303223,
    1.5966382026672363,
    1.6048269271850586,
    1.58146333694458
  ],
  "cython": [
    3.424856424331665,
    3.5064330101013184,
    3.448004722595215,
    3.459388494491577,
    3.4373672008514404
  ],
  "numpy_broadcast_cached": [
    14.268806457519531,
    13.53836178779602,
    13.759506940841675,
    13.792909145355225,
    13.396211385726929
  ]
}