{
  "numpy_brute": [
    0.13126111030578613,
    0.13442683219909668,
    0.12291312217712402,
    0.1256568431854248,
    0.13274288177490234
  ],
  "numpy_cached": [
    0.10281848907470703,
    0.11366987228393555,
    0.09616923332214355,
    0.09500002861022949,
    0.09642863273620605
  ]
}