{
  "numpy_brute": [
    0.15083575248718262,
    0.16758298873901367,
    0.16601157188415527,
    0.1593019962310791,
    0.18019676208496094
  ],
  "numpy_cached": [
    0.11191630363464355,
    0.12384557723999023,
    0.11640548706054688,
    0.1147298812866211,
    0.11327719688415527
  ]
}