{
  "numpy_broadcast": [
    664.8000469207764,
    508.581419467926,
    505.75128197669983,
    505.70393085479736,
    505.88488841056824
  ],
  "numpy_double_broadcast": [
    502.3493528366089,
    499.04911518096924,
    499.03331112861633,
    502.9668142795563,
    502.3917224407196
  ],
  "scipy": [
    157.04852080345154,
    156.4039170742035,
    155.70218539237976,
    155.06242442131042,
    155.61851477622986
  ],
  "cython": [
    104.08361434936523,
    102.0871512889862,
    102.05413746833801,
    100.85648465156555,
    99.67049074172974
  ],
  "numpy_broadcast_cached": [
    277.51152515411377,
    274.55517292022705,
    275.0821855068207,
    274.60007548332214,
    274.32083535194397
  ]
}