{
  "python_brute": [
    0.006912708282470703,
    0.006511688232421875,
    0.006234407424926758,
    0.006306886672973633,
    0.006227731704711914
  ],
  "python_cached": [
    0.0038824081420898438,
    0.0032689571380615234,
    0.0033555030822753906,
    0.0034666061401367188,
    0.0034515857696533203
  ],
  "numpy_brute": [
    0.034889936447143555,
    0.033316612243652344,
    0.034735918045043945,
    0.03372073173522949,
    0.03216052055358887
  ],
  "numpy_cached": [
    0.01849532127380371,
    0.018753528594970703,
    0.018327951431274414,
    0.017342329025268555,
    0.016760826110839844
  ],
  "numpy_broadcast": [
    0.0008780956268310547,
    0.0007588863372802734,
    0.0007636547088623047,
    0.0008230209350585938,
    0.0008089542388916016
  ],
  "numpy_double_broadcast": [
    0.0008103847503662109,
    0.0008585453033447266,
    0.00084686279296875,
    0.0009818077087402344,
    0.0007727146148681641
  ],
  "scipy": [
    7.271766662597656e-05,
    4.2438507080078125e-05,
    3.886222839355469e-05,
    3.7670135498046875e-05,
    3.719329833984375e-05
  ],
  "cython": [
    3.886222839355469e-05,
    2.5033950805664062e-05,
    2.4080276489257812e-05,
    6.079673767089844e-05,
    5.269050598144531e-05
  ],
  "cython_parallel": [
    4.76837158203125e-05,
    3.743171691894531e-05,
    3.6716461181640625e-05,
    3.695487976074219e-05,
    3.6716461181640625e-05
  ],
  "numpy_broadcast_cached": [
    0.0008242130279541016,
    0.0005865097045898438,
    0.0006098747253417969,
    0.0006248950958251953,
    0.0006225109100341797
  ]
}