{
  "numpy_broadcast": [
    48.44818305969238,
    21.83892273902893,
    21.776047706604004,
    21.870601415634155,
    21.89130425453186
  ],
  "numpy_double_broadcast": [
    21.898149967193604,
    21.947847843170166,
    21.79528522491455,
    21.861929416656494,
    21.850733518600464
  ],
  "scipy": [
    6.356422662734985,
    6.359451770782471,
    6.4248740673065186,
    6.355706691741943,
    6.312382459640503
  ],
  "cython": [
    3.3815393447875977,
    3.3688302040100098,
    3.424830913543701,
    3.3749594688415527,
    3.3405606746673584
  ]
}