{
  "python_brute": [
    0.247039794921875,
    0.23958563804626465,
    0.24480652809143066,
    0.2573432922363281,
    0.24267363548278809
  ],
  "python_cached": [
    0.12982654571533203,
    0.12960600852966309,
    0.14073634147644043,
    0.12969732284545898,
    0.1296710968017578
  ],
  "numpy_brute": [
    1.3993914127349854,
    1.4044487476348877,
    1.406975507736206,
    1.3548123836517334,
    1.38688063621521
  ],
  "numpy_cached": [
    0.7702682018280029,
    0.6965041160583496,
    0.6909019947052002,
    0.7047326564788818,
    0.687222957611084
  ],
  "numpy_broadcast": [
    0.012315034866333008,
    0.013295173645019531,
    0.011942386627197266,
    0.012548685073852539,
    0.011500835418701172
  ],
  "numpy_double_broadcast": [
    0.012751340866088867,
    0.012109041213989258,
    0.011879920959472656,
    0.012956380844116211,
    0.012707710266113281
  ],
  "scipy": [
    0.0017426013946533203,
    0.0014083385467529297,
    0.0009427070617675781,
    0.0009412765502929688,
    0.001130819320678711
  ],
  "cython": [
    0.0007960796356201172,
    0.0008406639099121094,
    0.0008380413055419922,
    0.0009677410125732422,
    0.0007708072662353516
  ],
  "cython_parallel": [
    0.0012888908386230469,
    0.0015561580657958984,
    0.0014863014221191406,
    0.0013573169708251953,
    0.001428365707397461
  ],
  "numpy_broadcast_cached": [
    0.008041143417358398,
    0.007270097732543945,
    0.007225513458251953,
    0.008484840393066406,
    0.008294343948364258
  ]
}