{
  "numpy_broadcast": [
    20.510788679122925,
    9.601434230804443,
    9.443358182907104,
    9.524375200271606,
    9.512882232666016
  ],
  "numpy_double_broadcast": [
    9.53649377822876,
    9.464783430099487,
    9.515604734420776,
    9.534592866897583,
    9.463745355606079
  ],
  "scipy": [
    1.9657258987426758,
    1.9510908126831055,
    2.058983564376831,
    1.9552206993103027,
    1.9449164867401123
  ],
  "cython": [
    1.571176290512085,
    1.616828441619873,
    1.553593635559082,
    1.5469627380371094,
    1.5718994140625
  ],
  "numpy_broadcast_cached": [
    6.250509738922119,
    5.933357238769531,
    5.87139105796814,
    6.070449113845825,
    5.9555230140686035
  ]
}