{
  "python_brute": [
    1.0927965641021729,
    1.0897111892700195,
    1.1202425956726074,
    1.107067584991455,
    1.0802805423736572
  ],
  "python_cached": [
    0.5792856216430664,
    0.5578022003173828,
    0.5582070350646973,
    0.5695087909698486,
    0.556847095489502
  ],
  "numpy_brute": [
    3.431797981262207,
    3.391103982925415,
    3.385812759399414,
    3.3987300395965576,
    3.4683425426483154
  ],
  "numpy_cached": [
    1.8326952457427979,
    1.7921767234802246,
    1.7639365196228027,
    1.7440431118011475,
    1.7666065692901611
  ],
  "numpy_broadcast": [
    0.0294344425201416,
    0.02802872657775879,
    0.02724456787109375,
    0.028829336166381836,
    0.02889871597290039
  ],
  "numpy_double_broadcast": [
    0.02862834930419922,
    0.029070615768432617,
    0.029047489166259766,
    0.027994871139526367,
    0.027800798416137695
  ],
  "scipy": [
    0.0036306381225585938,
    0.003580808639526367,
    0.0037147998809814453,
    0.0035979747772216797,
    0.004226207733154297
  ],
  "cython": [
    0.007725715637207031,
    0.007294654846191406,
    0.007533073425292969,
    0.0076406002044677734,
    0.004965305328369141
  ],
  "cython_parallel": [
    0.008343935012817383,
    0.009748220443725586,
    0.011354207992553711,
    0.00939321517944336,
    0.008634567260742188
  ],
  "numpy_broadcast_cached": [
    0.019608020782470703,
    0.0197908878326416,
    0.018184661865234375,
    0.019947290420532227,
    0.01885247230529785
  ]
}