{
  "numpy_broadcast": [
    135.08705925941467,
    132.96656131744385,
    132.744478225708,
    132.80696058273315,
    132.58219623565674
  ],
  "numpy_double_broadcast": [
    132.56331849098206,
    132.74899816513062,
    132.76005840301514,
    132.672349691391,
    132.71821808815002
  ],
  "scipy": [
    37.09374761581421,
    36.95209193229675,
    36.93325161933899,
    37.083820819854736,
    37.04074239730835
  ],
  "cython": [
    32.76940083503723,
    32.767462491989136,
    32.5014111995697,
    32.44296169281006,
    32.169371604919434
  ],
  "numpy_broadcast_cached": [
    76.62699794769287,
    75.46604037284851,
    75.395742893219,
    75.35811471939087,
    75.32557964324951
  ]
}