{
  "python_brute": [
    0.019414663314819336,
    0.019260406494140625,
    0.019269943237304688,
    0.019499540328979492,
    0.018487930297851562
  ],
  "python_cached": [
    0.009618043899536133,
    0.00996851921081543,
    0.009875059127807617,
    0.0096893310546875,
    0.009187698364257812
  ],
  "numpy_brute": [
    0.008083343505859375,
    0.007928133010864258,
    0.008184432983398438,
    0.007977485656738281,
    0.008424758911132812
  ],
  "numpy_cached": [
    0.004392147064208984,
    0.004320621490478516,
    0.004297018051147461,
    0.0048716068267822266,
    0.00468134880065918
  ],
  "numpy_broadcast": [
    0.0007593631744384766,
    0.0006456375122070312,
    0.0005824565887451172,
    0.0006251335144042969,
    0.0006480216979980469
  ],
  "scipy": [
    0.0001442432403564453,
    0.00010013580322265625,
    8.726119995117188e-05,
    8.511543273925781e-05,
    8.511543273925781e-05
  ],
  "cython": [
    7.176399230957031e-05,
    4.553794860839844e-05,
    4.3392181396484375e-05,
    4.291534423828125e-05,
    4.267692565917969e-05
  ],
  "cython_parallel": [
    0.00011420249938964844,
    9.751319885253906e-05,
    0.00010657310485839844,
    0.0001049041748046875,
    8.58306884765625e-05
  ],
  "numpy_broadcast_cached": [
    0.0005755424499511719,
    0.00045228004455566406,
    0.00044465065002441406,
    0.0005342960357666016,
    0.0004570484161376953
  ],
  "numpy_double_broadcast": [
    0.0008611679077148438,
    0.0006232261657714844,
    0.0006051063537597656,
    0.0005986690521240234,
    0.0006723403930664062
  ]
}