{
  "numpy_brute": [
    0.07037615776062012,
    0.06934094429016113,
    0.0751962661743164,
    0.07345271110534668,
    0.07052946090698242
  ],
  "numpy_cached": [
    0.04345202445983887,
    0.04219532012939453,
    0.041521310806274414,
    0.04305458068847656,
    0.0427248477935791
  ]
}