{
  "python_brute": [
    1.3547425270080566,
    1.349614143371582,
    1.4088549613952637,
    1.3665595054626465,
    1.3416852951049805
  ],
  "python_cached": [
    0.7055690288543701,
    0.6917726993560791,
    0.7234399318695068,
    0.7016868591308594,
    0.6902859210968018
  ],
  "numpy_brute": [
    0.9074246883392334,
    0.8712434768676758,
    0.8925530910491943,
    0.8683836460113525,
    0.8828942775726318
  ],
  "numpy_cached": [
    0.4570455551147461,
    0.4583144187927246,
    0.4622225761413574,
    0.47395968437194824,
    0.4617197513580322
  ],
  "numpy_broadcast": [
    0.022576093673706055,
    0.022823095321655273,
    0.0226743221282959,
    0.022816181182861328,
    0.022417783737182617
  ],
  "scipy": [
    0.005099296569824219,
    0.005193948745727539,
    0.0050716400146484375,
    0.0050275325775146484,
    0.005091190338134766
  ],
  "cython": [
    0.0031592845916748047,
    0.0048580169677734375,
    0.004317283630371094,
    0.0033757686614990234,
    0.0029959678649902344
  ],
  "cython_parallel": [
    0.006895303726196289,
    0.006606578826904297,
    0.007894754409790039,
    0.006640195846557617,
    0.006206512451171875
  ],
  "numpy_broadcast_cached": [
    0.012941360473632812,
    0.011574506759643555,
    0.013283729553222656,
    0.011701345443725586,
    0.012190103530883789
  ],
  "numpy_double_broadcast": [
    0.027314186096191406,
    0.026538610458374023,
    0.027256011962890625,
    0.027670860290527344,
    0.027120590209960938
  ]
}