{
  "python_brute": [
    16.118128538131714,
    16.074671983718872,
    16.165980339050293,
    16.15407109260559,
    15.996805906295776
  ],
  "python_cached": [
    8.325403213500977,
    8.227593660354614,
    8.25532054901123,
    8.256496667861938,
    8.194342613220215
  ],
  "numpy_brute": [
    21.599211931228638,
    21.250506162643433,
    21.09051823616028,
    21.673726558685303,
    21.916747093200684
  ],
  "numpy_cached": [
    12.184315204620361,
    12.050249576568604,
    11.585264444351196,
    11.526403427124023,
    11.573383092880249
  ],
  "numpy_broadcast": [
    0.2552213668823242,
    0.2577962875366211,
    0.25725769996643066,
    0.25629401206970215,
    0.25417590141296387
  ],
  "numpy_double_broadcast": [
    0.26604342460632324,
    0.2578709125518799,
    0.2516310214996338,
    0.25505971908569336,
    0.27043819427490234
  ],
  "scipy": [
    0.04818868637084961,
    0.04927325248718262,
    0.05119585990905762,
    0.04904770851135254,
    0.049123525619506836
  ],
  "cython": [
    0.037938594818115234,
    0.039526939392089844,
    0.036209821701049805,
    0.03789353370666504,
    0.0372927188873291
  ],
  "cython_parallel": [
    0.0815122127532959,
    0.08249235153198242,
    0.0795443058013916,
    0.08198308944702148,
    0.08690690994262695
  ]
}