{
  "python_brute": [
    35.20008873939514,
    34.82833981513977,
    34.97100067138672,
    34.69272589683533,
    34.80176544189453
  ],
  "python_cached": [
    17.60159420967102,
    17.521000385284424,
    17.8127179145813,
    17.476332902908325,
    17.53177237510681
  ],
  "numpy_brute": [
    21.119555473327637,
    21.450390338897705,
    21.9547917842865,
    22.087250471115112,
    21.346529245376587
  ],
  "numpy_cached": [
    11.564659595489502,
    11.432011604309082,
    11.32442045211792,
    11.4581937789917,
    11.340978622436523
  ],
  "numpy_broadcast": [
    0.531170129776001,
    0.47075414657592773,
    0.47006654739379883,
    0.4794595241546631,
    0.4808022975921631
  ],
  "numpy_double_broadcast": [
    0.470947265625,
    0.46941590309143066,
    0.4703400135040283,
    0.48108863830566406,
    0.4713451862335205
  ],
  "scipy": [
    0.12745213508605957,
    0.12789249420166016,
    0.12723779678344727,
    0.12709832191467285,
    0.12822246551513672
  ],
  "cython": [
    0.07978057861328125,
    0.07809805870056152,
    0.07943224906921387,
    0.0784142017364502,
    0.0804293155670166
  ],
  "cython_parallel": [
    0.1710524559020996,
    0.1770617961883545,
    0.17297649383544922,
    0.17467045783996582,
    0.17211413383483887
  ],
  "numpy_broadcast_cached": [
    0.3188660144805908,
    0.2626004219055176,
    0.25329136848449707,
    0.2644228935241699,
    0.2529566287994385
  ]
}