{
  "python_brute": [
    0.6928174495697021,
    0.676861047744751,
    0.6738600730895996,
    0.688439130783081,
    0.6672508716583252
  ],
  "python_cached": [
    0.33755040168762207,
    0.3392164707183838,
    0.34299135208129883,
    0.3321874141693115,
    0.33896756172180176
  ],
  "numpy_brute": [
    0.06290388107299805,
    0.06224536895751953,
    0.06142878532409668,
    0.06012701988220215,
    0.06968927383422852
  ],
  "numpy_cached": [
    0.03509855270385742,
    0.03155398368835449,
    0.03323197364807129,
    0.035097599029541016,
    0.03463578224182129
  ]
}