{
  "python_brute": [
    3.1182467937469482,
    3.1109187602996826,
    3.1996192932128906,
    3.1239640712738037,
    3.144979238510132
  ],
  "python_cached": [
    1.5662710666656494,
    1.5610413551330566,
    1.5932297706604004,
    1.5553648471832275,
    1.554460048675537
  ],
  "numpy_brute": [
    1.987189769744873,
    1.9687860012054443,
    2.0684332847595215,
    1.9648373126983643,
    2.0049519538879395
  ],
  "numpy_cached": [
    1.0663564205169678,
    1.0708842277526855,
    1.0981147289276123,
    1.1076171398162842,
    1.0446927547454834
  ],
  "numpy_broadcast": [
    0.04769492149353027,
    0.05042600631713867,
    0.047612667083740234,
    0.04769563674926758,
    0.04718637466430664
  ],
  "scipy": [
    0.012115716934204102,
    0.010855436325073242,
    0.01085352897644043,
    0.011979341506958008,
    0.01063990592956543
  ],
  "cython": [
    0.007338285446166992,
    0.007032632827758789,
    0.0075299739837646484,
    0.007063865661621094,
    0.007042884826660156
  ],
  "cython_parallel": [
    0.014737606048583984,
    0.014813661575317383,
    0.014807462692260742,
    0.014530181884765625,
    0.014966011047363281
  ],
  "numpy_broadcast_cached": [
    0.02916741371154785,
    0.026285171508789062,
    0.026465892791748047,
    0.03190350532531738,
    0.02640080451965332
  ]
}