{
  "numpy_broadcast": [
    75.3207790851593,
    74.07565498352051,
    74.19800233840942,
    74.20401334762573,
    74.42557787895203
  ],
  "numpy_double_broadcast": [
    74.2921667098999,
    74.13515734672546,
    74.17392110824585,
    74.15235948562622,
    74.17378640174866
  ],
  "scipy": [
    20.709279775619507,
    20.7889142036438,
    20.760886430740356,
    20.805138111114502,
    20.8231782913208
  ],
  "cython": [
    15.154193878173828,
    14.81408953666687,
    14.873907089233398,
    15.12107253074646,
    14.902169704437256
  ]
}