{
  "numpy_broadcast": [
    44.046112060546875,
    43.03469252586365,
    42.86272168159485,
    42.92425465583801,
    43.010817766189575
  ],
  "scipy": [
    10.88898229598999,
    10.98255729675293,
    10.880703449249268,
    11.087256908416748,
    10.936455488204956
  ],
  "cython": [
    8.842474699020386,
    8.773801565170288,
    8.72372817993164,
    8.956812858581543,
    8.777665615081787
  ],
  "numpy_broadcast_cached": [
    24.7466561794281,
    24.181060552597046,
    24.17679762840271,
    24.211852073669434,
    24.0770845413208
  ]
}