{
  "python_brute": [
    0.041298627853393555,
    0.03920555114746094,
    0.03995633125305176,
    0.03953981399536133,
    0.04071402549743652
  ],
  "python_cached": [
    0.020169973373413086,
    0.020819425582885742,
    0.0192873477935791,
    0.021046876907348633,
    0.019829750061035156
  ],
  "numpy_brute": [
    0.032351016998291016,
    0.03455543518066406,
    0.03549313545227051,
    0.034570932388305664,
    0.034637451171875
  ],
  "numpy_cached": [
    0.01897120475769043,
    0.018911361694335938,
    0.017849206924438477,
    0.0180971622467041,
    0.01936793327331543
  ],
  "numpy_broadcast": [
    0.0015285015106201172,
    0.0014009475708007812,
    0.001444101333618164,
    0.0013806819915771484,
    0.0014796257019042969
  ],
  "scipy": [
    0.00020599365234375,
    0.00014162063598632812,
    0.0001366138458251953,
    0.0001354217529296875,
    0.00013446807861328125
  ],
  "cython": [
    0.00010180473327636719,
    8.940696716308594e-05,
    9.322166442871094e-05,
    0.0001304149627685547,
    8.726119995117188e-05
  ],
  "cython_parallel": [
    0.00018596649169921875,
    0.00018358230590820312,
    0.00018286705017089844,
    0.00018334388732910156,
    0.00018310546875
  ],
  "numpy_broadcast_cached": [
    0.0009813308715820312,
    0.0008115768432617188,
    0.0009565353393554688,
    0.0010416507720947266,
    0.001077413558959961
  ],
  "numpy_double_broadcast": [
    0.0017857551574707031,
    0.0013327598571777344,
    0.001489400863647461,
    0.0014104843139648438,
    0.0012025833129882812
  ]
}