{
  "python_brute": [
    0.037801265716552734,
    0.03673148155212402,
    0.04430818557739258,
    0.040955543518066406,
    0.036884307861328125
  ],
  "python_cached": [
    0.018518686294555664,
    0.018486499786376953,
    0.019576311111450195,
    0.018206119537353516,
    0.01904892921447754
  ],
  "numpy_brute": [
    0.12242913246154785,
    0.1213066577911377,
    0.11372208595275879,
    0.12726879119873047,
    0.15792274475097656
  ],
  "numpy_cached": [
    0.06154680252075195,
    0.06190991401672363,
    0.06421375274658203,
    0.07156515121459961,
    0.06559944152832031
  ],
  "numpy_broadcast": [
    0.002164602279663086,
    0.0022306442260742188,
    0.0020902156829833984,
    0.001895904541015625,
    0.002168416976928711
  ],
  "scipy": [
    0.00023436546325683594,
    0.00016307830810546875,
    0.00019168853759765625,
    0.00012946128845214844,
    0.00016045570373535156
  ],
  "cython": [
    0.00017261505126953125,
    0.00014209747314453125,
    0.00014138221740722656,
    0.00014066696166992188,
    0.00015163421630859375
  ],
  "cython_parallel": [
    0.0002586841583251953,
    0.0002567768096923828,
    0.0003209114074707031,
    0.0002579689025878906,
    0.00025773048400878906
  ],
  "numpy_broadcast_cached": [
    0.0017240047454833984,
    0.0015413761138916016,
    0.0014750957489013672,
    0.0014004707336425781,
    0.0014100074768066406
  ]
}