{
  "python_brute": [
    0.02773118019104004,
    0.023992538452148438,
    0.022371292114257812,
    0.022271156311035156,
    0.022716283798217773
  ],
  "python_cached": [
    0.01148080825805664,
    0.01135563850402832,
    0.011974573135375977,
    0.011855602264404297,
    0.011739969253540039
  ],
  "numpy_brute": [
    0.11331796646118164,
    0.1128695011138916,
    0.11195898056030273,
    0.15375208854675293,
    0.11340904235839844
  ],
  "numpy_cached": [
    0.06126737594604492,
    0.06436324119567871,
    0.06168961524963379,
    0.06164383888244629,
    0.06775379180908203
  ],
  "numpy_broadcast": [
    0.0018885135650634766,
    0.0017466545104980469,
    0.002117156982421875,
    0.002122640609741211,
    0.0018129348754882812
  ],
  "scipy": [
    0.00023436546325683594,
    0.0001976490020751953,
    0.00021910667419433594,
    0.0001900196075439453,
    0.00018906593322753906
  ],
  "cython": [
    0.000164031982421875,
    0.00014352798461914062,
    0.00014257431030273438,
    0.00014162063598632812,
    0.00014328956604003906
  ],
  "cython_parallel": [
    0.00025153160095214844,
    0.00024771690368652344,
    0.0002219676971435547,
    0.00014328956604003906,
    0.00015687942504882812
  ],
  "numpy_broadcast_cached": [
    0.0015981197357177734,
    0.001421213150024414,
    0.0013399124145507812,
    0.0012972354888916016,
    0.0014300346374511719
  ],
  "numpy_double_broadcast": [
    0.0008749961853027344,
    0.0006821155548095703,
    0.0008990764617919922,
    0.0012195110321044922,
    0.0007688999176025391
  ]
}