{
  "numpy_broadcast": [
    23.94493532180786,
    21.8684663772583,
    21.9892156124115,
    22.00354838371277,
    22.03482174873352
  ],
  "numpy_double_broadcast": [
    21.88802409172058,
    21.920156478881836,
    21.887179613113403,
    21.845993041992188,
    21.936999559402466
  ],
  "scipy": [
    3.3749215602874756,
    3.3012866973876953,
    3.2631709575653076,
    3.304523229598999,
    3.2677371501922607
  ],
  "cython": [
    5.9718122482299805,
    6.063173532485962,
    5.954466819763184,
    5.939418792724609,
    6.05221152305603
  ]
}