{
  "numpy_broadcast": [
    17.034774780273438,
    15.229815006256104,
    15.215657711029053,
    15.39920687675476,
    15.342501878738403
  ],
  "numpy_double_broadcast": [
    15.190078258514404,
    15.257664442062378,
    15.261995792388916,
    15.251392602920532,
    15.254741430282593
  ],
  "scipy": [
    2.6018142700195312,
    2.547039031982422,
    2.5574347972869873,
    2.5909297466278076,
    2.5613441467285156
  ],
  "cython": [
    3.715837001800537,
    3.7387921810150146,
    3.7755234241485596,
    3.710484027862549,
    3.7972092628479004
  ],
  "numpy_broadcast_cached": [
    15.507473230361938,
    14.994939804077148,
    14.706729173660278,
    14.727577447891235,
    14.833873510360718
  ]
}