{
  "numpy_broadcast": [
    20.69856023788452,
    19.911921977996826,
    19.773566484451294,
    19.71263861656189,
    19.81569743156433
  ],
  "scipy": [
    4.031188488006592,
    4.03481125831604,
    3.9121224880218506,
    4.031871795654297,
    3.964637041091919
  ],
  "cython": [
    3.932098627090454,
    4.1604673862457275,
    3.8899149894714355,
    3.9267189502716064,
    3.91702938079834
  ],
  "numpy_broadcast_cached": [
    12.644195079803467,
    12.351166248321533,
    12.312202453613281,
    12.379218578338623,
    12.365926504135132
  ]
}