{
  "numpy_broadcast": [
    85.38920950889587,
    84.24430918693542,
    84.03240370750427,
    84.08875966072083,
    84.28847885131836
  ],
  "numpy_double_broadcast": [
    83.73842597007751,
    83.64373302459717,
    83.6986494064331,
    83.52173495292664,
    83.66873288154602
  ],
  "scipy": [
    23.736773014068604,
    23.7932448387146,
    23.884649515151978,
    23.8492214679718,
    23.917144536972046
  ],
  "cython": [
    13.876539707183838,
    13.811163187026978,
    13.747431516647339,
    13.841068029403687,
    13.85599136352539
  ],
  "numpy_broadcast_cached": [
    44.58362174034119,
    43.95075225830078,
    44.029062271118164,
    44.05971050262451,
    43.9189453125
  ]
}