{
  "python_brute": [
    42.77295541763306,
    42.67187476158142,
    42.74896049499512,
    42.86456322669983,
    42.76753044128418
  ],
  "python_cached": [
    22.915602445602417,
    22.976755619049072,
    23.242928981781006,
    23.017913818359375,
    22.901766300201416
  ],
  "numpy_brute": [
    130.58517026901245,
    130.69487500190735,
    131.77175784111023,
    131.28335785865784,
    129.69816303253174
  ],
  "numpy_cached": [
    68.35636305809021,
    68.24556517601013,
    71.04012751579285,
    69.40127658843994,
    70.44268012046814
  ],
  "numpy_broadcast": [
    0.8643481731414795,
    0.8446431159973145,
    0.854600191116333,
    0.8548822402954102,
    0.8810694217681885
  ],
  "scipy": [
    0.14436650276184082,
    0.14290332794189453,
    0.14376044273376465,
    0.14380526542663574,
    0.1486959457397461
  ],
  "cython": [
    0.1720106601715088,
    0.1697862148284912,
    0.1731245517730713,
    0.17969965934753418,
    0.18643617630004883
  ],
  "cython_parallel": [
    0.32053661346435547,
    0.3194692134857178,
    0.33266711235046387,
    0.3216366767883301,
    0.3155083656311035
  ],
  "numpy_broadcast_cached": [
    0.6626763343811035,
    0.6327722072601318,
    0.6152622699737549,
    0.6095798015594482,
    0.6106319427490234
  ],
  "numpy_double_broadcast": [
    1.0125572681427002,
    1.0083186626434326,
    0.9988288879394531,
    1.0181264877319336,
    1.0149812698364258
  ]
}