{
  "numpy_broadcast": [
    44.88880491256714,
    44.109843730926514,
    44.21687912940979,
    44.03418445587158,
    44.2061653137207
  ],
  "numpy_double_broadcast": [
    44.08422660827637,
    43.945319414138794,
    43.59683895111084,
    43.385462522506714,
    43.72184157371521
  ],
  "scipy": [
    12.86797833442688,
    12.848029613494873,
    12.973254442214966,
    12.94802474975586,
    12.880260467529297
  ],
  "cython": [
    7.571614742279053,
    7.48361349105835,
    7.46834659576416,
    7.573155164718628,
    7.44681453704834
  ],
  "numpy_broadcast_cached": [
    24.002073526382446,
    23.417905807495117,
    23.451740741729736,
    23.61368465423584,
    23.537057638168335
  ]
}