{
  "python_brute": [
    0.40210676193237305,
    0.3905606269836426,
    0.39934587478637695,
    0.4108264446258545,
    0.4012894630432129
  ],
  "python_cached": [
    0.22594237327575684,
    0.19877290725708008,
    0.19812536239624023,
    0.19420886039733887,
    0.20009374618530273
  ],
  "numpy_brute": [
    0.13023161888122559,
    0.13618016242980957,
    0.11587405204772949,
    0.12126278877258301,
    0.12616491317749023
  ],
  "numpy_cached": [
    0.06505322456359863,
    0.06364011764526367,
    0.07175779342651367,
    0.06393218040466309,
    0.06408882141113281
  ],
  "numpy_broadcast": [
    0.006796360015869141,
    0.006841421127319336,
    0.006772041320800781,
    0.007063388824462891,
    0.0071794986724853516
  ],
  "numpy_double_broadcast": [
    0.006806135177612305,
    0.006588935852050781,
    0.006562471389770508,
    0.006853580474853516,
    0.006406545639038086
  ],
  "scipy": [
    0.0017821788787841797,
    0.0020530223846435547,
    0.0017819404602050781,
    0.0019190311431884766,
    0.0018324851989746094
  ],
  "cython": [
    0.00096893310546875,
    0.0007829666137695312,
    0.0008616447448730469,
    0.0009341239929199219,
    0.0007922649383544922
  ],
  "cython_parallel": [
    0.002246379852294922,
    0.002161264419555664,
    0.0020494461059570312,
    0.0019087791442871094,
    0.002030611038208008
  ],
  "numpy_broadcast_cached": [
    0.004556179046630859,
    0.0041506290435791016,
    0.0037703514099121094,
    0.0037124156951904297,
    0.003996133804321289
  ]
}