{
  "python_brute": [
    397.0692574977875,
    395.91553926467896,
    399.12047719955444,
    398.7341728210449,
    399.22056460380554
  ],
  "python_cached": [
    211.43720865249634,
    211.15129327774048,
    209.14907050132751,
    209.51780080795288,
    209.56374502182007
  ],
  "numpy_brute": [
    552.734158039093,
    552.6597785949707,
    551.5940370559692,
    548.9300494194031,
    547.1761357784271
  ],
  "numpy_cached": [
    291.60299849510193,
    291.3343710899353,
    292.0438120365143,
    291.18456768989563,
    293.2102415561676
  ],
  "numpy_broadcast": [
    13.259604454040527,
    6.135883808135986,
    6.120967626571655,
    6.1391026973724365,
    6.143470048904419
  ],
  "numpy_double_broadcast": [
    6.151669263839722,
    6.113506078720093,
    6.108403205871582,
    6.1734778881073,
    6.216845273971558
  ],
  "scipy": [
    1.3109967708587646,
    1.3224527835845947,
    1.3199949264526367,
    1.3066234588623047,
    1.312894344329834
  ],
  "cython": [
    1.0079200267791748,
    1.0177807807922363,
    0.9988553524017334,
    1.0126054286956787,
    0.9963371753692627
  ],
  "cython_parallel": [
    2.1420862674713135,
    2.1144583225250244,
    2.1239914894104004,
    2.113740921020508,
    2.139155864715576
  ]
}