{
  "numpy_broadcast": [
    5.22820258140564,
    4.695489883422852,
    4.673407077789307,
    4.7313072681427,
    4.714244604110718
  ],
  "scipy": [
    0.5191633701324463,
    0.4797987937927246,
    0.4915947914123535,
    0.49489569664001465,
    0.49236035346984863
  ],
  "cython": [
    0.8417954444885254,
    0.8513178825378418,
    0.8745436668395996,
    0.8553695678710938,
    0.8484463691711426
  ],
  "numpy_broadcast_cached": [
    4.705010890960693,
    4.417042255401611,
    4.428186416625977,
    4.420822620391846,
    4.432069301605225
  ]
}