{
  "numpy_broadcast": [
    27.46836805343628,
    26.1451358795166,
    26.18908143043518,
    26.119593381881714,
    26.29218626022339
  ],
  "numpy_double_broadcast": [
    26.221475839614868,
    26.209493398666382,
    26.317798852920532,
    26.20852303504944,
    26.476242542266846
  ],
  "scipy": [
    5.368523597717285,
    5.2856504917144775,
    5.284685850143433,
    5.47678017616272,
    5.4000372886657715
  ],
  "cython": [
    5.8637919425964355,
    5.919420003890991,
    6.129427194595337,
    5.967400312423706,
    5.97925066947937
  ],
  "numpy_broadcast_cached": [
    16.98607110977173,
    16.58135724067688,
    16.55179715156555,
    16.54560160636902,
    16.441054582595825
  ]
}