{
  "python_brute": [
    0.015642642974853516,
    0.016295671463012695,
    0.01675581932067871,
    0.015628337860107422,
    0.0161893367767334
  ],
  "python_cached": [
    0.008260488510131836,
    0.008861541748046875,
    0.008046865463256836,
    0.008242368698120117,
    0.008405208587646484
  ],
  "numpy_brute": [
    0.11840271949768066,
    0.12773442268371582,
    0.1354069709777832,
    0.11250448226928711,
    0.11399126052856445
  ],
  "numpy_cached": [
    0.055844783782958984,
    0.05649161338806152,
    0.061249732971191406,
    0.06700396537780762,
    0.06156611442565918
  ],
  "numpy_broadcast": [
    0.0015861988067626953,
    0.0016641616821289062,
    0.0016396045684814453,
    0.0014827251434326172,
    0.0016286373138427734
  ],
  "scipy": [
    0.00010466575622558594,
    0.00011420249938964844,
    0.00010466575622558594,
    9.369850158691406e-05,
    6.365776062011719e-05
  ],
  "cython": [
    6.0558319091796875e-05,
    4.887580871582031e-05,
    4.792213439941406e-05,
    4.792213439941406e-05,
    4.76837158203125e-05
  ],
  "cython_parallel": [
    7.009506225585938e-05,
    6.914138793945312e-05,
    0.00010538101196289062,
    8.678436279296875e-05,
    6.937980651855469e-05
  ],
  "numpy_broadcast_cached": [
    0.0017371177673339844,
    0.001390218734741211,
    0.0012583732604980469,
    0.0013210773468017578,
    0.001252889633178711
  ],
  "numpy_double_broadcast": [
    0.0007548332214355469,
    0.0004711151123046875,
    0.00046181678771972656,
    0.0004818439483642578,
    0.0005221366882324219
  ]
}