{
  "python_brute": [
    11.999046564102173,
    12.089707374572754,
    12.088847637176514,
    12.151510238647461,
    12.173407793045044
  ],
  "python_cached": [
    6.023427724838257,
    6.0068933963775635,
    6.091815710067749,
    6.214876651763916,
    6.058463096618652
  ],
  "numpy_brute": [
    5.181068181991577,
    5.263388156890869,
    5.20841121673584,
    5.216628789901733,
    5.1399452686309814
  ],
  "numpy_cached": [
    2.8061013221740723,
    2.9215898513793945,
    2.84932279586792,
    3.1507773399353027,
    3.23854398727417
  ],
  "numpy_broadcast": [
    0.26584577560424805,
    0.18472623825073242,
    0.19057917594909668,
    0.17313790321350098,
    0.18751215934753418
  ],
  "scipy": [
    0.04840898513793945,
    0.04943346977233887,
    0.04718494415283203,
    0.05367898941040039,
    0.04795694351196289
  ],
  "cython": [
    0.026226043701171875,
    0.030975818634033203,
    0.030367374420166016,
    0.02759099006652832,
    0.03647112846374512
  ],
  "cython_parallel": [
    0.07361555099487305,
    0.0616154670715332,
    0.06734514236450195,
    0.07576751708984375,
    0.06306004524230957
  ],
  "numpy_broadcast_cached": [
    0.1184842586517334,
    0.08919239044189453,
    0.08955764770507812,
    0.09058189392089844,
    0.08773660659790039
  ]
}