{
  "numpy_broadcast": [
    114.04876232147217,
    112.0756824016571,
    112.09012985229492,
    112.0662534236908,
    111.84139347076416
  ],
  "numpy_double_broadcast": [
    111.73849487304688,
    111.29653906822205,
    111.21900153160095,
    111.14272451400757,
    111.20995092391968
  ],
  "scipy": [
    31.17800998687744,
    31.273834705352783,
    31.113273859024048,
    30.95882296562195,
    30.992120265960693
  ],
  "cython": [
    25.993425369262695,
    25.7393639087677,
    25.61487126350403,
    25.70177412033081,
    25.260926723480225
  ],
  "numpy_broadcast_cached": [
    63.457754135131836,
    62.24283719062805,
    62.27796745300293,
    62.06194257736206,
    62.173755168914795
  ]
}