{
  "python_brute": [
    0.3563210964202881,
    0.34955906867980957,
    0.351940393447876,
    0.356952428817749,
    0.3668372631072998
  ],
  "python_cached": [
    0.19037675857543945,
    0.18772578239440918,
    0.18981480598449707,
    0.18956708908081055,
    0.18445324897766113
  ],
  "numpy_brute": [
    1.9322972297668457,
    1.9109792709350586,
    1.9290027618408203,
    1.9346866607666016,
    1.9157507419586182
  ],
  "numpy_cached": [
    0.9966621398925781,
    1.0301618576049805,
    1.0173397064208984,
    1.0135478973388672,
    1.0065598487854004
  ],
  "numpy_broadcast": [
    0.016177892684936523,
    0.01586174964904785,
    0.014549016952514648,
    0.014960289001464844,
    0.015227794647216797
  ],
  "scipy": [
    0.0014107227325439453,
    0.0013165473937988281,
    0.0013375282287597656,
    0.0013964176177978516,
    0.0019385814666748047
  ],
  "cython": [
    0.001322031021118164,
    0.0013234615325927734,
    0.0012722015380859375,
    0.0012466907501220703,
    0.0012352466583251953
  ],
  "cython_parallel": [
    0.0019652843475341797,
    0.0021004676818847656,
    0.002543926239013672,
    0.0020444393157958984,
    0.0023238658905029297
  ],
  "numpy_broadcast_cached": [
    0.010948657989501953,
    0.01109933853149414,
    0.009680986404418945,
    0.010993480682373047,
    0.010627985000610352
  ]
}