{
  "numpy_broadcast": [
    55.745805978775024,
    54.35924172401428,
    54.53176832199097,
    54.30007457733154,
    54.73340439796448
  ],
  "numpy_double_broadcast": [
    54.27210712432861,
    54.20372462272644,
    54.348299741744995,
    54.31822395324707,
    54.24360370635986
  ],
  "scipy": [
    13.906158924102783,
    13.984682559967041,
    13.974143505096436,
    13.923837423324585,
    13.920576810836792
  ],
  "cython": [
    11.7211754322052,
    11.67196774482727,
    11.637510538101196,
    11.469393730163574,
    11.658599853515625
  ],
  "numpy_broadcast_cached": [
    31.720091819763184,
    31.048906564712524,
    31.069647789001465,
    31.13973045349121,
    31.064430475234985
  ]
}