{
  "numpy_broadcast": [
    3.664236307144165,
    3.2723686695098877,
    3.2652790546417236,
    3.2616047859191895,
    3.3168458938598633
  ],
  "scipy": [
    0.3406989574432373,
    0.32891106605529785,
    0.3349783420562744,
    0.33519625663757324,
    0.3276383876800537
  ],
  "cython": [
    0.5808041095733643,
    0.5479476451873779,
    0.5434756278991699,
    0.556389331817627,
    0.5442547798156738
  ],
  "numpy_broadcast_cached": [
    3.1491780281066895,
    2.967193603515625,
    2.9692394733428955,
    3.020533323287964,
    2.9671785831451416
  ],
  "numpy_double_broadcast": [
    3.7432589530944824,
    3.7714004516601562,
    3.7830491065979004,
    3.707914352416992,
    3.732586622238159
  ]
}