{
  "numpy_broadcast": [
    10.74350094795227,
    9.833797693252563,
    9.783097982406616,
    9.826181650161743,
    9.905047416687012
  ],
  "scipy": [
    1.671539306640625,
    1.6444830894470215,
    1.6168267726898193,
    1.6356143951416016,
    1.679771900177002
  ],
  "cython": [
    2.5186331272125244,
    2.470553398132324,
    2.4473493099212646,
    2.435072898864746,
    2.4544174671173096
  ],
  "numpy_broadcast_cached": [
    9.495452404022217,
    9.059326171875,
    8.927763223648071,
    9.067680597305298,
    9.046622514724731
  ],
  "numpy_double_broadcast": [
    11.91951298713684,
    11.96188235282898,
    11.865113973617554,
    11.971671342849731,
    11.883694887161255
  ]
}