{
  "python_brute": [
    0.06566762924194336,
    0.06647896766662598,
    0.06935358047485352,
    0.06502699851989746,
    0.0655825138092041
  ],
  "python_cached": [
    0.033333539962768555,
    0.0342099666595459,
    0.03415107727050781,
    0.03434395790100098,
    0.03418469429016113
  ],
  "numpy_brute": [
    0.20526123046875,
    0.21900248527526855,
    0.20920753479003906,
    0.20807576179504395,
    0.21152615547180176
  ],
  "numpy_cached": [
    0.1058053970336914,
    0.1076817512512207,
    0.10916590690612793,
    0.11125874519348145,
    0.11325430870056152
  ],
  "numpy_broadcast": [
    0.003895282745361328,
    0.0031137466430664062,
    0.003131389617919922,
    0.0031020641326904297,
    0.0030951499938964844
  ],
  "numpy_double_broadcast": [
    0.003110170364379883,
    0.003147602081298828,
    0.003215312957763672,
    0.003457307815551758,
    0.003233194351196289
  ],
  "scipy": [
    0.0003197193145751953,
    0.0002465248107910156,
    0.00024437904357910156,
    0.0002238750457763672,
    0.00022649765014648438
  ],
  "cython": [
    0.0002620220184326172,
    0.0003113746643066406,
    0.00024962425231933594,
    0.0002472400665283203,
    0.00025272369384765625
  ],
  "cython_parallel": [
    0.0004811286926269531,
    0.0006334781646728516,
    0.0004801750183105469,
    0.0005791187286376953,
    0.000476837158203125
  ]
}