{
  "python_brute": [
    0.007874011993408203,
    0.0075168609619140625,
    0.007596254348754883,
    0.006864309310913086,
    0.011585474014282227
  ],
  "python_cached": [
    0.004099130630493164,
    0.003962039947509766,
    0.004052162170410156,
    0.003903627395629883,
    0.004313230514526367
  ],
  "numpy_brute": [
    0.05194211006164551,
    0.05175948143005371,
    0.054003000259399414,
    0.05125999450683594,
    0.05412745475769043
  ],
  "numpy_cached": [
    0.027951717376708984,
    0.025748491287231445,
    0.027545928955078125,
    0.025696516036987305,
    0.028228282928466797
  ],
  "numpy_broadcast": [
    0.0009517669677734375,
    0.001169443130493164,
    0.0009872913360595703,
    0.0010461807250976562,
    0.0008740425109863281
  ],
  "scipy": [
    6.866455078125e-05,
    3.910064697265625e-05,
    3.5762786865234375e-05,
    3.457069396972656e-05,
    3.409385681152344e-05
  ],
  "cython": [
    4.00543212890625e-05,
    2.4318695068359375e-05,
    2.3603439331054688e-05,
    2.2649765014648438e-05,
    2.3126602172851562e-05
  ],
  "cython_parallel": [
    3.3855438232421875e-05,
    8.940696716308594e-05,
    4.8160552978515625e-05,
    4.601478576660156e-05,
    3.218650817871094e-05
  ],
  "numpy_broadcast_cached": [
    0.0012030601501464844,
    0.0009534358978271484,
    0.0008113384246826172,
    0.0008251667022705078,
    0.0007853507995605469
  ]
}