{
  "python_brute": [
    0.12159204483032227,
    0.11437249183654785,
    0.11653590202331543,
    0.11352181434631348,
    0.11106586456298828
  ],
  "python_cached": [
    0.056557655334472656,
    0.056769609451293945,
    0.057515621185302734,
    0.05789971351623535,
    0.05835390090942383
  ],
  "numpy_brute": [
    0.033090829849243164,
    0.03319954872131348,
    0.03566622734069824,
    0.03472614288330078,
    0.037038326263427734
  ],
  "numpy_cached": [
    0.019811630249023438,
    0.017765283584594727,
    0.017636537551879883,
    0.018113136291503906,
    0.017809152603149414
  ],
  "numpy_broadcast": [
    0.0023107528686523438,
    0.002730846405029297,
    0.0021753311157226562,
    0.0024170875549316406,
    0.0022122859954833984
  ],
  "scipy": [
    0.0005893707275390625,
    0.0005619525909423828,
    0.0004379749298095703,
    0.000499725341796875,
    0.0005686283111572266
  ],
  "cython": [
    0.00024700164794921875,
    0.0002269744873046875,
    0.0002455711364746094,
    0.00023937225341796875,
    0.00022673606872558594
  ],
  "cython_parallel": [
    0.0010437965393066406,
    0.0006535053253173828,
    0.0005087852478027344,
    0.0006480216979980469,
    0.0005788803100585938
  ],
  "numpy_broadcast_cached": [
    0.0016384124755859375,
    0.0013217926025390625,
    0.0014743804931640625,
    0.0014874935150146484,
    0.0013134479522705078
  ]
}