{
  "python_brute": [
    24.82663083076477,
    24.717108726501465,
    24.821457386016846,
    24.955538511276245,
    24.784419059753418
  ],
  "python_cached": [
    13.828957796096802,
    14.005167484283447,
    13.905906438827515,
    13.769880294799805,
    13.815515279769897
  ],
  "numpy_brute": [
    130.33238673210144,
    130.34878969192505,
    130.39729356765747,
    129.73983311653137,
    130.14473962783813
  ],
  "numpy_cached": [
    68.5166563987732,
    68.11663937568665,
    68.22868180274963,
    68.30058526992798,
    68.76602625846863
  ],
  "numpy_broadcast": [
    0.6814727783203125,
    0.6668412685394287,
    0.6738953590393066,
    0.6514112949371338,
    0.6806535720825195
  ],
  "scipy": [
    0.10367512702941895,
    0.10374689102172852,
    0.10379981994628906,
    0.10487651824951172,
    0.10540986061096191
  ],
  "cython": [
    0.0949869155883789,
    0.09765219688415527,
    0.09248542785644531,
    0.09575200080871582,
    0.09574127197265625
  ],
  "cython_parallel": [
    0.1806182861328125,
    0.15918254852294922,
    0.16390657424926758,
    0.15918421745300293,
    0.16054749488830566
  ],
  "numpy_broadcast_cached": [
    0.5601801872253418,
    0.514310359954834,
    0.5357849597930908,
    0.5445842742919922,
    0.5683495998382568
  ],
  "numpy_double_broadcast": [
    0.7390689849853516,
    0.7739851474761963,
    0.754296064376831,
    0.7426497936248779,
    0.7298543453216553
  ]
}