{
  "numpy_brute": [
    2.541563034057617,
    2.580554723739624,
    2.533957004547119,
    2.524791717529297,
    2.5482940673828125
  ],
  "numpy_cached": [
    1.5243744850158691,
    1.5383377075195312,
    1.5710763931274414,
    1.5370073318481445,
    1.5274102687835693
  ]
}