{
  "numpy_broadcast": [
    14.286784648895264,
    7.03493595123291,
    7.18284273147583,
    7.010111331939697,
    7.043952941894531
  ],
  "numpy_double_broadcast": [
    7.133644104003906,
    7.033507585525513,
    7.074702978134155,
    7.1036481857299805,
    7.000019311904907
  ],
  "scipy": [
    1.171705961227417,
    1.1913785934448242,
    1.1942110061645508,
    1.1907804012298584,
    1.1905152797698975
  ],
  "cython": [
    1.0804998874664307,
    1.084085464477539,
    1.063676118850708,
    1.1389896869659424,
    1.0703396797180176
  ]
}