{
  "numpy_broadcast": [
    21.383162260055542,
    19.94910168647766,
    20.03108239173889,
    19.961923360824585,
    20.04279851913452
  ],
  "scipy": [
    3.3223214149475098,
    3.288010597229004,
    3.361682415008545,
    3.3166232109069824,
    3.2888364791870117
  ],
  "cython": [
    6.357565641403198,
    6.0828282833099365,
    6.172605514526367,
    6.272085666656494,
    6.265726566314697
  ],
  "numpy_broadcast_cached": [
    17.88519787788391,
    17.081136226654053,
    17.021223783493042,
    17.12607192993164,
    17.08198308944702
  ]
}