{
  "python_brute": [
    1.862541675567627,
    1.8536322116851807,
    1.862088918685913,
    1.8636515140533447,
    1.8636059761047363
  ],
  "python_cached": [
    0.9489521980285645,
    0.9505903720855713,
    0.9897065162658691,
    0.9564268589019775,
    0.9490065574645996
  ],
  "numpy_brute": [
    3.4020092487335205,
    3.345008611679077,
    3.416722297668457,
    3.328131675720215,
    3.365873098373413
  ],
  "numpy_cached": [
    1.788074254989624,
    1.7735285758972168,
    1.7798619270324707,
    1.8114070892333984,
    1.7760026454925537
  ],
  "numpy_broadcast": [
    0.04583549499511719,
    0.03684639930725098,
    0.03694295883178711,
    0.03660893440246582,
    0.03859448432922363
  ],
  "numpy_double_broadcast": [
    0.036351680755615234,
    0.03588438034057617,
    0.0380861759185791,
    0.03679490089416504,
    0.03628683090209961
  ],
  "scipy": [
    0.004764556884765625,
    0.004749774932861328,
    0.004786014556884766,
    0.004551887512207031,
    0.004602670669555664
  ],
  "cython": [
    0.003978729248046875,
    0.0039033889770507812,
    0.0037813186645507812,
    0.0042150020599365234,
    0.003895282745361328
  ],
  "cython_parallel": [
    0.008660078048706055,
    0.008344888687133789,
    0.008580446243286133,
    0.008936405181884766,
    0.00856328010559082
  ],
  "numpy_broadcast_cached": [
    0.024311304092407227,
    0.023076534271240234,
    0.025341033935546875,
    0.022937536239624023,
    0.02335977554321289
  ]
}