{
  "numpy_brute": [
    0.06409502029418945,
    0.06419992446899414,
    0.07998275756835938,
    0.06939959526062012,
    0.061768531799316406
  ],
  "numpy_cached": [
    0.04723048210144043,
    0.0355532169342041,
    0.03595590591430664,
    0.03688764572143555,
    0.035282135009765625
  ]
}