{
  "python_brute": [
    11.71856141090393,
    11.562568664550781,
    11.638029336929321,
    11.378565073013306,
    11.518468856811523
  ],
  "python_cached": [
    5.841668367385864,
    5.7168052196502686,
    5.8248512744903564,
    5.746153831481934,
    5.7320237159729
  ],
  "numpy_brute": [
    3.4405481815338135,
    3.443131446838379,
    3.4909584522247314,
    3.5172932147979736,
    3.4266581535339355
  ],
  "numpy_cached": [
    1.8490490913391113,
    1.9123866558074951,
    1.9000697135925293,
    1.8756847381591797,
    1.8504934310913086
  ],
  "numpy_broadcast": [
    0.1988828182220459,
    0.1665363311767578,
    0.16070270538330078,
    0.15758395195007324,
    0.16791224479675293
  ],
  "scipy": [
    0.04962515830993652,
    0.04608750343322754,
    0.05326581001281738,
    0.04685688018798828,
    0.047518253326416016
  ],
  "cython": [
    0.02435612678527832,
    0.025009632110595703,
    0.025500774383544922,
    0.028537750244140625,
    0.027930498123168945
  ],
  "cython_parallel": [
    0.05734419822692871,
    0.05659794807434082,
    0.056165456771850586,
    0.05963945388793945,
    0.05821418762207031
  ],
  "numpy_broadcast_cached": [
    0.10341477394104004,
    0.0814521312713623,
    0.07901310920715332,
    0.07901620864868164,
    0.07890558242797852
  ],
  "numpy_double_broadcast": [
    0.21312451362609863,
    0.2158820629119873,
    0.22781968116760254,
    0.21242189407348633,
    0.2209491729736328
  ]
}