{
  "numpy_broadcast": [
    13.661412477493286,
    12.726595640182495,
    12.740711688995361,
    12.75237512588501,
    12.716633081436157
  ],
  "numpy_double_broadcast": [
    12.703340291976929,
    12.584657192230225,
    12.783632040023804,
    12.606892585754395,
    12.688698768615723
  ],
  "scipy": [
    2.1380579471588135,
    2.140315532684326,
    2.1118056774139404,
    2.1019909381866455,
    2.0905959606170654
  ],
  "cython": [
    4.084817409515381,
    3.9528064727783203,
    3.9588711261749268,
    4.011411428451538,
    3.987478733062744
  ],
  "numpy_broadcast_cached": [
    10.946556806564331,
    10.452991724014282,
    10.447090148925781,
    10.52021837234497,
    10.49614143371582
  ]
}