{
  "python_brute": [
    0.23383164405822754,
    0.24315214157104492,
    0.2317490577697754,
    0.2345736026763916,
    0.2349090576171875
  ],
  "python_cached": [
    0.11508059501647949,
    0.12418651580810547,
    0.12445735931396484,
    0.11845016479492188,
    0.11615514755249023
  ],
  "numpy_brute": [
    0.052242279052734375,
    0.04960227012634277,
    0.0518949031829834,
    0.049460411071777344,
    0.0501561164855957
  ],
  "numpy_cached": [
    0.026452302932739258,
    0.026796817779541016,
    0.02770543098449707,
    0.027823925018310547,
    0.027054786682128906
  ]
}