{
  "numpy_brute": [
    0.07442116737365723,
    0.07235503196716309,
    0.07030248641967773,
    0.07165360450744629,
    0.07129883766174316
  ],
  "numpy_cached": [
    0.045252323150634766,
    0.044457435607910156,
    0.04288649559020996,
    0.046021223068237305,
    0.049997568130493164
  ]
}