{
  "numpy_brute": [
    0.16210675239562988,
    0.16278553009033203,
    0.16163086891174316,
    0.17337322235107422,
    0.16245317459106445
  ],
  "numpy_cached": [
    0.1243436336517334,
    0.12347412109375,
    0.12417006492614746,
    0.12902617454528809,
    0.1322643756866455
  ]
}