{
  "numpy_broadcast": [
    44.239725828170776,
    42.6185142993927,
    42.699203968048096,
    42.70000958442688,
    42.69110083580017
  ],
  "numpy_double_broadcast": [
    42.66353940963745,
    42.617058992385864,
    42.58272671699524,
    42.64158654212952,
    42.64192342758179
  ],
  "scipy": [
    10.007622003555298,
    10.06421184539795,
    9.954271078109741,
    10.101160764694214,
    9.865288496017456
  ],
  "cython": [
    9.83327317237854,
    10.28302526473999,
    9.86101245880127,
    10.285614013671875,
    10.088558912277222
  ],
  "numpy_broadcast_cached": [
    27.70379376411438,
    27.05632448196411,
    27.018841981887817,
    26.892184734344482,
    27.157129049301147
  ]
}