{
  "numpy_brute": [
    0.11533355712890625,
    0.11346316337585449,
    0.11458730697631836,
    0.11599898338317871,
    0.14028620719909668
  ],
  "numpy_cached": [
    0.08780193328857422,
    0.08393287658691406,
    0.08859682083129883,
    0.08523201942443848,
    0.08624386787414551
  ]
}