{
  "numpy_brute": [
    0.07055878639221191,
    0.07150101661682129,
    0.07193136215209961,
    0.09833264350891113,
    0.07784676551818848
  ],
  "numpy_cached": [
    0.04336237907409668,
    0.04582667350769043,
    0.04527449607849121,
    0.04555916786193848,
    0.04352712631225586
  ]
}