{
  "python_brute": [
    629.6068122386932,
    628.0845205783844,
    633.2024805545807,
    629.538996219635,
    629.6347870826721
  ],
  "python_cached": [
    322.92609119415283,
    323.4693064689636,
    326.99516558647156,
    323.06259179115295,
    323.9238088130951
  ],
  "numpy_brute": [
    515.2265655994415,
    512.0431990623474,
    513.6675276756287,
    513.6582624912262,
    515.9159753322601
  ],
  "numpy_cached": [
    281.9021542072296,
    277.7352707386017,
    278.1430358886719,
    278.144695520401,
    278.8318727016449
  ],
  "numpy_broadcast": [
    22.15068292617798,
    9.988464117050171,
    10.014437675476074,
    9.987977504730225,
    10.030171632766724
  ],
  "numpy_double_broadcast": [
    9.999474048614502,
    10.003444194793701,
    10.064489364624023,
    10.015448570251465,
    10.018104553222656
  ],
  "scipy": [
    2.3948864936828613,
    2.369518518447876,
    2.3555052280426025,
    2.352644443511963,
    2.336648941040039
  ],
  "cython": [
    1.6202762126922607,
    1.6328389644622803,
    1.6346888542175293,
    1.5939946174621582,
    1.6262290477752686
  ],
  "cython_parallel": [
    3.3490703105926514,
    3.4043960571289062,
    3.336503267288208,
    3.437603235244751,
    3.378676176071167
  ],
  "numpy_broadcast_cached": [
    5.680736303329468,
    5.251508474349976,
    5.278441905975342,
    5.230545520782471,
    5.369535207748413
  ]
}