{
  "python_brute": [
    0.11350893974304199,
    0.11407351493835449,
    0.11084747314453125,
    0.11342906951904297,
    0.10965752601623535
  ],
  "python_cached": [
    0.056340694427490234,
    0.05697751045227051,
    0.05606245994567871,
    0.055997610092163086,
    0.057802677154541016
  ],
  "numpy_brute": [
    0.20784878730773926,
    0.20591092109680176,
    0.21153616905212402,
    0.20446348190307617,
    0.22378873825073242
  ],
  "numpy_cached": [
    0.11071443557739258,
    0.10983514785766602,
    0.10651826858520508,
    0.10886549949645996,
    0.11167383193969727
  ],
  "numpy_broadcast": [
    0.0036344528198242188,
    0.0034024715423583984,
    0.0037994384765625,
    0.0034863948822021484,
    0.0035207271575927734
  ],
  "numpy_double_broadcast": [
    0.003614664077758789,
    0.0033800601959228516,
    0.0036470890045166016,
    0.0034706592559814453,
    0.0036079883575439453
  ],
  "scipy": [
    0.0004048347473144531,
    0.00036334991455078125,
    0.00028061866760253906,
    0.0002765655517578125,
    0.0002758502960205078
  ],
  "cython": [
    0.000255584716796875,
    0.00023245811462402344,
    0.00026345252990722656,
    0.00023102760314941406,
    0.00023102760314941406
  ],
  "cython_parallel": [
    0.0005271434783935547,
    0.0004858970642089844,
    0.0005426406860351562,
    0.0004892349243164062,
    0.0004856586456298828
  ],
  "numpy_broadcast_cached": [
    0.0027289390563964844,
    0.0023345947265625,
    0.0025548934936523438,
    0.0024955272674560547,
    0.0024933815002441406
  ]
}