{
  "numpy_broadcast": [
    15.000073194503784,
    14.381082773208618,
    14.239614725112915,
    14.274600982666016,
    14.279664039611816
  ],
  "scipy": [
    2.4010932445526123,
    2.4713551998138428,
    2.3887720108032227,
    2.46024227142334,
    2.488426685333252
  ],
  "cython": [
    2.772073984146118,
    2.719184398651123,
    2.7534241676330566,
    2.7422683238983154,
    2.7410547733306885
  ],
  "numpy_broadcast_cached": [
    10.346053123474121,
    9.824253559112549,
    10.0690438747406,
    9.863967657089233,
    10.058462619781494
  ]
}