{
  "python_brute": [
    0.46284031867980957,
    0.4652543067932129,
    0.49921679496765137,
    0.4481925964355469,
    0.47817039489746094
  ],
  "python_cached": [
    0.24922704696655273,
    0.22834300994873047,
    0.2437608242034912,
    0.23479342460632324,
    0.23366260528564453
  ],
  "numpy_brute": [
    0.06059598922729492,
    0.05694270133972168,
    0.05750465393066406,
    0.057492733001708984,
    0.05695509910583496
  ],
  "numpy_cached": [
    0.032723426818847656,
    0.030885934829711914,
    0.03194761276245117,
    0.03143429756164551,
    0.03183484077453613
  ]
}