{
  "numpy_broadcast": [
    160.06950306892395,
    158.70143294334412,
    158.59312510490417,
    158.96635675430298,
    158.99790573120117
  ],
  "numpy_double_broadcast": [
    159.06008768081665,
    159.01060366630554,
    159.11771726608276,
    159.0827956199646,
    159.45990467071533
  ],
  "scipy": [
    50.5212299823761,
    50.45050930976868,
    50.482795000076294,
    50.29896426200867,
    50.570882081985474
  ],
  "cython": [
    28.054924726486206,
    27.831255435943604,
    27.760766744613647,
    27.569756984710693,
    27.54950451850891
  ],
  "numpy_broadcast_cached": [
    83.51361656188965,
    82.65418004989624,
    82.58786940574646,
    82.53924989700317,
    82.70008730888367
  ]
}