{
  "numpy_brute": [
    9.31095027923584,
    9.580461740493774,
    9.411516189575195,
    9.52891206741333,
    9.487793207168579
  ],
  "numpy_cached": [
    5.612368583679199,
    5.822520732879639,
    5.659839630126953,
    5.665268898010254,
    5.670013666152954
  ]
}