{
  "python_brute": [
    4.045018672943115,
    4.086442232131958,
    4.026401519775391,
    4.031926393508911,
    4.047680616378784
  ],
  "python_cached": [
    2.022829294204712,
    2.0465948581695557,
    2.06998348236084,
    2.0781495571136475,
    2.037736654281616
  ],
  "numpy_brute": [
    3.7831780910491943,
    3.7162721157073975,
    3.7360987663269043,
    3.688513994216919,
    3.6994855403900146
  ],
  "numpy_cached": [
    1.9754290580749512,
    1.9747462272644043,
    1.9537248611450195,
    1.964324951171875,
    1.9695680141448975
  ],
  "numpy_broadcast": [
    0.06640148162841797,
    0.06637215614318848,
    0.06577253341674805,
    0.06586933135986328,
    0.06526327133178711
  ],
  "numpy_double_broadcast": [
    0.06687307357788086,
    0.06475543975830078,
    0.06461262702941895,
    0.06502699851989746,
    0.06511354446411133
  ],
  "scipy": [
    0.0131072998046875,
    0.013319015502929688,
    0.014206409454345703,
    0.013082742691040039,
    0.013214588165283203
  ],
  "cython": [
    0.009131669998168945,
    0.008882999420166016,
    0.008905649185180664,
    0.008414030075073242,
    0.009380102157592773
  ],
  "cython_parallel": [
    0.020581960678100586,
    0.020110368728637695,
    0.019898653030395508,
    0.01928091049194336,
    0.01945781707763672
  ]
}