{
  "python_brute": [
    0.08688998222351074,
    0.08510613441467285,
    0.08508706092834473,
    0.09044432640075684,
    0.08675241470336914
  ],
  "python_cached": [
    0.04698467254638672,
    0.050829410552978516,
    0.048540592193603516,
    0.04679393768310547,
    0.04837822914123535
  ],
  "numpy_brute": [
    0.457427978515625,
    0.45368075370788574,
    0.46894145011901855,
    0.45743680000305176,
    0.4539945125579834
  ],
  "numpy_cached": [
    0.23665428161621094,
    0.23107361793518066,
    0.23345375061035156,
    0.24310851097106934,
    0.2429509162902832
  ],
  "numpy_broadcast": [
    0.005183219909667969,
    0.005056858062744141,
    0.004981040954589844,
    0.004786014556884766,
    0.005053997039794922
  ],
  "scipy": [
    0.0005197525024414062,
    0.0004467964172363281,
    0.0003223419189453125,
    0.0003457069396972656,
    0.00033664703369140625
  ],
  "cython": [
    0.0002942085266113281,
    0.000354766845703125,
    0.00036907196044921875,
    0.0003006458282470703,
    0.00031185150146484375
  ],
  "cython_parallel": [
    0.0005199909210205078,
    0.0008096694946289062,
    0.0005178451538085938,
    0.0006101131439208984,
    0.0005586147308349609
  ],
  "numpy_broadcast_cached": [
    0.004183530807495117,
    0.00465703010559082,
    0.003947019577026367,
    0.003997087478637695,
    0.0038352012634277344
  ]
}