{
  "python_brute": [
    0.3010873794555664,
    0.3006930351257324,
    0.29012560844421387,
    0.29349517822265625,
    0.29893064498901367
  ],
  "python_cached": [
    0.15082526206970215,
    0.14951515197753906,
    0.14865589141845703,
    0.1665637493133545,
    0.15010285377502441
  ],
  "numpy_brute": [
    1.8552453517913818,
    1.8610332012176514,
    1.837080478668213,
    1.831468105316162,
    1.9073395729064941
  ],
  "numpy_cached": [
    0.9482793807983398,
    0.9357297420501709,
    0.9977588653564453,
    0.9323441982269287,
    0.9553759098052979
  ],
  "numpy_broadcast": [
    0.01457524299621582,
    0.016552209854125977,
    0.01324915885925293,
    0.012525558471679688,
    0.013183355331420898
  ],
  "numpy_double_broadcast": [
    0.014224529266357422,
    0.01263570785522461,
    0.013029098510742188,
    0.01302957534790039,
    0.011696815490722656
  ],
  "scipy": [
    0.0008070468902587891,
    0.00075531005859375,
    0.000728607177734375,
    0.000782012939453125,
    0.0007464885711669922
  ],
  "cython": [
    0.0007860660552978516,
    0.0008134841918945312,
    0.0010638236999511719,
    0.0007889270782470703,
    0.0007526874542236328
  ],
  "cython_parallel": [
    0.0011622905731201172,
    0.0011506080627441406,
    0.0012171268463134766,
    0.0012464523315429688,
    0.00112152099609375
  ]
}