{
  "python_brute": [
    3.0823793411254883,
    3.0483899116516113,
    2.997562885284424,
    3.005768299102783,
    3.0519137382507324
  ],
  "python_cached": [
    1.5686225891113281,
    1.5508453845977783,
    1.613051414489746,
    1.6938297748565674,
    1.5855989456176758
  ],
  "numpy_brute": [
    5.2336766719818115,
    5.289914846420288,
    5.286218881607056,
    5.2715208530426025,
    5.305822372436523
  ],
  "numpy_cached": [
    2.897563934326172,
    2.8440704345703125,
    2.8252508640289307,
    2.852201223373413,
    2.844064712524414
  ],
  "numpy_broadcast": [
    0.05658769607543945,
    0.05535602569580078,
    0.05493807792663574,
    0.05298447608947754,
    0.05572509765625
  ],
  "numpy_double_broadcast": [
    0.05527186393737793,
    0.053193092346191406,
    0.05393409729003906,
    0.0538482666015625,
    0.054418087005615234
  ],
  "scipy": [
    0.007042646408081055,
    0.007214784622192383,
    0.007926702499389648,
    0.007577657699584961,
    0.009799718856811523
  ],
  "cython": [
    0.009999990463256836,
    0.006536006927490234,
    0.008989334106445312,
    0.009614229202270508,
    0.01041102409362793
  ],
  "cython_parallel": [
    0.016154766082763672,
    0.01296544075012207,
    0.013486385345458984,
    0.013073921203613281,
    0.012958765029907227
  ]
}