{
  "python_brute": [
    0.02404475212097168,
    0.024634361267089844,
    0.0227811336517334,
    0.026894092559814453,
    0.030312776565551758
  ],
  "python_cached": [
    0.01289820671081543,
    0.011774778366088867,
    0.011821985244750977,
    0.012013435363769531,
    0.012100458145141602
  ],
  "numpy_brute": [
    0.11331796646118164,
    0.1128695011138916,
    0.11195898056030273,
    0.15375208854675293,
    0.11340904235839844
  ],
  "numpy_cached": [
    0.06126737594604492,
    0.06436324119567871,
    0.06168961524963379,
    0.06164383888244629,
    0.06775379180908203
  ],
  "numpy_broadcast": [
    0.0018885135650634766,
    0.0017466545104980469,
    0.002117156982421875,
    0.002122640609741211,
    0.0018129348754882812
  ],
  "numpy_double_broadcast": [
    0.0018489360809326172,
    0.0021216869354248047,
    0.001934051513671875,
    0.0021097660064697266,
    0.0027315616607666016
  ],
  "scipy": [
    0.00023436546325683594,
    0.0001976490020751953,
    0.00021910667419433594,
    0.0001900196075439453,
    0.00018906593322753906
  ],
  "cython": [
    0.000164031982421875,
    0.00014352798461914062,
    0.00014257431030273438,
    0.00014162063598632812,
    0.00014328956604003906
  ],
  "cython_parallel": [
    0.00025153160095214844,
    0.00024771690368652344,
    0.0002219676971435547,
    0.00014328956604003906,
    0.00015687942504882812
  ]
}