{
  "python_brute": [
    0.1754441261291504,
    0.1604912281036377,
    0.15689611434936523,
    0.16226768493652344,
    0.1503756046295166
  ],
  "python_cached": [
    0.0779416561126709,
    0.074188232421875,
    0.07326865196228027,
    0.07231974601745605,
    0.08774924278259277
  ],
  "numpy_brute": [
    0.12652993202209473,
    0.12279939651489258,
    0.12417149543762207,
    0.12909841537475586,
    0.13094043731689453
  ],
  "numpy_cached": [
    0.07029294967651367,
    0.06876468658447266,
    0.06966376304626465,
    0.06879949569702148,
    0.07511687278747559
  ],
  "numpy_broadcast": [
    0.0036079883575439453,
    0.004282474517822266,
    0.003450632095336914,
    0.0037801265716552734,
    0.003466367721557617
  ],
  "numpy_double_broadcast": [
    0.004215717315673828,
    0.003705263137817383,
    0.003163576126098633,
    0.0039980411529541016,
    0.0037326812744140625
  ],
  "scipy": [
    0.0007116794586181641,
    0.000522613525390625,
    0.0006284713745117188,
    0.0005779266357421875,
    0.00047850608825683594
  ],
  "cython": [
    0.0003771781921386719,
    0.0003745555877685547,
    0.0003008842468261719,
    0.00029659271240234375,
    0.0002961158752441406
  ],
  "cython_parallel": [
    0.0007038116455078125,
    0.0006868839263916016,
    0.0007066726684570312,
    0.0006737709045410156,
    0.0007476806640625
  ]
}