{
  "python_brute": [
    0.06997823715209961,
    0.06592178344726562,
    0.07509016990661621,
    0.0687556266784668,
    0.07387685775756836
  ],
  "python_cached": [
    0.032648324966430664,
    0.03425908088684082,
    0.03338432312011719,
    0.033100128173828125,
    0.0395810604095459
  ],
  "numpy_brute": [
    0.12399768829345703,
    0.12400603294372559,
    0.12208342552185059,
    0.12114500999450684,
    0.12012076377868652
  ],
  "numpy_cached": [
    0.0705418586730957,
    0.07229757308959961,
    0.06487417221069336,
    0.06207466125488281,
    0.06218767166137695
  ],
  "numpy_broadcast": [
    0.002264261245727539,
    0.0021920204162597656,
    0.002571582794189453,
    0.0022432804107666016,
    0.0023331642150878906
  ],
  "numpy_double_broadcast": [
    0.002497434616088867,
    0.0021495819091796875,
    0.002512216567993164,
    0.002111673355102539,
    0.0023183822631835938
  ],
  "scipy": [
    0.00019979476928710938,
    0.00016760826110839844,
    0.00016450881958007812,
    0.00016307830810546875,
    0.00018787384033203125
  ],
  "cython": [
    0.00014734268188476562,
    0.0001327991485595703,
    0.00013208389282226562,
    0.0001316070556640625,
    0.00013113021850585938
  ],
  "cython_parallel": [
    0.00027680397033691406,
    0.00029397010803222656,
    0.0004012584686279297,
    0.0002753734588623047,
    0.0003554821014404297
  ]
}