{
  "python_brute": [
    4.609134674072266,
    4.710630655288696,
    4.652883052825928,
    4.607819080352783,
    4.539032220840454
  ],
  "python_cached": [
    2.3049557209014893,
    2.34959077835083,
    2.3744306564331055,
    2.3022267818450928,
    2.3492960929870605
  ],
  "numpy_brute": [
    1.9521019458770752,
    1.9879188537597656,
    1.957829236984253,
    1.9524133205413818,
    1.9296529293060303
  ],
  "numpy_cached": [
    1.049220085144043,
    1.0769758224487305,
    1.05987548828125,
    1.061753273010254,
    1.018716812133789
  ],
  "numpy_broadcast": [
    0.07070302963256836,
    0.06703615188598633,
    0.06531381607055664,
    0.06743812561035156,
    0.0632932186126709
  ],
  "numpy_double_broadcast": [
    0.06288576126098633,
    0.06285381317138672,
    0.0625612735748291,
    0.06364703178405762,
    0.06547069549560547
  ],
  "scipy": [
    0.015871763229370117,
    0.01627206802368164,
    0.01645684242248535,
    0.01766204833984375,
    0.01734781265258789
  ],
  "cython": [
    0.009027481079101562,
    0.008969545364379883,
    0.009131669998168945,
    0.009049415588378906,
    0.008945465087890625
  ],
  "cython_parallel": [
    0.02064037322998047,
    0.021390199661254883,
    0.020432710647583008,
    0.02201676368713379,
    0.022583484649658203
  ]
}