{
  "python_brute": [
    1834.785876750946,
    1828.7753336429596,
    1831.528338432312,
    1833.1672222614288,
    1829.4790441989899
  ],
  "python_cached": [
    922.084020614624,
    933.6319344043732,
    939.3274829387665,
    938.4927921295166,
    926.4810991287231
  ],
  "numpy_brute": [
    522.8878021240234,
    519.4156379699707,
    521.1891713142395,
    520.3926014900208,
    519.0353305339813
  ],
  "numpy_cached": [
    279.0264296531677,
    277.50094842910767,
    276.58077096939087,
    277.49316239356995,
    277.16552782058716
  ],
  "numpy_broadcast": [
    46.349404096603394,
    31.25331401824951,
    31.275196075439453,
    31.270779848098755,
    31.21719241142273
  ],
  "numpy_double_broadcast": [
    31.21877145767212,
    31.22569751739502,
    31.060535669326782,
    31.07385015487671,
    30.89639711380005
  ],
  "scipy": [
    9.949068307876587,
    9.92166543006897,
    9.903344631195068,
    9.914387702941895,
    9.895475625991821
  ],
  "cython": [
    4.331791400909424,
    4.333792448043823,
    4.398565292358398,
    4.376796007156372,
    4.385870933532715
  ],
  "cython_parallel": [
    9.716585159301758,
    9.682069063186646,
    9.756837606430054,
    9.671001434326172,
    9.766587972640991
  ]
}