{
  "python_brute": [
    2.6790430545806885,
    2.5677478313446045,
    2.4898736476898193,
    2.4491779804229736,
    2.4743268489837646
  ],
  "python_cached": [
    1.246981143951416,
    1.2565710544586182,
    1.1919469833374023,
    1.247776985168457,
    1.2379236221313477
  ],
  "numpy_brute": [
    1.9511339664459229,
    2.0421862602233887,
    2.055847644805908,
    2.1030542850494385,
    2.0564563274383545
  ],
  "numpy_cached": [
    1.0658795833587646,
    1.1158404350280762,
    1.0370323657989502,
    1.032036304473877,
    1.0291600227355957
  ],
  "numpy_broadcast": [
    0.04162263870239258,
    0.04043078422546387,
    0.04175686836242676,
    0.0390317440032959,
    0.03887057304382324
  ],
  "numpy_double_broadcast": [
    0.03779244422912598,
    0.03697824478149414,
    0.03735160827636719,
    0.037940025329589844,
    0.038407087326049805
  ],
  "scipy": [
    0.007881641387939453,
    0.007592678070068359,
    0.007281780242919922,
    0.007387876510620117,
    0.007631063461303711
  ],
  "cython": [
    0.005682229995727539,
    0.005698442459106445,
    0.005167245864868164,
    0.006252288818359375,
    0.006894588470458984
  ],
  "cython_parallel": [
    0.014213323593139648,
    0.01641702651977539,
    0.020620346069335938,
    0.01730966567993164,
    0.011808156967163086
  ]
}