{
  "python_brute": [
    0.00044846534729003906,
    0.00044798851013183594,
    0.00040149688720703125,
    0.0003685951232910156,
    0.0003685951232910156
  ],
  "python_cached": [
    0.00020813941955566406,
    0.00020551681518554688,
    0.00020503997802734375,
    0.00020456314086914062,
    0.00020623207092285156
  ],
  "numpy_brute": [
    0.002098560333251953,
    0.001814126968383789,
    0.0020682811737060547,
    0.0021309852600097656,
    0.002220630645751953
  ],
  "numpy_cached": [
    0.0010423660278320312,
    0.0010445117950439453,
    0.0011441707611083984,
    0.0010094642639160156,
    0.0009980201721191406
  ],
  "numpy_broadcast": [
    0.00020766258239746094,
    0.00017571449279785156,
    0.0001590251922607422,
    0.00027632713317871094,
    0.00026988983154296875
  ],
  "numpy_double_broadcast": [
    0.00015687942504882812,
    0.0001544952392578125,
    0.0001544952392578125,
    0.0001544952392578125,
    0.0001544952392578125
  ],
  "scipy": [
    5.459785461425781e-05,
    2.09808349609375e-05,
    3.790855407714844e-05,
    6.508827209472656e-05,
    1.6927719116210938e-05
  ],
  "cython": [
    1.8358230590820312e-05,
    5.4836273193359375e-06,
    4.0531158447265625e-06,
    4.0531158447265625e-06,
    3.5762786865234375e-06
  ],
  "cython_parallel": [
    5.7220458984375e-06,
    4.76837158203125e-06,
    4.0531158447265625e-06,
    4.0531158447265625e-06,
    4.291534423828125e-06
  ]
}