{
  "python_brute": [
    0.013943910598754883,
    0.014736413955688477,
    0.013520240783691406,
    0.01313471794128418,
    0.014214277267456055
  ],
  "python_cached": [
    0.007413387298583984,
    0.0073931217193603516,
    0.007187366485595703,
    0.007476806640625,
    0.00727534294128418
  ],
  "numpy_brute": [
    0.007994651794433594,
    0.008545637130737305,
    0.007995367050170898,
    0.008364677429199219,
    0.007849931716918945
  ],
  "numpy_cached": [
    0.004320621490478516,
    0.004682779312133789,
    0.0045697689056396484,
    0.0048372745513916016,
    0.005048513412475586
  ],
  "numpy_broadcast": [
    0.0007817745208740234,
    0.0005524158477783203,
    0.0005383491516113281,
    0.0005118846893310547,
    0.0006253719329833984
  ],
  "numpy_double_broadcast": [
    0.0005922317504882812,
    0.0005946159362792969,
    0.0004773139953613281,
    0.0007574558258056641,
    0.0005984306335449219
  ],
  "scipy": [
    0.00015497207641601562,
    8.320808410644531e-05,
    6.437301635742188e-05,
    6.198883056640625e-05,
    9.846687316894531e-05
  ],
  "cython": [
    9.489059448242188e-05,
    6.127357482910156e-05,
    3.0994415283203125e-05,
    3.0517578125e-05,
    3.0517578125e-05
  ],
  "cython_parallel": [
    6.318092346191406e-05,
    6.103515625e-05,
    6.103515625e-05,
    0.000133514404296875,
    6.103515625e-05
  ]
}