{
  "python_brute": [
    0.3252091407775879,
    0.2664008140563965,
    0.26595020294189453,
    0.2733902931213379,
    0.26492881774902344
  ],
  "python_cached": [
    0.13761544227600098,
    0.13844728469848633,
    0.14875245094299316,
    0.14924025535583496,
    0.14810585975646973
  ],
  "numpy_brute": [
    1.3993914127349854,
    1.4044487476348877,
    1.406975507736206,
    1.3548123836517334,
    1.38688063621521
  ],
  "numpy_cached": [
    0.7702682018280029,
    0.6965041160583496,
    0.6909019947052002,
    0.7047326564788818,
    0.687222957611084
  ],
  "numpy_broadcast": [
    0.012315034866333008,
    0.013295173645019531,
    0.011942386627197266,
    0.012548685073852539,
    0.011500835418701172
  ],
  "numpy_double_broadcast": [
    0.012751340866088867,
    0.012109041213989258,
    0.011879920959472656,
    0.012956380844116211,
    0.012707710266113281
  ],
  "scipy": [
    0.0017426013946533203,
    0.0014083385467529297,
    0.0009427070617675781,
    0.0009412765502929688,
    0.001130819320678711
  ],
  "cython": [
    0.0007960796356201172,
    0.0008406639099121094,
    0.0008380413055419922,
    0.0009677410125732422,
    0.0007708072662353516
  ],
  "cython_parallel": [
    0.0012888908386230469,
    0.0015561580657958984,
    0.0014863014221191406,
    0.0013573169708251953,
    0.001428365707397461
  ]
}