{
  "python_brute": [
    106.52420854568481,
    106.21308517456055,
    106.73345971107483,
    106.463782787323,
    106.76281595230103
  ],
  "python_cached": [
    59.53729820251465,
    59.19039440155029,
    59.31126928329468,
    59.131624937057495,
    59.70597577095032
  ],
  "numpy_brute": [
    488.87934374809265,
    484.60302329063416,
    489.47349095344543,
    487.48201727867126,
    489.3578884601593
  ],
  "numpy_cached": [
    261.1337025165558,
    260.5056936740875,
    260.636682510376,
    260.82355308532715,
    261.1272201538086
  ],
  "numpy_broadcast": [
    2.802096366882324,
    2.569105625152588,
    2.578878164291382,
    2.567722797393799,
    2.535959005355835
  ],
  "numpy_double_broadcast": [
    2.5559275150299072,
    2.551135778427124,
    2.5693137645721436,
    2.5600264072418213,
    2.5512828826904297
  ],
  "scipy": [
    0.39594507217407227,
    0.3697195053100586,
    0.3620774745941162,
    0.38160204887390137,
    0.3674924373626709
  ],
  "cython": [
    0.4049990177154541,
    0.41468358039855957,
    0.4032304286956787,
    0.42479610443115234,
    0.40747499465942383
  ],
  "cython_parallel": [
    0.7076976299285889,
    0.6927363872528076,
    0.7072808742523193,
    0.7119288444519043,
    0.7063920497894287
  ]
}