{
  "python_brute": [
    221.65160727500916,
    221.52249002456665,
    221.27403783798218,
    221.91397786140442,
    222.86905670166016
  ],
  "python_cached": [
    111.51159501075745,
    111.4094250202179,
    110.8280701637268,
    111.52998352050781,
    111.18739485740662
  ],
  "numpy_brute": [
    127.53747057914734,
    127.57875514030457,
    127.40785717964172,
    127.67792963981628,
    127.13644981384277
  ],
  "numpy_cached": [
    67.96197128295898,
    67.97748231887817,
    68.15898823738098,
    68.25347709655762,
    68.24420547485352
  ],
  "numpy_broadcast": [
    4.353930234909058,
    3.040837526321411,
    3.0437169075012207,
    3.0415432453155518,
    4.429193019866943
  ],
  "numpy_double_broadcast": [
    3.0140836238861084,
    2.992952823638916,
    3.0231847763061523,
    3.0091516971588135,
    2.9996511936187744
  ],
  "scipy": [
    0.8173651695251465,
    0.8013429641723633,
    0.8267807960510254,
    0.8100769519805908,
    0.8428523540496826
  ],
  "cython": [
    0.5413455963134766,
    0.5335047245025635,
    0.5423583984375,
    0.5368280410766602,
    0.5386443138122559
  ],
  "cython_parallel": [
    1.1070003509521484,
    1.0996994972229004,
    1.1172637939453125,
    1.0910735130310059,
    1.1410481929779053
  ]
}