{
  "python_brute": [
    22.937160968780518,
    23.021632194519043,
    21.357941150665283,
    19.585453271865845,
    19.494356632232666
  ],
  "python_cached": [
    10.635094404220581,
    10.61338186264038,
    10.559751987457275,
    10.479353189468384,
    10.561829566955566
  ],
  "numpy_brute": [
    127.74689793586731,
    128.81647157669067,
    128.91351318359375,
    127.76866579055786,
    128.71877789497375
  ],
  "numpy_cached": [
    65.68392515182495,
    65.5494589805603,
    66.50991129875183,
    78.07364106178284,
    68.9105429649353
  ],
  "numpy_broadcast": [
    0.6537730693817139,
    0.573749303817749,
    0.560049295425415,
    0.5737473964691162,
    0.5784797668457031
  ],
  "numpy_double_broadcast": [
    0.5706639289855957,
    0.5855274200439453,
    0.5724177360534668,
    0.5856983661651611,
    0.5677728652954102
  ],
  "scipy": [
    0.05406022071838379,
    0.056313276290893555,
    0.053450822830200195,
    0.05652427673339844,
    0.05692338943481445
  ],
  "cython": [
    0.07585287094116211,
    0.0750131607055664,
    0.07662224769592285,
    0.07923173904418945,
    0.07644271850585938
  ],
  "cython_parallel": [
    0.14706015586853027,
    0.14275813102722168,
    0.14637303352355957,
    0.15515899658203125,
    0.14575695991516113
  ]
}