{
  "python_brute": [
    0.4564962387084961,
    0.4569888114929199,
    0.4440598487854004,
    0.48938703536987305,
    0.4838540554046631
  ],
  "python_cached": [
    0.23007678985595703,
    0.21897578239440918,
    0.22707891464233398,
    0.2242419719696045,
    0.2480483055114746
  ],
  "numpy_brute": [
    0.13023161888122559,
    0.13618016242980957,
    0.11587405204772949,
    0.12126278877258301,
    0.12616491317749023
  ],
  "numpy_cached": [
    0.06505322456359863,
    0.06364011764526367,
    0.07175779342651367,
    0.06393218040466309,
    0.06408882141113281
  ],
  "numpy_broadcast": [
    0.006796360015869141,
    0.006841421127319336,
    0.006772041320800781,
    0.007063388824462891,
    0.0071794986724853516
  ],
  "numpy_double_broadcast": [
    0.006806135177612305,
    0.006588935852050781,
    0.006562471389770508,
    0.006853580474853516,
    0.006406545639038086
  ],
  "scipy": [
    0.0017821788787841797,
    0.0020530223846435547,
    0.0017819404602050781,
    0.0019190311431884766,
    0.0018324851989746094
  ],
  "cython": [
    0.00096893310546875,
    0.0007829666137695312,
    0.0008616447448730469,
    0.0009341239929199219,
    0.0007922649383544922
  ],
  "cython_parallel": [
    0.002246379852294922,
    0.002161264419555664,
    0.0020494461059570312,
    0.0019087791442871094,
    0.002030611038208008
  ]
}