{
  "python_brute": [
    7.472784757614136,
    7.411162376403809,
    7.430724620819092,
    7.424560785293579,
    7.438463926315308
  ],
  "python_cached": [
    3.8374180793762207,
    3.881742000579834,
    3.896541118621826,
    3.8570985794067383,
    3.9334800243377686
  ],
  "numpy_brute": [
    21.37930989265442,
    21.468388557434082,
    21.56869339942932,
    21.340610027313232,
    21.420445442199707
  ],
  "numpy_cached": [
    11.123126745223999,
    11.054081201553345,
    11.03654432296753,
    11.0736825466156,
    10.985150337219238
  ],
  "numpy_broadcast": [
    0.16306638717651367,
    0.1529386043548584,
    0.14914870262145996,
    0.14853262901306152,
    0.14889144897460938
  ],
  "numpy_double_broadcast": [
    0.1499953269958496,
    0.14646601676940918,
    0.14508461952209473,
    0.1465303897857666,
    0.14638924598693848
  ],
  "scipy": [
    0.02081298828125,
    0.0205228328704834,
    0.02062225341796875,
    0.021082162857055664,
    0.02164626121520996
  ],
  "cython": [
    0.024986743927001953,
    0.025104284286499023,
    0.0252685546875,
    0.026777029037475586,
    0.025676727294921875
  ],
  "cython_parallel": [
    0.04968881607055664,
    0.05027437210083008,
    0.04884529113769531,
    0.04976034164428711,
    0.04966855049133301
  ]
}