{
  "python_brute": [
    0.07041192054748535,
    0.06812930107116699,
    0.0927879810333252,
    0.07359766960144043,
    0.07052779197692871
  ],
  "python_cached": [
    0.03578615188598633,
    0.03885078430175781,
    0.03817486763000488,
    0.03660416603088379,
    0.0383906364440918
  ],
  "numpy_brute": [
    0.20526123046875,
    0.21900248527526855,
    0.20920753479003906,
    0.20807576179504395,
    0.21152615547180176
  ],
  "numpy_cached": [
    0.1058053970336914,
    0.1076817512512207,
    0.10916590690612793,
    0.11125874519348145,
    0.11325430870056152
  ],
  "numpy_broadcast": [
    0.003895282745361328,
    0.0031137466430664062,
    0.003131389617919922,
    0.0031020641326904297,
    0.0030951499938964844
  ],
  "numpy_double_broadcast": [
    0.003110170364379883,
    0.003147602081298828,
    0.003215312957763672,
    0.003457307815551758,
    0.003233194351196289
  ],
  "scipy": [
    0.0003197193145751953,
    0.0002465248107910156,
    0.00024437904357910156,
    0.0002238750457763672,
    0.00022649765014648438
  ],
  "cython": [
    0.0002620220184326172,
    0.0003113746643066406,
    0.00024962425231933594,
    0.0002472400665283203,
    0.00025272369384765625
  ],
  "cython_parallel": [
    0.0004811286926269531,
    0.0006334781646728516,
    0.0004801750183105469,
    0.0005791187286376953,
    0.000476837158203125
  ]
}