{
  "python_brute": [
    2.039583444595337,
    2.018342971801758,
    2.010374069213867,
    2.0706732273101807,
    1.9756641387939453
  ],
  "python_cached": [
    1.0047228336334229,
    1.032973051071167,
    1.0285110473632812,
    1.0297906398773193,
    1.0160267353057861
  ],
  "numpy_brute": [
    3.4020092487335205,
    3.345008611679077,
    3.416722297668457,
    3.328131675720215,
    3.365873098373413
  ],
  "numpy_cached": [
    1.788074254989624,
    1.7735285758972168,
    1.7798619270324707,
    1.8114070892333984,
    1.7760026454925537
  ],
  "numpy_broadcast": [
    0.04583549499511719,
    0.03684639930725098,
    0.03694295883178711,
    0.03660893440246582,
    0.03859448432922363
  ],
  "numpy_double_broadcast": [
    0.036351680755615234,
    0.03588438034057617,
    0.0380861759185791,
    0.03679490089416504,
    0.03628683090209961
  ],
  "scipy": [
    0.004764556884765625,
    0.004749774932861328,
    0.004786014556884766,
    0.004551887512207031,
    0.004602670669555664
  ],
  "cython": [
    0.003978729248046875,
    0.0039033889770507812,
    0.0037813186645507812,
    0.0042150020599365234,
    0.003895282745361328
  ],
  "cython_parallel": [
    0.008660078048706055,
    0.008344888687133789,
    0.008580446243286133,
    0.008936405181884766,
    0.00856328010559082
  ]
}