{
  "python_brute": [
    44.078388929367065,
    44.28391122817993,
    44.64252591133118,
    44.23197793960571,
    44.16854381561279
  ],
  "python_cached": [
    23.43878722190857,
    23.94466280937195,
    24.47138524055481,
    24.376244068145752,
    23.7737820148468
  ],
  "numpy_brute": [
    130.58517026901245,
    130.69487500190735,
    131.77175784111023,
    131.28335785865784,
    129.69816303253174
  ],
  "numpy_cached": [
    68.35636305809021,
    68.24556517601013,
    71.04012751579285,
    69.40127658843994,
    70.44268012046814
  ],
  "numpy_broadcast": [
    0.8643481731414795,
    0.8446431159973145,
    0.854600191116333,
    0.8548822402954102,
    0.8810694217681885
  ],
  "numpy_double_broadcast": [
    0.8620553016662598,
    0.8433113098144531,
    0.8712708950042725,
    0.835442304611206,
    0.8573565483093262
  ],
  "scipy": [
    0.14436650276184082,
    0.14290332794189453,
    0.14376044273376465,
    0.14380526542663574,
    0.1486959457397461
  ],
  "cython": [
    0.1720106601715088,
    0.1697862148284912,
    0.1731245517730713,
    0.17969965934753418,
    0.18643617630004883
  ],
  "cython_parallel": [
    0.32053661346435547,
    0.3194692134857178,
    0.33266711235046387,
    0.3216366767883301,
    0.3155083656311035
  ]
}