{
  "python_brute": [
    3.3299765586853027,
    3.42427396774292,
    3.4150168895721436,
    3.381253957748413,
    3.3790106773376465
  ],
  "python_cached": [
    1.7021512985229492,
    1.7525877952575684,
    1.7060084342956543,
    1.6859238147735596,
    1.6396303176879883
  ],
  "numpy_brute": [
    1.987189769744873,
    1.9687860012054443,
    2.0684332847595215,
    1.9648373126983643,
    2.0049519538879395
  ],
  "numpy_cached": [
    1.0663564205169678,
    1.0708842277526855,
    1.0981147289276123,
    1.1076171398162842,
    1.0446927547454834
  ],
  "numpy_broadcast": [
    0.04769492149353027,
    0.05042600631713867,
    0.047612667083740234,
    0.04769563674926758,
    0.04718637466430664
  ],
  "numpy_double_broadcast": [
    0.04741716384887695,
    0.04592156410217285,
    0.04810762405395508,
    0.046947479248046875,
    0.0465540885925293
  ],
  "scipy": [
    0.012115716934204102,
    0.010855436325073242,
    0.01085352897644043,
    0.011979341506958008,
    0.01063990592956543
  ],
  "cython": [
    0.007338285446166992,
    0.007032632827758789,
    0.0075299739837646484,
    0.007063865661621094,
    0.007042884826660156
  ],
  "cython_parallel": [
    0.014737606048583984,
    0.014813661575317383,
    0.014807462692260742,
    0.014530181884765625,
    0.014966011047363281
  ]
}