{
  "python_brute": [
    0.0006487369537353516,
    0.0007131099700927734,
    0.0007827281951904297,
    0.0006322860717773438,
    0.0006666183471679688
  ],
  "python_cached": [
    0.0003447532653808594,
    0.0004057884216308594,
    0.0003426074981689453,
    0.0003972053527832031,
    0.0004112720489501953
  ],
  "numpy_brute": [
    0.0025146007537841797,
    0.002189159393310547,
    0.0019600391387939453,
    0.0022013187408447266,
    0.002312183380126953
  ],
  "numpy_cached": [
    0.0012638568878173828,
    0.001062631607055664,
    0.001226186752319336,
    0.0012276172637939453,
    0.0009913444519042969
  ],
  "numpy_broadcast": [
    0.00019431114196777344,
    0.0002617835998535156,
    0.00015854835510253906,
    0.00015616416931152344,
    0.0001952648162841797
  ],
  "numpy_double_broadcast": [
    0.0001575946807861328,
    0.0001685619354248047,
    0.0001685619354248047,
    0.00018024444580078125,
    0.0001533031463623047
  ],
  "scipy": [
    4.839897155761719e-05,
    2.1219253540039062e-05,
    1.6927719116210938e-05,
    1.5735626220703125e-05,
    1.5020370483398438e-05
  ],
  "cython": [
    3.647804260253906e-05,
    6.4373016357421875e-06,
    5.245208740234375e-06,
    4.5299530029296875e-06,
    5.0067901611328125e-06
  ],
  "cython_parallel": [
    8.344650268554688e-06,
    6.9141387939453125e-06,
    1.9311904907226562e-05,
    6.4373016357421875e-06,
    6.4373016357421875e-06
  ]
}