{
  "python_brute": [
    0.045829057693481445,
    0.05129528045654297,
    0.05245065689086914,
    0.04188942909240723,
    0.04240822792053223
  ],
  "python_cached": [
    0.021826505661010742,
    0.020865201950073242,
    0.021290302276611328,
    0.02137589454650879,
    0.03125762939453125
  ],
  "numpy_brute": [
    0.08033871650695801,
    0.053769826889038086,
    0.054047346115112305,
    0.06715750694274902,
    0.06017780303955078
  ],
  "numpy_cached": [
    0.02918839454650879,
    0.030040264129638672,
    0.02935028076171875,
    0.028407812118530273,
    0.028365373611450195
  ],
  "numpy_broadcast": [
    0.0015149116516113281,
    0.0014216899871826172,
    0.0015599727630615234,
    0.0015416145324707031,
    0.0017611980438232422
  ],
  "numpy_double_broadcast": [
    0.0015032291412353516,
    0.0014672279357910156,
    0.001420736312866211,
    0.0014095306396484375,
    0.0015857219696044922
  ],
  "scipy": [
    0.00016188621520996094,
    0.00013136863708496094,
    0.0001266002655029297,
    0.0001251697540283203,
    0.0001251697540283203
  ],
  "cython": [
    0.00010752677917480469,
    0.0001163482666015625,
    8.893013000488281e-05,
    0.00012159347534179688,
    9.584426879882812e-05
  ],
  "cython_parallel": [
    0.0002219676971435547,
    0.00018715858459472656,
    0.00018644332885742188,
    0.00018644332885742188,
    0.00022649765014648438
  ]
}