{
  "python_brute": [
    1.0921318531036377,
    1.1097157001495361,
    1.0956478118896484,
    1.1138794422149658,
    1.1364457607269287
  ],
  "python_cached": [
    0.5729954242706299,
    0.5826401710510254,
    0.5877094268798828,
    0.5583367347717285,
    0.5612857341766357
  ],
  "numpy_brute": [
    1.9573884010314941,
    1.940462350845337,
    1.9406423568725586,
    1.9183719158172607,
    1.9462788105010986
  ],
  "numpy_cached": [
    1.0354578495025635,
    0.9939675331115723,
    0.9927003383636475,
    1.0143799781799316,
    0.9964900016784668
  ],
  "numpy_broadcast": [
    0.03151082992553711,
    0.023593425750732422,
    0.02181839942932129,
    0.021187782287597656,
    0.021225690841674805
  ],
  "numpy_double_broadcast": [
    0.023132801055908203,
    0.021939516067504883,
    0.02214813232421875,
    0.02157306671142578,
    0.021909236907958984
  ],
  "scipy": [
    0.0031766891479492188,
    0.002650737762451172,
    0.0026178359985351562,
    0.004899263381958008,
    0.0029876232147216797
  ],
  "cython": [
    0.004097938537597656,
    0.0030612945556640625,
    0.0038177967071533203,
    0.002530336380004883,
    0.0023834705352783203
  ],
  "cython_parallel": [
    0.005348920822143555,
    0.005051136016845703,
    0.00486302375793457,
    0.00452423095703125,
    0.005408048629760742
  ]
}