{
  "python_brute": [
    927.61345744133,
    920.621551990509,
    921.4419434070587,
    922.0857546329498,
    924.0132870674133
  ],
  "python_cached": [
    474.70214080810547,
    470.02025723457336,
    467.33803939819336,
    466.49953842163086,
    465.7006893157959
  ],
  "numpy_brute": [
    527.844783782959,
    527.653528213501,
    528.4667506217957,
    529.9511449337006,
    529.2586946487427
  ],
  "numpy_cached": [
    281.9257583618164,
    282.51887559890747,
    283.7880177497864,
    283.6241509914398,
    283.57246375083923
  ],
  "numpy_broadcast": [
    31.340905904769897,
    14.00862717628479,
    13.988513231277466,
    13.842485904693604,
    13.95416784286499
  ],
  "numpy_double_broadcast": [
    14.067813396453857,
    13.959621906280518,
    13.957496404647827,
    13.973663806915283,
    13.910597562789917
  ],
  "scipy": [
    3.949398994445801,
    3.898090362548828,
    3.9753127098083496,
    3.9047086238861084,
    3.8841841220855713
  ],
  "cython": [
    2.1467607021331787,
    2.125354528427124,
    2.1319191455841064,
    2.1345021724700928,
    2.1375012397766113
  ],
  "cython_parallel": [
    4.599768161773682,
    4.637386798858643,
    4.588568687438965,
    4.598221302032471,
    4.59236478805542
  ]
}