{
  "python_brute": [
    0.4926426410675049,
    0.47638845443725586,
    0.4715006351470947,
    0.5063140392303467,
    0.5000350475311279
  ],
  "python_cached": [
    0.23632574081420898,
    0.2387409210205078,
    0.24112176895141602,
    0.23670125007629395,
    0.23864269256591797
  ],
  "numpy_brute": [
    0.8802490234375,
    0.8579998016357422,
    0.8722407817840576,
    0.85811448097229,
    0.8586287498474121
  ],
  "numpy_cached": [
    0.48990797996520996,
    0.46094703674316406,
    0.47481298446655273,
    0.46811366081237793,
    0.48294973373413086
  ],
  "numpy_broadcast": [
    0.011279582977294922,
    0.011914730072021484,
    0.010514020919799805,
    0.010484933853149414,
    0.014486074447631836
  ],
  "numpy_double_broadcast": [
    0.012641191482543945,
    0.012445926666259766,
    0.013354301452636719,
    0.012697458267211914,
    0.010854721069335938
  ],
  "scipy": [
    0.0012388229370117188,
    0.0011997222900390625,
    0.0010673999786376953,
    0.0011725425720214844,
    0.0010602474212646484
  ],
  "cython": [
    0.00115966796875,
    0.0009176731109619141,
    0.0010879039764404297,
    0.0013232231140136719,
    0.0009284019470214844
  ],
  "cython_parallel": [
    0.002135038375854492,
    0.0024154186248779297,
    0.002059459686279297,
    0.0022683143615722656,
    0.002233743667602539
  ]
}