{
  "python_brute": [
    1.1604838371276855,
    1.1668047904968262,
    1.1442573070526123,
    1.1712942123413086,
    1.2319774627685547
  ],
  "python_cached": [
    0.5898394584655762,
    0.666982889175415,
    0.6081092357635498,
    0.5896859169006348,
    0.60457444190979
  ],
  "numpy_brute": [
    3.431797981262207,
    3.391103982925415,
    3.385812759399414,
    3.3987300395965576,
    3.4683425426483154
  ],
  "numpy_cached": [
    1.8326952457427979,
    1.7921767234802246,
    1.7639365196228027,
    1.7440431118011475,
    1.7666065692901611
  ],
  "numpy_broadcast": [
    0.0294344425201416,
    0.02802872657775879,
    0.02724456787109375,
    0.028829336166381836,
    0.02889871597290039
  ],
  "numpy_double_broadcast": [
    0.02862834930419922,
    0.029070615768432617,
    0.029047489166259766,
    0.027994871139526367,
    0.027800798416137695
  ],
  "scipy": [
    0.0036306381225585938,
    0.003580808639526367,
    0.0037147998809814453,
    0.0035979747772216797,
    0.004226207733154297
  ],
  "cython": [
    0.007725715637207031,
    0.007294654846191406,
    0.007533073425292969,
    0.0076406002044677734,
    0.004965305328369141
  ],
  "cython_parallel": [
    0.008343935012817383,
    0.009748220443725586,
    0.011354207992553711,
    0.00939321517944336,
    0.008634567260742188
  ]
}