{
  "python_brute": [
    0.0024712085723876953,
    0.0023527145385742188,
    0.0025424957275390625,
    0.002457857131958008,
    0.0023148059844970703
  ],
  "python_cached": [
    0.0011980533599853516,
    0.0012843608856201172,
    0.0012369155883789062,
    0.0011928081512451172,
    0.0013012886047363281
  ],
  "numpy_brute": [
    0.0021097660064697266,
    0.0020592212677001953,
    0.001943349838256836,
    0.001959562301635742,
    0.0020835399627685547
  ],
  "numpy_cached": [
    0.0011680126190185547,
    0.0011320114135742188,
    0.0011262893676757812,
    0.0011968612670898438,
    0.0011186599731445312
  ],
  "numpy_broadcast": [
    0.00020694732666015625,
    0.00018095970153808594,
    0.00017786026000976562,
    0.00017690658569335938,
    0.00019741058349609375
  ],
  "numpy_double_broadcast": [
    0.0001938343048095703,
    0.00017642974853515625,
    0.0002522468566894531,
    0.00017786026000976562,
    0.0001773834228515625
  ],
  "scipy": [
    5.221366882324219e-05,
    2.47955322265625e-05,
    2.2172927856445312e-05,
    3.886222839355469e-05,
    2.1457672119140625e-05
  ],
  "cython": [
    2.3126602172851562e-05,
    8.344650268554688e-06,
    7.62939453125e-06,
    7.3909759521484375e-06,
    7.152557373046875e-06
  ],
  "cython_parallel": [
    1.4066696166992188e-05,
    1.239776611328125e-05,
    1.239776611328125e-05,
    1.2159347534179688e-05,
    1.239776611328125e-05
  ]
}