{
  "python_brute": [
    1.5504860877990723,
    1.5323269367218018,
    1.50309419631958,
    1.437906265258789,
    1.4521825313568115
  ],
  "python_cached": [
    0.7425515651702881,
    0.7276849746704102,
    0.7400867938995361,
    0.7179915904998779,
    0.7274014949798584
  ],
  "numpy_brute": [
    0.9074246883392334,
    0.8712434768676758,
    0.8925530910491943,
    0.8683836460113525,
    0.8828942775726318
  ],
  "numpy_cached": [
    0.4570455551147461,
    0.4583144187927246,
    0.4622225761413574,
    0.47395968437194824,
    0.4617197513580322
  ],
  "numpy_broadcast": [
    0.022576093673706055,
    0.022823095321655273,
    0.0226743221282959,
    0.022816181182861328,
    0.022417783737182617
  ],
  "numpy_double_broadcast": [
    0.023076534271240234,
    0.02289414405822754,
    0.02256035804748535,
    0.022563695907592773,
    0.021555662155151367
  ],
  "scipy": [
    0.005099296569824219,
    0.005193948745727539,
    0.0050716400146484375,
    0.0050275325775146484,
    0.005091190338134766
  ],
  "cython": [
    0.0031592845916748047,
    0.0048580169677734375,
    0.004317283630371094,
    0.0033757686614990234,
    0.0029959678649902344
  ],
  "cython_parallel": [
    0.006895303726196289,
    0.006606578826904297,
    0.007894754409790039,
    0.006640195846557617,
    0.006206512451171875
  ]
}