{
  "python_brute": [
    0.017758607864379883,
    0.017979860305786133,
    0.018449068069458008,
    0.01877140998840332,
    0.022248029708862305
  ],
  "python_cached": [
    0.010483264923095703,
    0.00986623764038086,
    0.008725643157958984,
    0.008888721466064453,
    0.008719205856323242
  ],
  "numpy_brute": [
    0.05007648468017578,
    0.05045318603515625,
    0.05170774459838867,
    0.04941296577453613,
    0.051928043365478516
  ],
  "numpy_cached": [
    0.026454448699951172,
    0.02932000160217285,
    0.03464174270629883,
    0.02799367904663086,
    0.025782108306884766
  ],
  "numpy_broadcast": [
    0.0012066364288330078,
    0.0011577606201171875,
    0.0013494491577148438,
    0.0012195110321044922,
    0.001115560531616211
  ],
  "numpy_double_broadcast": [
    0.0014781951904296875,
    0.0014257431030273438,
    0.0014102458953857422,
    0.0012993812561035156,
    0.0012373924255371094
  ],
  "scipy": [
    0.00015783309936523438,
    7.2479248046875e-05,
    0.00011086463928222656,
    6.818771362304688e-05,
    6.985664367675781e-05
  ],
  "cython": [
    8.106231689453125e-05,
    0.00011777877807617188,
    6.580352783203125e-05,
    6.103515625e-05,
    6.103515625e-05
  ],
  "cython_parallel": [
    0.00017261505126953125,
    0.00011324882507324219,
    0.00018548965454101562,
    0.00011301040649414062,
    0.00017571449279785156
  ]
}