{
  "python_brute": [
    0.00639796257019043,
    0.006383657455444336,
    0.006787538528442383,
    0.006796360015869141,
    0.006653308868408203
  ],
  "python_cached": [
    0.003406047821044922,
    0.00362396240234375,
    0.0037086009979248047,
    0.0037572383880615234,
    0.0036640167236328125
  ],
  "numpy_brute": [
    0.034889936447143555,
    0.033316612243652344,
    0.034735918045043945,
    0.03372073173522949,
    0.03216052055358887
  ],
  "numpy_cached": [
    0.01849532127380371,
    0.018753528594970703,
    0.018327951431274414,
    0.017342329025268555,
    0.016760826110839844
  ],
  "numpy_broadcast": [
    0.0008780956268310547,
    0.0007588863372802734,
    0.0007636547088623047,
    0.0008230209350585938,
    0.0008089542388916016
  ],
  "numpy_double_broadcast": [
    0.0008103847503662109,
    0.0008585453033447266,
    0.00084686279296875,
    0.0009818077087402344,
    0.0007727146148681641
  ],
  "scipy": [
    7.271766662597656e-05,
    4.2438507080078125e-05,
    3.886222839355469e-05,
    3.7670135498046875e-05,
    3.719329833984375e-05
  ],
  "cython": [
    3.886222839355469e-05,
    2.5033950805664062e-05,
    2.4080276489257812e-05,
    6.079673767089844e-05,
    5.269050598144531e-05
  ],
  "cython_parallel": [
    4.76837158203125e-05,
    3.743171691894531e-05,
    3.6716461181640625e-05,
    3.695487976074219e-05,
    3.6716461181640625e-05
  ]
}