{
  "python_brute": [
    0.03131890296936035,
    0.03319549560546875,
    0.03208613395690918,
    0.03466010093688965,
    0.03324556350708008
  ],
  "python_cached": [
    0.01603078842163086,
    0.01573801040649414,
    0.016207456588745117,
    0.01607990264892578,
    0.01636338233947754
  ],
  "numpy_brute": [
    0.215317964553833,
    0.2177138328552246,
    0.20947742462158203,
    0.21042299270629883,
    0.23983454704284668
  ],
  "numpy_cached": [
    0.11257743835449219,
    0.11266636848449707,
    0.10575246810913086,
    0.10625624656677246,
    0.10670185089111328
  ],
  "numpy_broadcast": [
    0.002475261688232422,
    0.002550363540649414,
    0.0040073394775390625,
    0.0026848316192626953,
    0.002554655075073242
  ],
  "numpy_double_broadcast": [
    0.002742290496826172,
    0.002432584762573242,
    0.0023772716522216797,
    0.0029828548431396484,
    0.003036975860595703
  ],
  "scipy": [
    0.0002930164337158203,
    0.00018143653869628906,
    0.00015401840209960938,
    0.00010323524475097656,
    9.5367431640625e-05
  ],
  "cython": [
    9.655952453613281e-05,
    8.320808410644531e-05,
    8.249282836914062e-05,
    8.20159912109375e-05,
    9.393692016601562e-05
  ],
  "cython_parallel": [
    0.0002589225769042969,
    0.0002994537353515625,
    0.00023603439331054688,
    0.0002741813659667969,
    0.0002560615539550781
  ]
}