{
  "python_brute": [
    2.04587984085083,
    2.0313150882720947,
    2.1081383228302,
    2.0272934436798096,
    2.0041122436523438
  ],
  "python_cached": [
    1.0278983116149902,
    0.9982569217681885,
    1.0324606895446777,
    1.0075767040252686,
    1.0146324634552002
  ],
  "numpy_brute": [
    0.8822968006134033,
    0.8869259357452393,
    0.8821499347686768,
    0.8987534046173096,
    0.8987619876861572
  ],
  "numpy_cached": [
    0.47580409049987793,
    0.4775354862213135,
    0.49176669120788574,
    0.4734339714050293,
    0.47939348220825195
  ],
  "numpy_broadcast": [
    0.03320670127868652,
    0.03175830841064453,
    0.03184700012207031,
    0.03014349937438965,
    0.030189037322998047
  ],
  "numpy_double_broadcast": [
    0.02960062026977539,
    0.030802011489868164,
    0.029093265533447266,
    0.02992868423461914,
    0.03013920783996582
  ],
  "scipy": [
    0.007622241973876953,
    0.008962154388427734,
    0.008263826370239258,
    0.007445096969604492,
    0.007471799850463867
  ],
  "cython": [
    0.005033254623413086,
    0.004208087921142578,
    0.004423856735229492,
    0.004176139831542969,
    0.004266500473022461
  ],
  "cython_parallel": [
    0.009683847427368164,
    0.009191751480102539,
    0.010242223739624023,
    0.010203361511230469,
    0.009370565414428711
  ]
}