{
  "python_brute": [
    0.0002684593200683594,
    0.00026106834411621094,
    0.00025963783264160156,
    0.0002598762512207031,
    0.00025916099548339844
  ],
  "python_cached": [
    0.00016450881958007812,
    0.0001742839813232422,
    0.00014853477478027344,
    0.00014781951904296875,
    0.00014829635620117188
  ],
  "numpy_brute": [
    0.0005154609680175781,
    0.0004932880401611328,
    0.00047898292541503906,
    0.0004661083221435547,
    0.0005295276641845703
  ],
  "numpy_cached": [
    0.00028705596923828125,
    0.0004019737243652344,
    0.00038242340087890625,
    0.0002529621124267578,
    0.0002536773681640625
  ],
  "numpy_broadcast": [
    0.0001220703125,
    0.00013184547424316406,
    7.605552673339844e-05,
    7.915496826171875e-05,
    9.131431579589844e-05
  ],
  "numpy_double_broadcast": [
    7.748603820800781e-05,
    7.510185241699219e-05,
    7.510185241699219e-05,
    0.0001430511474609375,
    0.00012540817260742188
  ],
  "scipy": [
    5.173683166503906e-05,
    1.811981201171875e-05,
    2.7179718017578125e-05,
    1.2874603271484375e-05,
    1.239776611328125e-05
  ],
  "cython": [
    1.4543533325195312e-05,
    3.337860107421875e-06,
    2.86102294921875e-06,
    2.1457672119140625e-06,
    2.1457672119140625e-06
  ],
  "cython_parallel": [
    4.291534423828125e-06,
    3.0994415283203125e-06,
    2.6226043701171875e-06,
    2.86102294921875e-06,
    2.6226043701171875e-06
  ]
}