{
  "python_brute": [
    0.687053918838501,
    0.7006349563598633,
    0.7173967361450195,
    0.6883223056793213,
    0.6957695484161377
  ],
  "python_cached": [
    0.3607003688812256,
    0.35607147216796875,
    0.3549628257751465,
    0.3579273223876953,
    0.37044310569763184
  ],
  "numpy_brute": [
    3.379699945449829,
    3.4853978157043457,
    3.4452738761901855,
    3.3793399333953857,
    3.378016233444214
  ],
  "numpy_cached": [
    1.771371841430664,
    1.748612403869629,
    1.7893328666687012,
    1.795213222503662,
    1.7812588214874268
  ],
  "numpy_broadcast": [
    0.030670881271362305,
    0.0319368839263916,
    0.023199796676635742,
    0.022999286651611328,
    0.022129058837890625
  ],
  "numpy_double_broadcast": [
    0.02255725860595703,
    0.023468017578125,
    0.025310754776000977,
    0.022684335708618164,
    0.022689342498779297
  ],
  "scipy": [
    0.0023317337036132812,
    0.002521514892578125,
    0.0027899742126464844,
    0.002515554428100586,
    0.0025136470794677734
  ],
  "cython": [
    0.002208709716796875,
    0.002536773681640625,
    0.0023157596588134766,
    0.0025157928466796875,
    0.002630472183227539
  ],
  "cython_parallel": [
    0.0037004947662353516,
    0.0036842823028564453,
    0.0058057308197021484,
    0.004295825958251953,
    0.0037059783935546875
  ]
}