{
  "python_brute": [
    0.011258125305175781,
    0.011171340942382812,
    0.011495113372802734,
    0.010668277740478516,
    0.011025190353393555
  ],
  "python_cached": [
    0.005491971969604492,
    0.005378007888793945,
    0.005320310592651367,
    0.0060460567474365234,
    0.005946159362792969
  ],
  "numpy_brute": [
    0.03484296798706055,
    0.03525853157043457,
    0.0322721004486084,
    0.031714677810668945,
    0.031301021575927734
  ],
  "numpy_cached": [
    0.016470670700073242,
    0.017087221145629883,
    0.020854473114013672,
    0.017174482345581055,
    0.01779770851135254
  ],
  "numpy_broadcast": [
    0.0009009838104248047,
    0.0008432865142822266,
    0.0007710456848144531,
    0.0007648468017578125,
    0.0008311271667480469
  ],
  "numpy_double_broadcast": [
    0.0007994174957275391,
    0.0008301734924316406,
    0.0008869171142578125,
    0.0007674694061279297,
    0.0008285045623779297
  ],
  "scipy": [
    0.00012159347534179688,
    5.1021575927734375e-05,
    4.696846008300781e-05,
    4.601478576660156e-05,
    4.553794860839844e-05
  ],
  "cython": [
    5.269050598144531e-05,
    4.124641418457031e-05,
    4.0531158447265625e-05,
    3.981590270996094e-05,
    4.00543212890625e-05
  ],
  "cython_parallel": [
    7.43865966796875e-05,
    7.271766662597656e-05,
    9.584426879882812e-05,
    0.00013637542724609375,
    7.2479248046875e-05
  ]
}