{
  "python_brute": [
    0.5750882625579834,
    0.5977175235748291,
    0.5659782886505127,
    0.5828108787536621,
    0.5679352283477783
  ],
  "python_cached": [
    0.292163610458374,
    0.28615593910217285,
    0.28536200523376465,
    0.31086230278015137,
    0.2860076427459717
  ],
  "numpy_brute": [
    0.4650092124938965,
    0.46584439277648926,
    0.46544671058654785,
    0.48865771293640137,
    0.46472978591918945
  ],
  "numpy_cached": [
    0.24142050743103027,
    0.24410557746887207,
    0.23920273780822754,
    0.2413005828857422,
    0.25981736183166504
  ],
  "numpy_broadcast": [
    0.011494159698486328,
    0.010833024978637695,
    0.011074542999267578,
    0.010900020599365234,
    0.010519027709960938
  ],
  "numpy_double_broadcast": [
    0.010745763778686523,
    0.010606527328491211,
    0.01128530502319336,
    0.011884689331054688,
    0.012993097305297852
  ],
  "scipy": [
    0.0020608901977539062,
    0.0026099681854248047,
    0.0023300647735595703,
    0.0019114017486572266,
    0.0017130374908447266
  ],
  "cython": [
    0.0012476444244384766,
    0.00128173828125,
    0.0012359619140625,
    0.0012171268463134766,
    0.004197359085083008
  ],
  "cython_parallel": [
    0.004123210906982422,
    0.00283050537109375,
    0.0033545494079589844,
    0.0029103755950927734,
    0.002686738967895508
  ]
}