{
  "python_brute": [
    0.00011801719665527344,
    9.799003601074219e-05,
    0.00012350082397460938,
    0.0001392364501953125,
    0.000118255615234375
  ],
  "python_cached": [
    6.008148193359375e-05,
    5.745887756347656e-05,
    8.368492126464844e-05,
    5.6743621826171875e-05,
    5.888938903808594e-05
  ],
  "numpy_brute": [
    0.000579833984375,
    0.0004532337188720703,
    0.0004487037658691406,
    0.0005035400390625,
    0.0007114410400390625
  ],
  "numpy_cached": [
    0.0006756782531738281,
    0.0003559589385986328,
    0.0002551078796386719,
    0.00029850006103515625,
    0.00025582313537597656
  ],
  "numpy_broadcast": [
    0.00011610984802246094,
    8.0108642578125e-05,
    7.510185241699219e-05,
    7.390975952148438e-05,
    7.367134094238281e-05
  ],
  "numpy_double_broadcast": [
    7.486343383789062e-05,
    7.343292236328125e-05,
    7.271766662597656e-05,
    0.00011134147644042969,
    7.224082946777344e-05
  ],
  "scipy": [
    4.5299530029296875e-05,
    1.8358230590820312e-05,
    1.430511474609375e-05,
    1.3113021850585938e-05,
    1.2636184692382812e-05
  ],
  "cython": [
    1.430511474609375e-05,
    3.337860107421875e-06,
    2.86102294921875e-06,
    2.1457672119140625e-06,
    2.1457672119140625e-06
  ],
  "cython_parallel": [
    3.814697265625e-06,
    2.384185791015625e-06,
    2.1457672119140625e-06,
    2.384185791015625e-06,
    2.384185791015625e-06
  ]
}