{
  "python_brute": [
    0.019825458526611328,
    0.020081281661987305,
    0.01965618133544922,
    0.020090818405151367,
    0.020845651626586914
  ],
  "python_cached": [
    0.010033845901489258,
    0.009440422058105469,
    0.009361028671264648,
    0.009766340255737305,
    0.010876893997192383
  ],
  "numpy_brute": [
    0.031351566314697266,
    0.03310513496398926,
    0.03313589096069336,
    0.032427072525024414,
    0.0338597297668457
  ],
  "numpy_cached": [
    0.017292261123657227,
    0.017279386520385742,
    0.0172116756439209,
    0.01765298843383789,
    0.018565654754638672
  ],
  "numpy_broadcast": [
    0.0010256767272949219,
    0.0011103153228759766,
    0.0009870529174804688,
    0.0010223388671875,
    0.0011091232299804688
  ],
  "numpy_double_broadcast": [
    0.0010979175567626953,
    0.0009059906005859375,
    0.000946044921875,
    0.0011010169982910156,
    0.001111745834350586
  ],
  "scipy": [
    9.512901306152344e-05,
    6.318092346191406e-05,
    5.841255187988281e-05,
    5.7220458984375e-05,
    5.698204040527344e-05
  ],
  "cython": [
    5.340576171875e-05,
    4.100799560546875e-05,
    4.00543212890625e-05,
    3.9577484130859375e-05,
    3.933906555175781e-05
  ],
  "cython_parallel": [
    8.916854858398438e-05,
    7.963180541992188e-05,
    7.987022399902344e-05,
    7.963180541992188e-05,
    7.987022399902344e-05
  ]
}