{
  "python_brute": [
    8.0108642578125e-05,
    7.390975952148438e-05,
    7.295608520507812e-05,
    7.295608520507812e-05,
    7.295608520507812e-05
  ],
  "python_cached": [
    4.7206878662109375e-05,
    7.700920104980469e-05,
    6.318092346191406e-05,
    9.512901306152344e-05,
    4.57763671875e-05
  ],
  "numpy_brute": [
    0.0005047321319580078,
    0.0005559921264648438,
    0.00045609474182128906,
    0.0004889965057373047,
    0.00045490264892578125
  ],
  "numpy_cached": [
    0.00027561187744140625,
    0.00032806396484375,
    0.0002608299255371094,
    0.00026035308837890625,
    0.0003287792205810547
  ],
  "numpy_broadcast": [
    0.00011038780212402344,
    8.130073547363281e-05,
    7.605552673339844e-05,
    7.510185241699219e-05,
    7.486343383789062e-05
  ],
  "numpy_double_broadcast": [
    7.557868957519531e-05,
    0.00014734268188476562,
    9.202957153320312e-05,
    8.797645568847656e-05,
    9.918212890625e-05
  ],
  "scipy": [
    7.843971252441406e-05,
    1.9788742065429688e-05,
    1.8596649169921875e-05,
    3.886222839355469e-05,
    3.647804260253906e-05
  ],
  "cython": [
    3.075599670410156e-05,
    4.76837158203125e-06,
    2.384185791015625e-06,
    2.1457672119140625e-06,
    2.1457672119140625e-06
  ],
  "cython_parallel": [
    3.5762786865234375e-06,
    2.6226043701171875e-06,
    2.1457672119140625e-06,
    2.384185791015625e-06,
    2.1457672119140625e-06
  ]
}