{
  "python_brute": [
    0.7441763877868652,
    0.7581145763397217,
    0.7636816501617432,
    0.7863197326660156,
    0.7476346492767334
  ],
  "python_cached": [
    0.378157377243042,
    0.37451958656311035,
    0.3960270881652832,
    0.4240574836730957,
    0.43680810928344727
  ],
  "numpy_brute": [
    1.2735509872436523,
    1.2706470489501953,
    1.3094298839569092,
    1.334420919418335,
    1.2603261470794678
  ],
  "numpy_cached": [
    0.6937954425811768,
    0.715245246887207,
    0.6747066974639893,
    0.682373046875,
    0.6736347675323486
  ],
  "numpy_broadcast": [
    0.01786327362060547,
    0.01679205894470215,
    0.016121387481689453,
    0.016529560089111328,
    0.015399456024169922
  ],
  "numpy_double_broadcast": [
    0.017058372497558594,
    0.015755653381347656,
    0.01600790023803711,
    0.022371768951416016,
    0.018065452575683594
  ],
  "scipy": [
    0.0018568038940429688,
    0.0017666816711425781,
    0.0017230510711669922,
    0.0017769336700439453,
    0.002127408981323242
  ],
  "cython": [
    0.0016176700592041016,
    0.0018093585968017578,
    0.0017328262329101562,
    0.0016317367553710938,
    0.0016961097717285156
  ],
  "cython_parallel": [
    0.003376483917236328,
    0.0036051273345947266,
    0.0034520626068115234,
    0.0032660961151123047,
    0.0036818981170654297
  ]
}