{
  "python_brute": [
    0.0049359798431396484,
    0.004931211471557617,
    0.004780292510986328,
    0.004868507385253906,
    0.004538297653198242
  ],
  "python_cached": [
    0.0023381710052490234,
    0.002209186553955078,
    0.0023539066314697266,
    0.0024995803833007812,
    0.0021784305572509766
  ],
  "numpy_brute": [
    0.00805354118347168,
    0.00786447525024414,
    0.008026123046875,
    0.00803232192993164,
    0.008273601531982422
  ],
  "numpy_cached": [
    0.004366397857666016,
    0.0044956207275390625,
    0.00446772575378418,
    0.004695892333984375,
    0.004640817642211914
  ],
  "numpy_broadcast": [
    0.0005474090576171875,
    0.0004181861877441406,
    0.00041365623474121094,
    0.0004773139953613281,
    0.000362396240234375
  ],
  "numpy_double_broadcast": [
    0.00042939186096191406,
    0.0003650188446044922,
    0.0004177093505859375,
    0.0003638267517089844,
    0.0003647804260253906
  ],
  "scipy": [
    0.00010180473327636719,
    3.4809112548828125e-05,
    5.459785461425781e-05,
    2.5033950805664062e-05,
    2.4318695068359375e-05
  ],
  "cython": [
    2.6702880859375e-05,
    1.3113021850585938e-05,
    1.1920928955078125e-05,
    1.2159347534179688e-05,
    1.1682510375976562e-05
  ],
  "cython_parallel": [
    2.5033950805664062e-05,
    2.193450927734375e-05,
    2.1696090698242188e-05,
    2.1457672119140625e-05,
    2.1696090698242188e-05
  ]
}