{
  "python_brute": [
    0.011348962783813477,
    0.011139392852783203,
    0.010332584381103516,
    0.010981559753417969,
    0.010838985443115234
  ],
  "python_cached": [
    0.00597071647644043,
    0.005618095397949219,
    0.005873680114746094,
    0.006500720977783203,
    0.005854606628417969
  ],
  "numpy_brute": [
    0.051276206970214844,
    0.05447030067443848,
    0.05794382095336914,
    0.052600860595703125,
    0.05361151695251465
  ],
  "numpy_cached": [
    0.026324033737182617,
    0.02662825584411621,
    0.02639007568359375,
    0.029603958129882812,
    0.031719207763671875
  ],
  "numpy_broadcast": [
    0.0013973712921142578,
    0.001035928726196289,
    0.0010457038879394531,
    0.0010907649993896484,
    0.001790761947631836
  ],
  "numpy_double_broadcast": [
    0.001255035400390625,
    0.0017964839935302734,
    0.0016703605651855469,
    0.0010135173797607422,
    0.001233816146850586
  ],
  "scipy": [
    9.083747863769531e-05,
    5.793571472167969e-05,
    5.2928924560546875e-05,
    5.14984130859375e-05,
    5.14984130859375e-05
  ],
  "cython": [
    5.316734313964844e-05,
    4.76837158203125e-05,
    4.100799560546875e-05,
    3.6716461181640625e-05,
    3.62396240234375e-05
  ],
  "cython_parallel": [
    5.936622619628906e-05,
    5.745887756347656e-05,
    6.270408630371094e-05,
    7.128715515136719e-05,
    7.152557373046875e-05
  ]
}