{
  "python_brute": [
    26.597519874572754,
    27.005810260772705,
    26.415724277496338,
    26.212319374084473,
    26.525824785232544
  ],
  "python_cached": [
    13.84069013595581,
    14.181604623794556,
    13.560360670089722,
    13.440030574798584,
    13.554957628250122
  ],
  "numpy_brute": [
    20.763256788253784,
    20.617026567459106,
    20.599160194396973,
    20.65422821044922,
    20.567066192626953
  ],
  "numpy_cached": [
    10.999419212341309,
    11.359789609909058,
    11.33952522277832,
    11.189408540725708,
    11.951111316680908
  ],
  "numpy_broadcast": [
    0.418703556060791,
    0.383833646774292,
    0.378246545791626,
    0.3747437000274658,
    0.39110803604125977
  ],
  "numpy_double_broadcast": [
    0.38481569290161133,
    0.3917665481567383,
    0.39198923110961914,
    0.3873922824859619,
    0.3858962059020996
  ],
  "scipy": [
    0.08935761451721191,
    0.0939631462097168,
    0.09178042411804199,
    0.10070013999938965,
    0.0846405029296875
  ],
  "cython": [
    0.05927276611328125,
    0.06279540061950684,
    0.0616908073425293,
    0.05957198143005371,
    0.06090426445007324
  ],
  "cython_parallel": [
    0.13035964965820312,
    0.12639856338500977,
    0.13190293312072754,
    0.13157081604003906,
    0.12715387344360352
  ]
}