{
  "python_brute": [
    0.001184701919555664,
    0.0011324882507324219,
    0.0011897087097167969,
    0.001382589340209961,
    0.0011327266693115234
  ],
  "python_cached": [
    0.000606536865234375,
    0.0007119178771972656,
    0.00060272216796875,
    0.0006706714630126953,
    0.0006093978881835938
  ],
  "numpy_brute": [
    0.009055852890014648,
    0.00938272476196289,
    0.008810997009277344,
    0.010740518569946289,
    0.009749650955200195
  ],
  "numpy_cached": [
    0.005012035369873047,
    0.0066564083099365234,
    0.00577092170715332,
    0.004704713821411133,
    0.005342721939086914
  ],
  "numpy_broadcast": [
    0.0004515647888183594,
    0.00045990943908691406,
    0.000370025634765625,
    0.0003440380096435547,
    0.00039768218994140625
  ],
  "numpy_double_broadcast": [
    0.00033020973205566406,
    0.0003211498260498047,
    0.00036597251892089844,
    0.00033164024353027344,
    0.0003418922424316406
  ],
  "scipy": [
    6.747245788574219e-05,
    2.4557113647460938e-05,
    2.002716064453125e-05,
    1.8835067749023438e-05,
    1.7881393432617188e-05
  ],
  "cython": [
    3.4809112548828125e-05,
    1.049041748046875e-05,
    7.152557373046875e-06,
    6.198883056640625e-06,
    1.8835067749023438e-05
  ],
  "cython_parallel": [
    9.298324584960938e-06,
    7.867813110351562e-06,
    7.3909759521484375e-06,
    7.3909759521484375e-06,
    7.3909759521484375e-06
  ]
}