{
  "python_brute": [
    0.330794095993042,
    0.29764890670776367,
    0.3019218444824219,
    0.2976400852203369,
    0.283130407333374
  ],
  "python_cached": [
    0.1398763656616211,
    0.14109516143798828,
    0.1457207202911377,
    0.14706206321716309,
    0.15503787994384766
  ],
  "numpy_brute": [
    0.12619304656982422,
    0.11920356750488281,
    0.12036299705505371,
    0.11898446083068848,
    0.11659407615661621
  ],
  "numpy_cached": [
    0.09285855293273926,
    0.07277560234069824,
    0.06240224838256836,
    0.06500005722045898,
    0.06273579597473145
  ],
  "numpy_broadcast": [
    0.00667881965637207,
    0.006846904754638672,
    0.0052874088287353516,
    0.005129098892211914,
    0.005334377288818359
  ],
  "numpy_double_broadcast": [
    0.004933595657348633,
    0.006110429763793945,
    0.004923820495605469,
    0.005159616470336914,
    0.004683017730712891
  ],
  "scipy": [
    0.0010595321655273438,
    0.0010364055633544922,
    0.0010242462158203125,
    0.000989675521850586,
    0.0009965896606445312
  ],
  "cython": [
    0.00058746337890625,
    0.0005950927734375,
    0.0005273818969726562,
    0.0005259513854980469,
    0.0005891323089599609
  ],
  "cython_parallel": [
    0.0011897087097167969,
    0.0012335777282714844,
    0.0014603137969970703,
    0.0012462139129638672,
    0.0012116432189941406
  ]
}