{
  "python_brute": [
    1206.0091698169708,
    1210.3819680213928,
    1223.294350862503,
    1221.3166179656982,
    1224.2313249111176
  ],
  "python_cached": [
    624.7884614467621,
    634.7224068641663,
    624.545812368393,
    621.7117042541504,
    620.6098277568817
  ],
  "numpy_brute": [
    501.9356532096863,
    503.89921855926514,
    499.7750117778778,
    498.7336802482605,
    500.4931848049164
  ],
  "numpy_cached": [
    273.7059450149536,
    275.3736894130707,
    276.0109555721283,
    275.2130036354065,
    276.1020143032074
  ],
  "numpy_broadcast": [
    45.82139706611633,
    20.685250282287598,
    20.651151180267334,
    20.838640451431274,
    20.777711868286133
  ],
  "numpy_double_broadcast": [
    20.815953731536865,
    20.77219843864441,
    20.774890661239624,
    20.762352466583252,
    20.71493697166443
  ],
  "scipy": [
    6.162949800491333,
    6.195971727371216,
    6.138787746429443,
    6.155884265899658,
    6.185348033905029
  ],
  "cython": [
    2.9586081504821777,
    2.9806132316589355,
    2.9553370475769043,
    2.957390069961548,
    2.9502923488616943
  ],
  "cython_parallel": [
    6.515516042709351,
    6.446956396102905,
    6.53385066986084,
    6.551080942153931,
    6.530466556549072
  ]
}