{
  "python_brute": [
    0.00034618377685546875,
    0.0002853870391845703,
    0.0002853870391845703,
    0.0003685951232910156,
    0.00028395652770996094
  ],
  "python_cached": [
    0.0001628398895263672,
    0.00016021728515625,
    0.0001595020294189453,
    0.00015974044799804688,
    0.00016260147094726562
  ],
  "numpy_brute": [
    0.0019915103912353516,
    0.0018622875213623047,
    0.0020372867584228516,
    0.002105236053466797,
    0.0020074844360351562
  ],
  "numpy_cached": [
    0.0012869834899902344,
    0.0010018348693847656,
    0.0011279582977294922,
    0.0011057853698730469,
    0.001028299331665039
  ],
  "numpy_broadcast": [
    0.00019073486328125,
    0.0001595020294189453,
    0.00017261505126953125,
    0.00019407272338867188,
    0.00020122528076171875
  ],
  "numpy_double_broadcast": [
    0.00018334388732910156,
    0.0001552104949951172,
    0.00015354156494140625,
    0.00015425682067871094,
    0.00021123886108398438
  ],
  "scipy": [
    5.269050598144531e-05,
    2.0265579223632812e-05,
    1.5974044799804688e-05,
    1.4066696166992188e-05,
    1.430511474609375e-05
  ],
  "cython": [
    1.8596649169921875e-05,
    4.5299530029296875e-06,
    3.814697265625e-06,
    3.337860107421875e-06,
    3.0994415283203125e-06
  ],
  "cython_parallel": [
    5.4836273193359375e-06,
    4.291534423828125e-06,
    3.5762786865234375e-06,
    3.5762786865234375e-06,
    3.337860107421875e-06
  ]
}