{
  "python_brute": [
    0.0020303726196289062,
    0.0016124248504638672,
    0.0015454292297363281,
    0.0016374588012695312,
    0.0015921592712402344
  ],
  "python_cached": [
    0.0009000301361083984,
    0.0009267330169677734,
    0.0008566379547119141,
    0.0008559226989746094,
    0.0008404254913330078
  ],
  "numpy_brute": [
    0.008621692657470703,
    0.009548187255859375,
    0.008239030838012695,
    0.007891178131103516,
    0.008601188659667969
  ],
  "numpy_cached": [
    0.004037141799926758,
    0.0038993358612060547,
    0.0042569637298583984,
    0.004246711730957031,
    0.004117012023925781
  ],
  "numpy_broadcast": [
    0.0003573894500732422,
    0.000316619873046875,
    0.0003695487976074219,
    0.0003902912139892578,
    0.00038242340087890625
  ],
  "numpy_double_broadcast": [
    0.00039196014404296875,
    0.00035953521728515625,
    0.00033855438232421875,
    0.0003859996795654297,
    0.0003521442413330078
  ],
  "scipy": [
    6.198883056640625e-05,
    2.6464462280273438e-05,
    2.1696090698242188e-05,
    2.0503997802734375e-05,
    1.9311904907226562e-05
  ],
  "cython": [
    2.5987625122070312e-05,
    9.298324584960938e-06,
    8.821487426757812e-06,
    8.106231689453125e-06,
    8.106231689453125e-06
  ],
  "cython_parallel": [
    1.2636184692382812e-05,
    1.1444091796875e-05,
    1.0967254638671875e-05,
    1.1205673217773438e-05,
    1.1205673217773438e-05
  ]
}