{
  "python_brute": [
    161.60372853279114,
    161.87935781478882,
    161.90814471244812,
    163.11052656173706,
    165.51800537109375
  ],
  "python_cached": [
    85.0122241973877,
    84.86670541763306,
    83.9506607055664,
    84.42558097839355,
    84.5046169757843
  ],
  "numpy_brute": [
    127.48489618301392,
    128.24546146392822,
    129.30706238746643,
    124.43438410758972,
    123.84733653068542
  ],
  "numpy_cached": [
    68.64852142333984,
    68.15662837028503,
    68.42070007324219,
    68.22904896736145,
    67.9548270702362
  ],
  "numpy_broadcast": [
    3.159978151321411,
    2.2542126178741455,
    2.226017475128174,
    2.2572531700134277,
    3.1268463134765625
  ],
  "numpy_double_broadcast": [
    2.2397871017456055,
    2.2352893352508545,
    2.2246897220611572,
    2.28611421585083,
    2.2336812019348145
  ],
  "scipy": [
    0.5442984104156494,
    0.5236494541168213,
    0.5365805625915527,
    0.5180954933166504,
    0.5223534107208252
  ],
  "cython": [
    0.3710012435913086,
    0.3773472309112549,
    0.38591814041137695,
    0.36777377128601074,
    0.374988317489624
  ],
  "cython_parallel": [
    0.7827157974243164,
    0.7823388576507568,
    0.8009355068206787,
    0.7846033573150635,
    0.7707047462463379
  ]
}