{
  "python_brute": [
    0.7966959476470947,
    0.8082797527313232,
    0.8044822216033936,
    0.7847335338592529,
    0.8012561798095703
  ],
  "python_cached": [
    0.39872169494628906,
    0.4191415309906006,
    0.3959801197052002,
    0.40839481353759766,
    0.41750144958496094
  ],
  "numpy_brute": [
    0.4601626396179199,
    0.48685741424560547,
    0.5148739814758301,
    0.5006136894226074,
    0.49291324615478516
  ],
  "numpy_cached": [
    0.27565789222717285,
    0.24860191345214844,
    0.2633981704711914,
    0.2575654983520508,
    0.25217342376708984
  ],
  "numpy_broadcast": [
    0.013094902038574219,
    0.01345968246459961,
    0.012478828430175781,
    0.012648344039916992,
    0.012610673904418945
  ],
  "numpy_double_broadcast": [
    0.013430356979370117,
    0.013013839721679688,
    0.013100147247314453,
    0.013221263885498047,
    0.01262044906616211
  ],
  "scipy": [
    0.0027964115142822266,
    0.002734661102294922,
    0.002688884735107422,
    0.0025408267974853516,
    0.0028040409088134766
  ],
  "cython": [
    0.0017404556274414062,
    0.0016896724700927734,
    0.0017828941345214844,
    0.0016765594482421875,
    0.0017244815826416016
  ],
  "cython_parallel": [
    0.0035181045532226562,
    0.003709554672241211,
    0.003774881362915039,
    0.0035905838012695312,
    0.0038063526153564453
  ]
}