{
  "python_brute": [
    4.220909595489502,
    4.236063480377197,
    4.202505588531494,
    4.264496088027954,
    4.255205869674683
  ],
  "python_cached": [
    2.134320020675659,
    2.1547231674194336,
    2.156719446182251,
    2.1324667930603027,
    2.1358189582824707
  ],
  "numpy_brute": [
    5.319617986679077,
    5.304692506790161,
    5.347779035568237,
    5.305913925170898,
    5.365527153015137
  ],
  "numpy_cached": [
    2.773946762084961,
    2.8230650424957275,
    2.813210964202881,
    2.7923874855041504,
    2.7544503211975098
  ],
  "numpy_broadcast": [
    0.06895160675048828,
    0.06744217872619629,
    0.0669395923614502,
    0.06792521476745605,
    0.06766200065612793
  ],
  "numpy_double_broadcast": [
    0.06835198402404785,
    0.06778430938720703,
    0.06956362724304199,
    0.06694722175598145,
    0.06686544418334961
  ],
  "scipy": [
    0.012746572494506836,
    0.011260032653808594,
    0.011719703674316406,
    0.011617660522460938,
    0.011781930923461914
  ],
  "cython": [
    0.009241580963134766,
    0.009320259094238281,
    0.009365320205688477,
    0.009115219116210938,
    0.009356260299682617
  ],
  "cython_parallel": [
    0.019055843353271484,
    0.019681453704833984,
    0.019694089889526367,
    0.021254539489746094,
    0.019306421279907227
  ]
}