{
  "python_brute": [
    3.3117291927337646,
    3.3130784034729004,
    3.3276898860931396,
    3.3088579177856445,
    3.290696859359741
  ],
  "python_cached": [
    1.7529704570770264,
    1.806107759475708,
    1.7845299243927002,
    1.7606000900268555,
    1.8034546375274658
  ],
  "numpy_brute": [
    22.333979845046997,
    22.32517123222351,
    22.279255390167236,
    22.340899229049683,
    22.346149682998657
  ],
  "numpy_cached": [
    11.491261005401611,
    11.440197467803955,
    11.455424308776855,
    11.33308720588684,
    11.390883445739746
  ],
  "numpy_broadcast": [
    0.1039285659790039,
    0.10331487655639648,
    0.10325908660888672,
    0.10281586647033691,
    0.10520362854003906
  ],
  "numpy_double_broadcast": [
    0.10752153396606445,
    0.09978818893432617,
    0.10330080986022949,
    0.12254571914672852,
    0.10163187980651855
  ],
  "scipy": [
    0.00903463363647461,
    0.009159088134765625,
    0.008701086044311523,
    0.008533954620361328,
    0.008439302444458008
  ],
  "cython": [
    0.009433746337890625,
    0.009488582611083984,
    0.009571313858032227,
    0.009615182876586914,
    0.010395526885986328
  ],
  "cython_parallel": [
    0.023148298263549805,
    0.020538330078125,
    0.019549131393432617,
    0.018620729446411133,
    0.01824784278869629
  ]
}