{
  "python_brute": [
    0.001054525375366211,
    0.001219034194946289,
    0.0010433197021484375,
    0.0010826587677001953,
    0.0010433197021484375
  ],
  "python_cached": [
    0.0006289482116699219,
    0.0005636215209960938,
    0.0005640983581542969,
    0.0005652904510498047,
    0.0006339550018310547
  ],
  "numpy_brute": [
    0.0021276473999023438,
    0.001965761184692383,
    0.0017952919006347656,
    0.0018572807312011719,
    0.002105236053466797
  ],
  "numpy_cached": [
    0.001066446304321289,
    0.001081228256225586,
    0.0013332366943359375,
    0.0009903907775878906,
    0.0012841224670410156
  ],
  "numpy_broadcast": [
    0.0002033710479736328,
    0.00016832351684570312,
    0.000164031982421875,
    0.00016164779663085938,
    0.00016164779663085938
  ],
  "numpy_double_broadcast": [
    0.0002193450927734375,
    0.0003745555877685547,
    0.00023627281188964844,
    0.00017309188842773438,
    0.0002970695495605469
  ],
  "scipy": [
    5.435943603515625e-05,
    3.886222839355469e-05,
    1.811981201171875e-05,
    1.6689300537109375e-05,
    1.621246337890625e-05
  ],
  "cython": [
    2.002716064453125e-05,
    6.198883056640625e-06,
    5.7220458984375e-06,
    4.76837158203125e-06,
    5.0067901611328125e-06
  ],
  "cython_parallel": [
    9.298324584960938e-06,
    7.3909759521484375e-06,
    7.152557373046875e-06,
    7.3909759521484375e-06,
    7.152557373046875e-06
  ]
}