{
  "python_brute": [
    0.0034677982330322266,
    0.003461122512817383,
    0.0036499500274658203,
    0.003373384475708008,
    0.003701448440551758
  ],
  "python_cached": [
    0.0019011497497558594,
    0.0019237995147705078,
    0.002033233642578125,
    0.0018763542175292969,
    0.002031087875366211
  ],
  "numpy_brute": [
    0.0019059181213378906,
    0.0021321773529052734,
    0.0021071434020996094,
    0.0020699501037597656,
    0.0022859573364257812
  ],
  "numpy_cached": [
    0.0010814666748046875,
    0.001146078109741211,
    0.0010607242584228516,
    0.0011289119720458984,
    0.0010573863983154297
  ],
  "numpy_broadcast": [
    0.0002377033233642578,
    0.00020456314086914062,
    0.00019884109497070312,
    0.00019860267639160156,
    0.0001983642578125
  ],
  "numpy_double_broadcast": [
    0.0001990795135498047,
    0.00019812583923339844,
    0.0001983642578125,
    0.00019669532775878906,
    0.00019884109497070312
  ],
  "scipy": [
    5.936622619628906e-05,
    3.075599670410156e-05,
    2.7418136596679688e-05,
    2.5987625122070312e-05,
    2.574920654296875e-05
  ],
  "cython": [
    4.315376281738281e-05,
    2.7418136596679688e-05,
    2.8371810913085938e-05,
    1.0251998901367188e-05,
    1.0013580322265625e-05
  ],
  "cython_parallel": [
    2.0503997802734375e-05,
    1.8835067749023438e-05,
    1.811981201171875e-05,
    1.6927719116210938e-05,
    1.6927719116210938e-05
  ]
}