{
  "python_brute": [
    0.0010612010955810547,
    0.0008549690246582031,
    0.0010769367218017578,
    0.0016067028045654297,
    0.0011737346649169922
  ],
  "python_cached": [
    0.00046825408935546875,
    0.00051116943359375,
    0.00047397613525390625,
    0.00046515464782714844,
    0.0005099773406982422
  ],
  "numpy_brute": [
    0.0005564689636230469,
    0.0006515979766845703,
    0.0005376338958740234,
    0.0005812644958496094,
    0.000579833984375
  ],
  "numpy_cached": [
    0.0003349781036376953,
    0.0003006458282470703,
    0.00043320655822753906,
    0.0004849433898925781,
    0.0005171298980712891
  ],
  "numpy_broadcast": [
    0.00023484230041503906,
    0.00018334388732910156,
    0.0001766681671142578,
    0.0001850128173828125,
    0.0001747608184814453
  ],
  "numpy_double_broadcast": [
    0.00017547607421875,
    0.00017380714416503906,
    0.0001709461212158203,
    0.0001723766326904297,
    0.0001709461212158203
  ],
  "scipy": [
    7.486343383789062e-05,
    3.695487976074219e-05,
    3.170967102050781e-05,
    3.0517578125e-05,
    2.956390380859375e-05
  ],
  "cython": [
    2.765655517578125e-05,
    8.58306884765625e-06,
    7.867813110351562e-06,
    7.3909759521484375e-06,
    7.3909759521484375e-06
  ],
  "cython_parallel": [
    1.430511474609375e-05,
    1.239776611328125e-05,
    1.1682510375976562e-05,
    1.1682510375976562e-05,
    1.1444091796875e-05
  ]
}