{
  "python_brute": [
    5.812385559082031,
    5.722668170928955,
    5.736032485961914,
    5.792139291763306,
    5.791414976119995
  ],
  "python_cached": [
    2.872429370880127,
    2.9535036087036133,
    2.856689453125,
    2.864396810531616,
    2.885115385055542
  ],
  "numpy_brute": [
    3.4031829833984375,
    3.383056879043579,
    3.373868465423584,
    3.386504888534546,
    3.3789222240448
  ],
  "numpy_cached": [
    1.850191593170166,
    1.861997127532959,
    1.8319933414459229,
    1.8436329364776611,
    1.8447506427764893
  ],
  "numpy_broadcast": [
    0.0847325325012207,
    0.08156347274780273,
    0.08089709281921387,
    0.08787131309509277,
    0.08211636543273926
  ],
  "numpy_double_broadcast": [
    0.08206915855407715,
    0.08664369583129883,
    0.0824441909790039,
    0.08188056945800781,
    0.07978582382202148
  ],
  "scipy": [
    0.021137475967407227,
    0.020002365112304688,
    0.019737958908081055,
    0.019747257232666016,
    0.020766496658325195
  ],
  "cython": [
    0.012598991394042969,
    0.012766838073730469,
    0.012902975082397461,
    0.012367010116577148,
    0.012280464172363281
  ],
  "cython_parallel": [
    0.027288436889648438,
    0.02823472023010254,
    0.0270230770111084,
    0.027165889739990234,
    0.02770233154296875
  ]
}