{
  "python_brute": [
    0.2962334156036377,
    0.28974461555480957,
    0.30617833137512207,
    0.2902238368988037,
    0.29918384552001953
  ],
  "python_cached": [
    0.14855670928955078,
    0.1603083610534668,
    0.14705467224121094,
    0.1584606170654297,
    0.15273666381835938
  ],
  "numpy_brute": [
    0.8836591243743896,
    0.8955292701721191,
    0.8720738887786865,
    0.9078269004821777,
    0.9650828838348389
  ],
  "numpy_cached": [
    0.4666471481323242,
    0.4798390865325928,
    0.4934062957763672,
    0.4583549499511719,
    0.47167348861694336
  ],
  "numpy_broadcast": [
    0.009183406829833984,
    0.009180784225463867,
    0.009871721267700195,
    0.008840799331665039,
    0.008238554000854492
  ],
  "numpy_double_broadcast": [
    0.008457660675048828,
    0.008962392807006836,
    0.009187698364257812,
    0.008753776550292969,
    0.008924245834350586
  ],
  "scipy": [
    0.0010402202606201172,
    0.0008845329284667969,
    0.0008492469787597656,
    0.000972747802734375,
    0.0009195804595947266
  ],
  "cython": [
    0.001081228256225586,
    0.0010285377502441406,
    0.0013761520385742188,
    0.0010385513305664062,
    0.0010170936584472656
  ],
  "cython_parallel": [
    0.0018146038055419922,
    0.002098560333251953,
    0.001844167709350586,
    0.0022003650665283203,
    0.0019176006317138672
  ]
}