{
  "python_brute": [
    0.032441139221191406,
    0.030762195587158203,
    0.030072450637817383,
    0.028566598892211914,
    0.029474973678588867
  ],
  "python_cached": [
    0.015775203704833984,
    0.015288352966308594,
    0.015095710754394531,
    0.014369487762451172,
    0.01446986198425293
  ],
  "numpy_brute": [
    0.0504302978515625,
    0.0496828556060791,
    0.05008530616760254,
    0.047864675521850586,
    0.050464630126953125
  ],
  "numpy_cached": [
    0.02635645866394043,
    0.025597810745239258,
    0.028136014938354492,
    0.02788853645324707,
    0.026321887969970703
  ],
  "numpy_broadcast": [
    0.0013244152069091797,
    0.0012505054473876953,
    0.0011806488037109375,
    0.0014188289642333984,
    0.0012540817260742188
  ],
  "numpy_double_broadcast": [
    0.0012938976287841797,
    0.0012354850769042969,
    0.001356363296508789,
    0.0013051033020019531,
    0.0011985301971435547
  ],
  "scipy": [
    0.00014138221740722656,
    0.00016641616821289062,
    0.00018596649169921875,
    0.0001418590545654297,
    0.00016045570373535156
  ],
  "cython": [
    9.799003601074219e-05,
    0.00012731552124023438,
    9.274482727050781e-05,
    6.937980651855469e-05,
    6.318092346191406e-05
  ],
  "cython_parallel": [
    0.00016808509826660156,
    0.00012731552124023438,
    0.00014710426330566406,
    0.000186920166015625,
    0.00014495849609375
  ]
}