{
  "python_brute": [
    1.060502529144287,
    1.0728955268859863,
    1.0487797260284424,
    1.0582177639007568,
    1.0454723834991455
  ],
  "python_cached": [
    0.5592484474182129,
    0.5432124137878418,
    0.5381548404693604,
    0.5361380577087402,
    0.5576591491699219
  ],
  "numpy_brute": [
    5.060847997665405,
    5.014787673950195,
    5.020465850830078,
    5.050824403762817,
    5.015381574630737
  ],
  "numpy_cached": [
    2.6205708980560303,
    2.574617862701416,
    2.5861148834228516,
    2.5967109203338623,
    2.6505937576293945
  ],
  "numpy_broadcast": [
    0.03451395034790039,
    0.03339672088623047,
    0.03227877616882324,
    0.033102989196777344,
    0.03346538543701172
  ],
  "numpy_double_broadcast": [
    0.03214526176452637,
    0.03500175476074219,
    0.0327303409576416,
    0.031731605529785156,
    0.03549766540527344
  ],
  "scipy": [
    0.004844188690185547,
    0.0040130615234375,
    0.003837108612060547,
    0.004164218902587891,
    0.0037043094635009766
  ],
  "cython": [
    0.003438711166381836,
    0.0032901763916015625,
    0.003195524215698242,
    0.003204345703125,
    0.003398418426513672
  ],
  "cython_parallel": [
    0.0054242610931396484,
    0.005421638488769531,
    0.0055043697357177734,
    0.005676746368408203,
    0.005704164505004883
  ]
}