{
  "python_brute": [
    1.044727087020874,
    1.0919008255004883,
    1.052131175994873,
    1.069368839263916,
    1.0509157180786133
  ],
  "python_cached": [
    0.5543313026428223,
    0.5581719875335693,
    0.5510942935943604,
    0.5680422782897949,
    0.5718660354614258
  ],
  "numpy_brute": [
    0.9746594429016113,
    0.9238793849945068,
    0.9675395488739014,
    0.976402759552002,
    0.9677994251251221
  ],
  "numpy_cached": [
    0.5224027633666992,
    0.49172472953796387,
    0.4942636489868164,
    0.5436906814575195,
    0.5108022689819336
  ],
  "numpy_broadcast": [
    0.021524429321289062,
    0.019834280014038086,
    0.019048213958740234,
    0.0219113826751709,
    0.01909184455871582
  ],
  "numpy_double_broadcast": [
    0.01941084861755371,
    0.0184781551361084,
    0.01895904541015625,
    0.01966118812561035,
    0.018552064895629883
  ],
  "scipy": [
    0.003206491470336914,
    0.003200054168701172,
    0.003629446029663086,
    0.0040166378021240234,
    0.0032820701599121094
  ],
  "cython": [
    0.0021512508392333984,
    0.0021724700927734375,
    0.0021784305572509766,
    0.0021495819091796875,
    0.002084016799926758
  ],
  "cython_parallel": [
    0.005208253860473633,
    0.005010366439819336,
    0.004779338836669922,
    0.005247592926025391,
    0.00520777702331543
  ]
}