{
  "python_brute": [
    8.83157753944397,
    8.951009273529053,
    8.908166408538818,
    8.805997133255005,
    8.786104917526245
  ],
  "python_cached": [
    4.403541564941406,
    4.400415420532227,
    4.450847387313843,
    4.499702215194702,
    4.424181938171387
  ],
  "numpy_brute": [
    5.156558990478516,
    5.0938146114349365,
    5.089973449707031,
    5.061215400695801,
    5.144692420959473
  ],
  "numpy_cached": [
    2.7451000213623047,
    2.715400218963623,
    2.771259069442749,
    2.7130305767059326,
    2.7517929077148438
  ],
  "numpy_broadcast": [
    0.17632794380187988,
    0.12499070167541504,
    0.12290787696838379,
    0.12561869621276855,
    0.12229514122009277
  ],
  "numpy_double_broadcast": [
    0.12498164176940918,
    0.12153434753417969,
    0.12041044235229492,
    0.12079811096191406,
    0.1252727508544922
  ],
  "scipy": [
    0.03245735168457031,
    0.032768964767456055,
    0.03303170204162598,
    0.032590389251708984,
    0.03184795379638672
  ],
  "cython": [
    0.01897144317626953,
    0.022365331649780273,
    0.02009892463684082,
    0.019757986068725586,
    0.018180370330810547
  ],
  "cython_parallel": [
    0.04352307319641113,
    0.04121518135070801,
    0.04065561294555664,
    0.04202079772949219,
    0.041304826736450195
  ]
}