{
  "python_brute": [
    74.36212587356567,
    74.11869764328003,
    73.47582030296326,
    73.68409013748169,
    73.35372376441956
  ],
  "python_cached": [
    38.324427127838135,
    38.150330781936646,
    38.3136682510376,
    38.19812750816345,
    38.237157106399536
  ],
  "numpy_brute": [
    122.15236020088196,
    121.53546524047852,
    122.23644375801086,
    122.456214427948,
    123.7307779788971
  ],
  "numpy_cached": [
    65.3561635017395,
    64.86910128593445,
    64.55059933662415,
    67.02949404716492,
    66.08775401115417
  ],
  "numpy_broadcast": [
    1.472062349319458,
    1.168919563293457,
    1.1538505554199219,
    1.157012939453125,
    1.5182476043701172
  ],
  "numpy_double_broadcast": [
    1.1648480892181396,
    1.1516454219818115,
    1.1700663566589355,
    1.138502836227417,
    1.1682076454162598
  ],
  "scipy": [
    0.2254476547241211,
    0.21874189376831055,
    0.20111751556396484,
    0.19826889038085938,
    0.20270299911499023
  ],
  "cython": [
    0.16999006271362305,
    0.18583321571350098,
    0.16834688186645508,
    0.16647958755493164,
    0.16861438751220703
  ],
  "cython_parallel": [
    0.35742783546447754,
    0.345287561416626,
    0.34388256072998047,
    0.3601667881011963,
    0.35178279876708984
  ]
}