{
  "python_brute": [
    6.753262281417847,
    6.768167972564697,
    6.752616882324219,
    6.613061428070068,
    6.580461740493774
  ],
  "python_cached": [
    3.3485002517700195,
    3.3561441898345947,
    3.3944249153137207,
    3.476412296295166,
    3.365981340408325
  ],
  "numpy_brute": [
    1.9356422424316406,
    1.9212968349456787,
    1.971400260925293,
    1.9325437545776367,
    1.9101147651672363
  ],
  "numpy_cached": [
    1.0598249435424805,
    0.9984419345855713,
    1.0196869373321533,
    1.052520990371704,
    1.0361626148223877
  ],
  "numpy_broadcast": [
    0.09134793281555176,
    0.09640240669250488,
    0.09040117263793945,
    0.09328293800354004,
    0.09182000160217285
  ],
  "numpy_double_broadcast": [
    0.09148383140563965,
    0.09587669372558594,
    0.09451985359191895,
    0.09287238121032715,
    0.09162211418151855
  ],
  "scipy": [
    0.027532577514648438,
    0.02658367156982422,
    0.027496814727783203,
    0.0261075496673584,
    0.027283191680908203
  ],
  "cython": [
    0.015143394470214844,
    0.014925956726074219,
    0.013804912567138672,
    0.014155149459838867,
    0.013438940048217773
  ],
  "cython_parallel": [
    0.03243565559387207,
    0.03088974952697754,
    0.029764175415039062,
    0.03277754783630371,
    0.03184819221496582
  ]
}