{
  "python_brute": [
    446.1508078575134,
    446.23086953163147,
    445.58184838294983,
    445.795912027359,
    448.29627203941345
  ],
  "python_cached": [
    228.94925570487976,
    228.60406708717346,
    228.35649037361145,
    228.66072463989258,
    227.97789669036865
  ],
  "numpy_brute": [
    132.53145742416382,
    130.7644054889679,
    131.18576550483704,
    131.49692559242249,
    132.00167417526245
  ],
  "numpy_cached": [
    72.38432788848877,
    71.39033579826355,
    71.3089234828949,
    71.94195318222046,
    71.51876378059387
  ],
  "numpy_broadcast": [
    10.5278000831604,
    7.374147415161133,
    10.544254302978516,
    7.424614906311035,
    7.408007860183716
  ],
  "numpy_double_broadcast": [
    7.364511489868164,
    7.40198016166687,
    7.4352335929870605,
    7.426332473754883,
    7.426764965057373
  ],
  "scipy": [
    2.256321668624878,
    2.260328769683838,
    2.2944679260253906,
    2.28019118309021,
    2.2884485721588135
  ],
  "cython": [
    1.043696403503418,
    1.0579040050506592,
    1.0632429122924805,
    1.0550472736358643,
    1.0497076511383057
  ],
  "cython_parallel": [
    2.3213083744049072,
    2.3279058933258057,
    2.2943403720855713,
    2.270035982131958,
    2.3148086071014404
  ]
}