{
  "python_brute": [
    26.96822428703308,
    26.960912942886353,
    27.030198574066162,
    27.100948810577393,
    26.50864553451538
  ],
  "python_cached": [
    14.533810377120972,
    14.514268159866333,
    14.443568229675293,
    14.29156756401062,
    14.406529664993286
  ],
  "numpy_brute": [
    130.33238673210144,
    130.34878969192505,
    130.39729356765747,
    129.73983311653137,
    130.14473962783813
  ],
  "numpy_cached": [
    68.5166563987732,
    68.11663937568665,
    68.22868180274963,
    68.30058526992798,
    68.76602625846863
  ],
  "numpy_broadcast": [
    0.6814727783203125,
    0.6668412685394287,
    0.6738953590393066,
    0.6514112949371338,
    0.6806535720825195
  ],
  "numpy_double_broadcast": [
    0.6756350994110107,
    0.6509997844696045,
    0.6644399166107178,
    0.6745188236236572,
    0.6614570617675781
  ],
  "scipy": [
    0.10367512702941895,
    0.10374689102172852,
    0.10379981994628906,
    0.10487651824951172,
    0.10540986061096191
  ],
  "cython": [
    0.0949869155883789,
    0.09765219688415527,
    0.09248542785644531,
    0.09575200080871582,
    0.09574127197265625
  ],
  "cython_parallel": [
    0.1806182861328125,
    0.15918254852294922,
    0.16390657424926758,
    0.15918421745300293,
    0.16054749488830566
  ]
}