{
  "python_brute": [
    0.129166841506958,
    0.1330430507659912,
    0.12672185897827148,
    0.12553930282592773,
    0.12821030616760254
  ],
  "python_cached": [
    0.06621837615966797,
    0.06728553771972656,
    0.06745171546936035,
    0.06517314910888672,
    0.06715798377990723
  ],
  "numpy_brute": [
    0.8302531242370605,
    0.8378379344940186,
    0.8299770355224609,
    0.8148903846740723,
    0.8190360069274902
  ],
  "numpy_cached": [
    0.4531986713409424,
    0.42203545570373535,
    0.4206278324127197,
    0.4202289581298828,
    0.4270608425140381
  ],
  "numpy_broadcast": [
    0.00724339485168457,
    0.00755620002746582,
    0.00828862190246582,
    0.008247852325439453,
    0.008502721786499023
  ],
  "numpy_double_broadcast": [
    0.00885462760925293,
    0.008051395416259766,
    0.009457111358642578,
    0.00945425033569336,
    0.008211135864257812
  ],
  "scipy": [
    0.0007274150848388672,
    0.0003592967987060547,
    0.0003867149353027344,
    0.0003581047058105469,
    0.0003921985626220703
  ],
  "cython": [
    0.00034499168395996094,
    0.0003974437713623047,
    0.0006811618804931641,
    0.000377655029296875,
    0.00033545494079589844
  ],
  "cython_parallel": [
    0.0005459785461425781,
    0.0005564689636230469,
    0.0005619525909423828,
    0.0004737377166748047,
    0.00047326087951660156
  ]
}