{
  "python_brute": [
    0.3848252296447754,
    0.3851032257080078,
    0.3802459239959717,
    0.40771031379699707,
    0.39139485359191895
  ],
  "python_cached": [
    0.19866371154785156,
    0.19986271858215332,
    0.20433974266052246,
    0.19759583473205566,
    0.19921231269836426
  ],
  "numpy_brute": [
    1.9322972297668457,
    1.9109792709350586,
    1.9290027618408203,
    1.9346866607666016,
    1.9157507419586182
  ],
  "numpy_cached": [
    0.9966621398925781,
    1.0301618576049805,
    1.0173397064208984,
    1.0135478973388672,
    1.0065598487854004
  ],
  "numpy_broadcast": [
    0.016177892684936523,
    0.01586174964904785,
    0.014549016952514648,
    0.014960289001464844,
    0.015227794647216797
  ],
  "numpy_double_broadcast": [
    0.01471090316772461,
    0.013926506042480469,
    0.014859199523925781,
    0.014547586441040039,
    0.015065670013427734
  ],
  "scipy": [
    0.0014107227325439453,
    0.0013165473937988281,
    0.0013375282287597656,
    0.0013964176177978516,
    0.0019385814666748047
  ],
  "cython": [
    0.001322031021118164,
    0.0013234615325927734,
    0.0012722015380859375,
    0.0012466907501220703,
    0.0012352466583251953
  ],
  "cython_parallel": [
    0.0019652843475341797,
    0.0021004676818847656,
    0.002543926239013672,
    0.0020444393157958984,
    0.0023238658905029297
  ]
}