{
  "python_brute": [
    0.03444218635559082,
    0.021518707275390625,
    0.018960237503051758,
    0.018767833709716797,
    0.01910686492919922
  ],
  "python_cached": [
    0.009604930877685547,
    0.009832143783569336,
    0.010140419006347656,
    0.010164499282836914,
    0.010009050369262695
  ],
  "numpy_brute": [
    0.008083343505859375,
    0.007928133010864258,
    0.008184432983398438,
    0.007977485656738281,
    0.008424758911132812
  ],
  "numpy_cached": [
    0.004392147064208984,
    0.004320621490478516,
    0.004297018051147461,
    0.0048716068267822266,
    0.00468134880065918
  ],
  "numpy_broadcast": [
    0.0007593631744384766,
    0.0006456375122070312,
    0.0005824565887451172,
    0.0006251335144042969,
    0.0006480216979980469
  ],
  "numpy_double_broadcast": [
    0.0006949901580810547,
    0.0007135868072509766,
    0.0006935596466064453,
    0.0006916522979736328,
    0.0006625652313232422
  ],
  "scipy": [
    0.0001442432403564453,
    0.00010013580322265625,
    8.726119995117188e-05,
    8.511543273925781e-05,
    8.511543273925781e-05
  ],
  "cython": [
    7.176399230957031e-05,
    4.553794860839844e-05,
    4.3392181396484375e-05,
    4.291534423828125e-05,
    4.267692565917969e-05
  ],
  "cython_parallel": [
    0.00011420249938964844,
    9.751319885253906e-05,
    0.00010657310485839844,
    0.0001049041748046875,
    8.58306884765625e-05
  ]
}