{
  "python_brute": [
    1.7633326053619385,
    1.6823737621307373,
    1.6721017360687256,
    1.6896262168884277,
    1.6897525787353516
  ],
  "python_cached": [
    0.840670108795166,
    0.8390648365020752,
    0.8493928909301758,
    0.8495731353759766,
    0.8600068092346191
  ],
  "numpy_brute": [
    1.3427743911743164,
    1.3745276927947998,
    1.355379343032837,
    1.335906982421875,
    1.3513166904449463
  ],
  "numpy_cached": [
    0.6983730792999268,
    0.7149362564086914,
    0.6937830448150635,
    0.7059621810913086,
    0.7028908729553223
  ],
  "numpy_broadcast": [
    0.028450489044189453,
    0.028211116790771484,
    0.027316570281982422,
    0.02707362174987793,
    0.026736736297607422
  ],
  "numpy_double_broadcast": [
    0.030242919921875,
    0.04019522666931152,
    0.02690267562866211,
    0.026989459991455078,
    0.026983261108398438
  ],
  "scipy": [
    0.0050945281982421875,
    0.005615949630737305,
    0.005464076995849609,
    0.005316495895385742,
    0.005338907241821289
  ],
  "cython": [
    0.0036766529083251953,
    0.0033910274505615234,
    0.0040454864501953125,
    0.003504514694213867,
    0.0035576820373535156
  ],
  "cython_parallel": [
    0.007653713226318359,
    0.007406949996948242,
    0.008053302764892578,
    0.007651567459106445,
    0.00789642333984375
  ]
}