{
  "python_brute": [
    0.6536855697631836,
    0.6578490734100342,
    0.6623375415802002,
    0.6451270580291748,
    0.6603872776031494
  ],
  "python_cached": [
    0.3394591808319092,
    0.33093881607055664,
    0.33799147605895996,
    0.33049535751342773,
    0.33429408073425293
  ],
  "numpy_brute": [
    1.9669833183288574,
    1.9823999404907227,
    1.955747127532959,
    1.938175916671753,
    1.95137619972229
  ],
  "numpy_cached": [
    0.9917933940887451,
    0.9889113903045654,
    0.9770333766937256,
    0.9710252285003662,
    0.9843499660491943
  ],
  "numpy_broadcast": [
    0.01869368553161621,
    0.021539688110351562,
    0.017349720001220703,
    0.01737213134765625,
    0.016414165496826172
  ],
  "numpy_double_broadcast": [
    0.016628503799438477,
    0.016859054565429688,
    0.01674675941467285,
    0.018261432647705078,
    0.017708301544189453
  ],
  "scipy": [
    0.0019576549530029297,
    0.0018312931060791016,
    0.0019154548645019531,
    0.0017879009246826172,
    0.001848459243774414
  ],
  "cython": [
    0.0021774768829345703,
    0.0027365684509277344,
    0.0023720264434814453,
    0.0021522045135498047,
    0.00234222412109375
  ],
  "cython_parallel": [
    0.004200935363769531,
    0.004193305969238281,
    0.004240274429321289,
    0.004336833953857422,
    0.004709959030151367
  ]
}