{
  "python_brute": [
    0.026222705841064453,
    0.02813267707824707,
    0.02564215660095215,
    0.025513172149658203,
    0.02666187286376953
  ],
  "python_cached": [
    0.013641595840454102,
    0.013070821762084961,
    0.013071775436401367,
    0.0130462646484375,
    0.012618303298950195
  ],
  "numpy_brute": [
    0.033165931701660156,
    0.032828330993652344,
    0.0322115421295166,
    0.0332493782043457,
    0.03197002410888672
  ],
  "numpy_cached": [
    0.01695847511291504,
    0.01665210723876953,
    0.018290281295776367,
    0.018698930740356445,
    0.01731395721435547
  ],
  "numpy_broadcast": [
    0.0010237693786621094,
    0.0010023117065429688,
    0.0010173320770263672,
    0.0009326934814453125,
    0.0011134147644042969
  ],
  "numpy_double_broadcast": [
    0.001291036605834961,
    0.0009372234344482422,
    0.000934600830078125,
    0.0010368824005126953,
    0.0010075569152832031
  ],
  "scipy": [
    0.00011944770812988281,
    8.96453857421875e-05,
    8.440017700195312e-05,
    8.392333984375e-05,
    8.320808410644531e-05
  ],
  "cython": [
    7.295608520507812e-05,
    5.793571472167969e-05,
    5.650520324707031e-05,
    5.626678466796875e-05,
    5.626678466796875e-05
  ],
  "cython_parallel": [
    0.00011849403381347656,
    0.00011682510375976562,
    0.0001163482666015625,
    0.00011658668518066406,
    0.00011658668518066406
  ]
}