{
  "python_brute": [
    0.0399167537689209,
    0.039725303649902344,
    0.0453181266784668,
    0.04068255424499512,
    0.041010379791259766
  ],
  "python_cached": [
    0.024791479110717773,
    0.02539849281311035,
    0.0206601619720459,
    0.021136045455932617,
    0.020022869110107422
  ],
  "numpy_brute": [
    0.032351016998291016,
    0.03455543518066406,
    0.03549313545227051,
    0.034570932388305664,
    0.034637451171875
  ],
  "numpy_cached": [
    0.01897120475769043,
    0.018911361694335938,
    0.017849206924438477,
    0.0180971622467041,
    0.01936793327331543
  ],
  "numpy_broadcast": [
    0.0015285015106201172,
    0.0014009475708007812,
    0.001444101333618164,
    0.0013806819915771484,
    0.0014796257019042969
  ],
  "numpy_double_broadcast": [
    0.0014348030090332031,
    0.0013632774353027344,
    0.0013461112976074219,
    0.001252889633178711,
    0.0013179779052734375
  ],
  "scipy": [
    0.00020599365234375,
    0.00014162063598632812,
    0.0001366138458251953,
    0.0001354217529296875,
    0.00013446807861328125
  ],
  "cython": [
    0.00010180473327636719,
    8.940696716308594e-05,
    9.322166442871094e-05,
    0.0001304149627685547,
    8.726119995117188e-05
  ],
  "cython_parallel": [
    0.00018596649169921875,
    0.00018358230590820312,
    0.00018286705017089844,
    0.00018334388732910156,
    0.00018310546875
  ]
}