{
  "python_brute": [
    0.027724504470825195,
    0.029006004333496094,
    0.029176712036132812,
    0.026453018188476562,
    0.028742313385009766
  ],
  "python_cached": [
    0.01491236686706543,
    0.014944314956665039,
    0.014297962188720703,
    0.014269828796386719,
    0.014529705047607422
  ],
  "numpy_brute": [
    0.008787393569946289,
    0.00901484489440918,
    0.00890207290649414,
    0.008664846420288086,
    0.008467674255371094
  ],
  "numpy_cached": [
    0.0048406124114990234,
    0.004837512969970703,
    0.005098104476928711,
    0.0047299861907958984,
    0.004738330841064453
  ],
  "numpy_broadcast": [
    0.0007781982421875,
    0.0006988048553466797,
    0.0006923675537109375,
    0.0007922649383544922,
    0.0006883144378662109
  ],
  "numpy_double_broadcast": [
    0.0006959438323974609,
    0.0006818771362304688,
    0.0006821155548095703,
    0.0009486675262451172,
    0.0008387565612792969
  ],
  "scipy": [
    0.000213623046875,
    0.00012755393981933594,
    0.0001220703125,
    0.00012087821960449219,
    0.0001201629638671875
  ],
  "cython": [
    0.0001125335693359375,
    6.079673767089844e-05,
    5.936622619628906e-05,
    5.888938903808594e-05,
    5.91278076171875e-05
  ],
  "cython_parallel": [
    0.00013899803161621094,
    0.00012230873107910156,
    0.0001220703125,
    0.0001621246337890625,
    0.00022101402282714844
  ]
}