{
  "python_brute": [
    2.236994981765747,
    2.3192903995513916,
    2.2355494499206543,
    2.2305643558502197,
    2.271239757537842
  ],
  "python_cached": [
    1.166090488433838,
    1.1400842666625977,
    1.1425657272338867,
    1.1297531127929688,
    1.1499168872833252
  ],
  "numpy_brute": [
    1.3154652118682861,
    1.3197813034057617,
    1.2975585460662842,
    1.3124406337738037,
    1.3220198154449463
  ],
  "numpy_cached": [
    0.7037110328674316,
    0.7222142219543457,
    0.6971914768218994,
    0.6962313652038574,
    0.7099921703338623
  ],
  "numpy_broadcast": [
    0.03621959686279297,
    0.034793853759765625,
    0.03337383270263672,
    0.03514599800109863,
    0.03304243087768555
  ],
  "numpy_double_broadcast": [
    0.03427386283874512,
    0.03457474708557129,
    0.0324552059173584,
    0.032822370529174805,
    0.03479576110839844
  ],
  "scipy": [
    0.007895469665527344,
    0.0077893733978271484,
    0.007817506790161133,
    0.008046627044677734,
    0.007963895797729492
  ],
  "cython": [
    0.004723548889160156,
    0.0046617984771728516,
    0.00491023063659668,
    0.004826784133911133,
    0.00488591194152832
  ],
  "cython_parallel": [
    0.010298013687133789,
    0.010475873947143555,
    0.010462760925292969,
    0.011115789413452148,
    0.010924816131591797
  ]
}