{
  "python_brute": [
    12.07420039176941,
    12.004188537597656,
    12.636882305145264,
    12.032732486724854,
    12.050000190734863
  ],
  "python_cached": [
    6.73611044883728,
    6.600511789321899,
    6.184816360473633,
    6.11375617980957,
    6.122460603713989
  ],
  "numpy_brute": [
    22.662517786026,
    22.245862007141113,
    23.202083826065063,
    22.98990797996521,
    21.683491468429565
  ],
  "numpy_cached": [
    12.145466566085815,
    11.52457857131958,
    11.922638893127441,
    12.06724762916565,
    11.992945432662964
  ],
  "numpy_broadcast": [
    0.20266294479370117,
    0.19843029975891113,
    0.19906067848205566,
    0.21081876754760742,
    0.19981694221496582
  ],
  "numpy_double_broadcast": [
    0.20370960235595703,
    0.20386767387390137,
    0.20129609107971191,
    0.20449304580688477,
    0.2001936435699463
  ],
  "scipy": [
    0.028872966766357422,
    0.031072139739990234,
    0.030545473098754883,
    0.029534101486206055,
    0.02994847297668457
  ],
  "cython": [
    0.02706742286682129,
    0.02591729164123535,
    0.025917530059814453,
    0.027449846267700195,
    0.027160167694091797
  ],
  "cython_parallel": [
    0.055815935134887695,
    0.05748724937438965,
    0.05794882774353027,
    0.05398273468017578,
    0.056009531021118164
  ]
}