{
  "python_brute": [
    0.010069131851196289,
    0.01019740104675293,
    0.010319232940673828,
    0.013067007064819336,
    0.012640714645385742
  ],
  "python_cached": [
    0.005712032318115234,
    0.005376100540161133,
    0.005702972412109375,
    0.005620241165161133,
    0.005320310592651367
  ],
  "numpy_brute": [
    0.008818864822387695,
    0.008633136749267578,
    0.008309364318847656,
    0.009675025939941406,
    0.008748769760131836
  ],
  "numpy_cached": [
    0.004515409469604492,
    0.0044744014739990234,
    0.004963397979736328,
    0.0043599605560302734,
    0.0046672821044921875
  ],
  "numpy_broadcast": [
    0.0005190372467041016,
    0.0004525184631347656,
    0.0004687309265136719,
    0.0004787445068359375,
    0.0004432201385498047
  ],
  "numpy_double_broadcast": [
    0.00047969818115234375,
    0.0004436969757080078,
    0.00044465065002441406,
    0.0004971027374267578,
    0.0004749298095703125
  ],
  "scipy": [
    9.870529174804688e-05,
    5.245208740234375e-05,
    4.6253204345703125e-05,
    4.506111145019531e-05,
    8.96453857421875e-05
  ],
  "cython": [
    3.910064697265625e-05,
    2.47955322265625e-05,
    2.3365020751953125e-05,
    2.3365020751953125e-05,
    2.3365020751953125e-05
  ],
  "cython_parallel": [
    9.179115295410156e-05,
    6.341934204101562e-05,
    4.57763671875e-05,
    4.601478576660156e-05,
    4.57763671875e-05
  ]
}