{
  "python_brute": [
    102.73187208175659,
    102.87501859664917,
    102.53794264793396,
    102.73449802398682,
    102.60751461982727
  ],
  "python_cached": [
    53.98850750923157,
    54.2815306186676,
    56.71367526054382,
    55.47415065765381,
    53.98843502998352
  ],
  "numpy_brute": [
    129.22757124900818,
    125.39068388938904,
    125.05581521987915,
    126.53080534934998,
    125.69528818130493
  ],
  "numpy_cached": [
    67.42574167251587,
    67.82382941246033,
    67.52499198913574,
    67.55558037757874,
    67.47079968452454
  ],
  "numpy_broadcast": [
    1.9888427257537842,
    1.4855456352233887,
    2.000581979751587,
    1.4918837547302246,
    1.5014402866363525
  ],
  "numpy_double_broadcast": [
    1.476008415222168,
    1.4651892185211182,
    1.4959354400634766,
    1.484891414642334,
    1.4863474369049072
  ],
  "scipy": [
    0.3122060298919678,
    0.3163306713104248,
    0.3150937557220459,
    0.3133988380432129,
    0.3341662883758545
  ],
  "cython": [
    0.28348541259765625,
    0.2694668769836426,
    0.2731955051422119,
    0.2824399471282959,
    0.2821204662322998
  ],
  "cython_parallel": [
    0.5313403606414795,
    0.5569748878479004,
    0.5398616790771484,
    0.5364701747894287,
    0.5559549331665039
  ]
}