{
  "python_brute": [
    0.11592984199523926,
    0.11275005340576172,
    0.1163797378540039,
    0.1159367561340332,
    0.11526751518249512
  ],
  "python_cached": [
    0.05946850776672363,
    0.05934453010559082,
    0.05916762351989746,
    0.07838010787963867,
    0.06233835220336914
  ],
  "numpy_brute": [
    0.033090829849243164,
    0.03319954872131348,
    0.03566622734069824,
    0.03472614288330078,
    0.037038326263427734
  ],
  "numpy_cached": [
    0.019811630249023438,
    0.017765283584594727,
    0.017636537551879883,
    0.018113136291503906,
    0.017809152603149414
  ],
  "numpy_broadcast": [
    0.0023107528686523438,
    0.002730846405029297,
    0.0021753311157226562,
    0.0024170875549316406,
    0.0022122859954833984
  ],
  "numpy_double_broadcast": [
    0.0020651817321777344,
    0.0022919178009033203,
    0.002110004425048828,
    0.0028562545776367188,
    0.0020570755004882812
  ],
  "scipy": [
    0.0005893707275390625,
    0.0005619525909423828,
    0.0004379749298095703,
    0.000499725341796875,
    0.0005686283111572266
  ],
  "cython": [
    0.00024700164794921875,
    0.0002269744873046875,
    0.0002455711364746094,
    0.00023937225341796875,
    0.00022673606872558594
  ],
  "cython_parallel": [
    0.0010437965393066406,
    0.0006535053253173828,
    0.0005087852478027344,
    0.0006480216979980469,
    0.0005788803100585938
  ]
}