{
  "python_brute": [
    0.001230478286743164,
    0.0012602806091308594,
    0.0012722015380859375,
    0.0014846324920654297,
    0.0013232231140136719
  ],
  "python_cached": [
    0.0007319450378417969,
    0.0006456375122070312,
    0.0006639957427978516,
    0.0007054805755615234,
    0.0006732940673828125
  ],
  "numpy_brute": [
    0.0005879402160644531,
    0.0006530284881591797,
    0.0005152225494384766,
    0.0005452632904052734,
    0.0005421638488769531
  ],
  "numpy_cached": [
    0.00035691261291503906,
    0.00035381317138671875,
    0.0003871917724609375,
    0.00031495094299316406,
    0.0003008842468261719
  ],
  "numpy_broadcast": [
    0.00014972686767578125,
    0.00010395050048828125,
    0.00010037422180175781,
    9.870529174804688e-05,
    9.775161743164062e-05
  ],
  "numpy_double_broadcast": [
    0.00011372566223144531,
    9.751319885253906e-05,
    9.703636169433594e-05,
    9.72747802734375e-05,
    9.751319885253906e-05
  ],
  "scipy": [
    5.316734313964844e-05,
    2.3603439331054688e-05,
    1.9788742065429688e-05,
    1.8835067749023438e-05,
    1.8596649169921875e-05
  ],
  "cython": [
    1.7881393432617188e-05,
    5.4836273193359375e-06,
    4.5299530029296875e-06,
    4.291534423828125e-06,
    4.5299530029296875e-06
  ],
  "cython_parallel": [
    8.58306884765625e-06,
    6.67572021484375e-06,
    6.67572021484375e-06,
    6.67572021484375e-06,
    6.9141387939453125e-06
  ]
}