{
  "python_brute": [
    0.8350305557250977,
    0.8476290702819824,
    0.8273417949676514,
    0.8057873249053955,
    0.8158106803894043
  ],
  "python_cached": [
    0.4360208511352539,
    0.43508076667785645,
    0.43897533416748047,
    0.4591844081878662,
    0.4534873962402344
  ],
  "numpy_brute": [
    5.834893226623535,
    5.848968744277954,
    5.9061267375946045,
    5.631518125534058,
    5.503685712814331
  ],
  "numpy_cached": [
    2.8000268936157227,
    2.8214926719665527,
    2.815753221511841,
    2.7874093055725098,
    2.81680965423584
  ],
  "numpy_broadcast": [
    0.03186917304992676,
    0.03216695785522461,
    0.02976393699645996,
    0.028913497924804688,
    0.028726816177368164
  ],
  "numpy_double_broadcast": [
    0.031061172485351562,
    0.0312349796295166,
    0.030071735382080078,
    0.030382633209228516,
    0.031189918518066406
  ],
  "scipy": [
    0.0021414756774902344,
    0.002652406692504883,
    0.002912282943725586,
    0.002426624298095703,
    0.00410771369934082
  ],
  "cython": [
    0.0038385391235351562,
    0.004446744918823242,
    0.004506349563598633,
    0.0040776729583740234,
    0.0040743350982666016
  ],
  "cython_parallel": [
    0.0050427913665771484,
    0.003522157669067383,
    0.00531315803527832,
    0.006126880645751953,
    0.006702423095703125
  ]
}