{
  "python_brute": [
    0.0019221305847167969,
    0.0015935897827148438,
    0.0015938282012939453,
    0.00153350830078125,
    0.0015926361083984375
  ],
  "python_cached": [
    0.0007708072662353516,
    0.0008480548858642578,
    0.0008540153503417969,
    0.000820159912109375,
    0.0007803440093994141
  ],
  "numpy_brute": [
    0.0019004344940185547,
    0.001958131790161133,
    0.0019271373748779297,
    0.002240896224975586,
    0.0018835067749023438
  ],
  "numpy_cached": [
    0.0010416507720947266,
    0.0011358261108398438,
    0.0010380744934082031,
    0.0010285377502441406,
    0.0012733936309814453
  ],
  "numpy_broadcast": [
    0.0002510547637939453,
    0.00017952919006347656,
    0.0001761913299560547,
    0.0001735687255859375,
    0.0001728534698486328
  ],
  "numpy_double_broadcast": [
    0.00017523765563964844,
    0.00019598007202148438,
    0.0002841949462890625,
    0.0002741813659667969,
    0.0001747608184814453
  ],
  "scipy": [
    5.269050598144531e-05,
    2.384185791015625e-05,
    1.9788742065429688e-05,
    1.8596649169921875e-05,
    1.811981201171875e-05
  ],
  "cython": [
    2.2649765014648438e-05,
    7.152557373046875e-06,
    6.4373016357421875e-06,
    5.7220458984375e-06,
    6.198883056640625e-06
  ],
  "cython_parallel": [
    1.1444091796875e-05,
    9.775161743164062e-06,
    9.059906005859375e-06,
    9.059906005859375e-06,
    9.298324584960938e-06
  ]
}