{
  "python_brute": [
    75.33000206947327,
    75.08259582519531,
    76.07997488975525,
    75.07029366493225,
    77.02220225334167
  ],
  "python_cached": [
    37.63476800918579,
    37.76604723930359,
    37.80554676055908,
    37.92161464691162,
    36.79761075973511
  ],
  "numpy_brute": [
    20.88962483406067,
    21.45085096359253,
    21.94580340385437,
    21.251517295837402,
    20.921855211257935
  ],
  "numpy_cached": [
    11.446219444274902,
    11.238215923309326,
    11.296946048736572,
    11.321012258529663,
    11.410727500915527
  ],
  "numpy_broadcast": [
    1.3842625617980957,
    1.040468454360962,
    1.0285303592681885,
    1.0095062255859375,
    1.0260751247406006
  ],
  "numpy_double_broadcast": [
    1.1398200988769531,
    1.0274920463562012,
    1.0408129692077637,
    1.0562140941619873,
    1.030186653137207
  ],
  "scipy": [
    0.32677507400512695,
    0.32885074615478516,
    0.31885671615600586,
    0.30717897415161133,
    0.309283971786499
  ],
  "cython": [
    0.16747236251831055,
    0.18151450157165527,
    0.18110251426696777,
    0.1582050323486328,
    0.15637636184692383
  ],
  "cython_parallel": [
    0.3595578670501709,
    0.36223769187927246,
    0.3469057083129883,
    0.34553956985473633,
    0.3601999282836914
  ]
}