{
  "python_brute": [
    0.0634148120880127,
    0.06134605407714844,
    0.06586360931396484,
    0.0715944766998291,
    0.06731677055358887
  ],
  "python_cached": [
    0.03383898735046387,
    0.03441762924194336,
    0.03336024284362793,
    0.03324103355407715,
    0.03324079513549805
  ],
  "numpy_brute": [
    0.053398847579956055,
    0.06105828285217285,
    0.053613901138305664,
    0.05129528045654297,
    0.05301070213317871
  ],
  "numpy_cached": [
    0.026019573211669922,
    0.02848029136657715,
    0.02832341194152832,
    0.028679370880126953,
    0.02653956413269043
  ],
  "numpy_broadcast": [
    0.0017936229705810547,
    0.0018613338470458984,
    0.0017206668853759766,
    0.0015571117401123047,
    0.0018451213836669922
  ],
  "numpy_double_broadcast": [
    0.001684427261352539,
    0.0016579627990722656,
    0.0016663074493408203,
    0.001569509506225586,
    0.0016789436340332031
  ],
  "scipy": [
    0.0002715587615966797,
    0.00020241737365722656,
    0.0001964569091796875,
    0.0001952648162841797,
    0.00019478797912597656
  ],
  "cython": [
    0.00014734268188476562,
    0.0001316070556640625,
    0.00013065338134765625,
    0.00012993812561035156,
    0.00012993812561035156
  ],
  "cython_parallel": [
    0.00031256675720214844,
    0.0003097057342529297,
    0.000408172607421875,
    0.00027751922607421875,
    0.0002772808074951172
  ]
}