{
  "python_brute": [
    12.027063846588135,
    12.10091757774353,
    12.12815546989441,
    12.120667219161987,
    12.194483995437622
  ],
  "python_cached": [
    6.1264872550964355,
    6.030878782272339,
    6.114325523376465,
    6.087022066116333,
    6.098297834396362
  ],
  "numpy_brute": [
    3.4405481815338135,
    3.443131446838379,
    3.4909584522247314,
    3.5172932147979736,
    3.4266581535339355
  ],
  "numpy_cached": [
    1.8490490913391113,
    1.9123866558074951,
    1.9000697135925293,
    1.8756847381591797,
    1.8504934310913086
  ],
  "numpy_broadcast": [
    0.1988828182220459,
    0.1665363311767578,
    0.16070270538330078,
    0.15758395195007324,
    0.16791224479675293
  ],
  "numpy_double_broadcast": [
    0.15680503845214844,
    0.15734386444091797,
    0.1631336212158203,
    0.16045665740966797,
    0.15977144241333008
  ],
  "scipy": [
    0.04962515830993652,
    0.04608750343322754,
    0.05326581001281738,
    0.04685688018798828,
    0.047518253326416016
  ],
  "cython": [
    0.02435612678527832,
    0.025009632110595703,
    0.025500774383544922,
    0.028537750244140625,
    0.027930498123168945
  ],
  "cython_parallel": [
    0.05734419822692871,
    0.05659794807434082,
    0.056165456771850586,
    0.05963945388793945,
    0.05821418762207031
  ]
}