{
  "python_brute": [
    0.057889461517333984,
    0.055674076080322266,
    0.06347393989562988,
    0.05665922164916992,
    0.06717729568481445
  ],
  "python_cached": [
    0.030094623565673828,
    0.030197858810424805,
    0.029874801635742188,
    0.02974557876586914,
    0.03147745132446289
  ],
  "numpy_brute": [
    0.03560829162597656,
    0.03469276428222656,
    0.03560352325439453,
    0.03469061851501465,
    0.033498287200927734
  ],
  "numpy_cached": [
    0.018219947814941406,
    0.018361806869506836,
    0.017217159271240234,
    0.017707347869873047,
    0.01737236976623535
  ],
  "numpy_broadcast": [
    0.0016684532165527344,
    0.0014417171478271484,
    0.0013637542724609375,
    0.001741170883178711,
    0.0015919208526611328
  ],
  "numpy_double_broadcast": [
    0.001651763916015625,
    0.0015721321105957031,
    0.0016603469848632812,
    0.0017087459564208984,
    0.0014882087707519531
  ],
  "scipy": [
    0.0003211498260498047,
    0.0002777576446533203,
    0.0002243518829345703,
    0.0001957416534423828,
    0.00019478797912597656
  ],
  "cython": [
    0.00016951560974121094,
    0.0001544952392578125,
    0.00012946128845214844,
    0.00012135505676269531,
    0.00019478797912597656
  ],
  "cython_parallel": [
    0.00028252601623535156,
    0.0002636909484863281,
    0.0003325939178466797,
    0.0002739429473876953,
    0.0002646446228027344
  ]
}