{
  "python_brute": [
    1.858046054840088,
    1.810633897781372,
    1.8424718379974365,
    1.8113014698028564,
    1.8542506694793701
  ],
  "python_cached": [
    0.9103960990905762,
    0.9481146335601807,
    0.9264445304870605,
    0.9383270740509033,
    0.9598088264465332
  ],
  "numpy_brute": [
    5.288329601287842,
    5.2447309494018555,
    5.210931777954102,
    5.229937791824341,
    5.1569366455078125
  ],
  "numpy_cached": [
    2.6563103199005127,
    2.6951982975006104,
    2.7282116413116455,
    2.711591958999634,
    2.7488675117492676
  ],
  "numpy_broadcast": [
    0.045166015625,
    0.04204535484313965,
    0.04117751121520996,
    0.04131579399108887,
    0.041735172271728516
  ],
  "numpy_double_broadcast": [
    0.04194235801696777,
    0.041684627532958984,
    0.04194831848144531,
    0.0437006950378418,
    0.044814348220825195
  ],
  "scipy": [
    0.0056879520416259766,
    0.0056459903717041016,
    0.005777120590209961,
    0.00604248046875,
    0.005660057067871094
  ],
  "cython": [
    0.006677150726318359,
    0.007277727127075195,
    0.0064547061920166016,
    0.006825685501098633,
    0.006601572036743164
  ],
  "cython_parallel": [
    0.012502670288085938,
    0.012418270111083984,
    0.01312255859375,
    0.01273345947265625,
    0.013028383255004883
  ]
}