{
  "python_brute": [
    0.4711461067199707,
    0.48494458198547363,
    0.48006558418273926,
    0.4805593490600586,
    0.4880950450897217
  ],
  "python_cached": [
    0.2413029670715332,
    0.2500171661376953,
    0.2407228946685791,
    0.2622671127319336,
    0.24677276611328125
  ],
  "numpy_brute": [
    0.2071397304534912,
    0.20831680297851562,
    0.20666098594665527,
    0.20320510864257812,
    0.20806312561035156
  ],
  "numpy_cached": [
    0.11025738716125488,
    0.11248230934143066,
    0.11044955253601074,
    0.11377716064453125,
    0.11623024940490723
  ],
  "numpy_broadcast": [
    0.008620023727416992,
    0.00801992416381836,
    0.008011102676391602,
    0.007879495620727539,
    0.00857853889465332
  ],
  "numpy_double_broadcast": [
    0.008820295333862305,
    0.008953571319580078,
    0.0082244873046875,
    0.008882284164428711,
    0.008788824081420898
  ],
  "scipy": [
    0.0020835399627685547,
    0.002145051956176758,
    0.0017840862274169922,
    0.002271413803100586,
    0.0018723011016845703
  ],
  "cython": [
    0.0012493133544921875,
    0.0009543895721435547,
    0.001138925552368164,
    0.0011796951293945312,
    0.0009322166442871094
  ],
  "cython_parallel": [
    0.002501964569091797,
    0.0023720264434814453,
    0.002171754837036133,
    0.0023179054260253906,
    0.0021638870239257812
  ]
}