{
  "python_brute": [
    0.1905677318572998,
    0.1827547550201416,
    0.20864439010620117,
    0.19348621368408203,
    0.19152498245239258
  ],
  "python_cached": [
    0.09479427337646484,
    0.09632372856140137,
    0.09336709976196289,
    0.09281325340270996,
    0.09001302719116211
  ],
  "numpy_brute": [
    0.05794501304626465,
    0.05650043487548828,
    0.053668975830078125,
    0.051830291748046875,
    0.05052065849304199
  ],
  "numpy_cached": [
    0.028667211532592773,
    0.027217626571655273,
    0.029937744140625,
    0.030252933502197266,
    0.03221011161804199
  ],
  "numpy_broadcast": [
    0.003214597702026367,
    0.003729581832885742,
    0.0035371780395507812,
    0.004181623458862305,
    0.003125429153442383
  ],
  "numpy_double_broadcast": [
    0.0030541419982910156,
    0.0030879974365234375,
    0.00409245491027832,
    0.00321197509765625,
    0.00318145751953125
  ],
  "scipy": [
    0.0007812976837158203,
    0.0006699562072753906,
    0.0007750988006591797,
    0.0007536411285400391,
    0.0007851123809814453
  ],
  "cython": [
    0.0004951953887939453,
    0.00037598609924316406,
    0.0004246234893798828,
    0.0005433559417724609,
    0.0004661083221435547
  ],
  "cython_parallel": [
    0.0013740062713623047,
    0.0009207725524902344,
    0.0009007453918457031,
    0.0008649826049804688,
    0.0007922649383544922
  ]
}