{
  "python_brute": [
    0.0031044483184814453,
    0.0026199817657470703,
    0.002723217010498047,
    0.002794027328491211,
    0.0028557777404785156
  ],
  "python_cached": [
    0.0013427734375,
    0.001375436782836914,
    0.0013933181762695312,
    0.0015692710876464844,
    0.0013773441314697266
  ],
  "numpy_brute": [
    0.008697032928466797,
    0.010314226150512695,
    0.008242607116699219,
    0.013238191604614258,
    0.013087272644042969
  ],
  "numpy_cached": [
    0.0051195621490478516,
    0.004205226898193359,
    0.004811286926269531,
    0.007656097412109375,
    0.0044934749603271484
  ],
  "numpy_broadcast": [
    0.00038433074951171875,
    0.0003452301025390625,
    0.00034046173095703125,
    0.0003368854522705078,
    0.0003349781036376953
  ],
  "numpy_double_broadcast": [
    0.0003349781036376953,
    0.00040721893310546875,
    0.00033402442932128906,
    0.0003352165222167969,
    0.0003325939178466797
  ],
  "scipy": [
    5.555152893066406e-05,
    2.6941299438476562e-05,
    2.2649765014648438e-05,
    2.1696090698242188e-05,
    2.1457672119140625e-05
  ],
  "cython": [
    2.4080276489257812e-05,
    1.2874603271484375e-05,
    1.2636184692382812e-05,
    1.1920928955078125e-05,
    1.1682510375976562e-05
  ],
  "cython_parallel": [
    2.1457672119140625e-05,
    2.0265579223632812e-05,
    1.9311904907226562e-05,
    1.9550323486328125e-05,
    1.9788742065429688e-05
  ]
}