{
  "python_brute": [
    4.393302917480469,
    4.2765278816223145,
    4.308979511260986,
    4.3040876388549805,
    4.331073760986328
  ],
  "python_cached": [
    2.2795679569244385,
    2.296596050262451,
    2.244375228881836,
    2.3203542232513428,
    2.284553050994873
  ],
  "numpy_brute": [
    21.76453948020935,
    21.77063822746277,
    21.530280351638794,
    21.682828664779663,
    21.69431757926941
  ],
  "numpy_cached": [
    11.096679925918579,
    11.005797386169434,
    11.03739309310913,
    10.95966911315918,
    10.989285707473755
  ],
  "numpy_broadcast": [
    0.12044787406921387,
    0.1183626651763916,
    0.11897158622741699,
    0.1219480037689209,
    0.11997056007385254
  ],
  "numpy_double_broadcast": [
    0.11965036392211914,
    0.12236857414245605,
    0.12313008308410645,
    0.11957120895385742,
    0.12095427513122559
  ],
  "scipy": [
    0.014940738677978516,
    0.01477956771850586,
    0.01495361328125,
    0.015243053436279297,
    0.015397071838378906
  ],
  "cython": [
    0.014568090438842773,
    0.013968467712402344,
    0.014149188995361328,
    0.01400899887084961,
    0.014435768127441406
  ],
  "cython_parallel": [
    0.024930238723754883,
    0.024101972579956055,
    0.023194551467895508,
    0.02381157875061035,
    0.02429485321044922
  ]
}