{
  "python_brute": [
    0.15780925750732422,
    0.15631842613220215,
    0.17543625831604004,
    0.15787553787231445,
    0.16132020950317383
  ],
  "python_cached": [
    0.08050131797790527,
    0.08047342300415039,
    0.08075737953186035,
    0.07935786247253418,
    0.08077788352966309
  ],
  "numpy_brute": [
    0.4890403747558594,
    0.45042848587036133,
    0.44926881790161133,
    0.4860811233520508,
    0.4612092971801758
  ],
  "numpy_cached": [
    0.23800182342529297,
    0.23639655113220215,
    0.23894762992858887,
    0.23349690437316895,
    0.23672866821289062
  ],
  "numpy_broadcast": [
    0.006037473678588867,
    0.0059719085693359375,
    0.005719900131225586,
    0.005867958068847656,
    0.0057103633880615234
  ],
  "numpy_double_broadcast": [
    0.0057964324951171875,
    0.00586247444152832,
    0.0057828426361083984,
    0.005422115325927734,
    0.005403041839599609
  ],
  "scipy": [
    0.000640869140625,
    0.00045371055603027344,
    0.0004482269287109375,
    0.0004374980926513672,
    0.0004291534423828125
  ],
  "cython": [
    0.0007174015045166016,
    0.0005137920379638672,
    0.0005052089691162109,
    0.0004971027374267578,
    0.0004918575286865234
  ],
  "cython_parallel": [
    0.0011899471282958984,
    0.0010247230529785156,
    0.0009744167327880859,
    0.0010495185852050781,
    0.0010700225830078125
  ]
}