{
  "python_brute": [
    1.684431552886963,
    1.6434285640716553,
    1.6523072719573975,
    1.6313092708587646,
    1.6568312644958496
  ],
  "python_cached": [
    0.8192076683044434,
    0.8364279270172119,
    0.8375649452209473,
    0.824594259262085,
    0.8525769710540771
  ],
  "numpy_brute": [
    0.47775959968566895,
    0.47641682624816895,
    0.5040674209594727,
    0.48359012603759766,
    0.47399473190307617
  ],
  "numpy_cached": [
    0.24704313278198242,
    0.24967646598815918,
    0.24738836288452148,
    0.25084733963012695,
    0.2552790641784668
  ],
  "numpy_broadcast": [
    0.024588584899902344,
    0.024363994598388672,
    0.023868799209594727,
    0.023996353149414062,
    0.024186134338378906
  ],
  "numpy_double_broadcast": [
    0.0256502628326416,
    0.02661871910095215,
    0.023295879364013672,
    0.02407693862915039,
    0.024840354919433594
  ],
  "scipy": [
    0.006716728210449219,
    0.007172822952270508,
    0.007267951965332031,
    0.006894588470458984,
    0.006472110748291016
  ],
  "cython": [
    0.004026174545288086,
    0.0032613277435302734,
    0.0032088756561279297,
    0.003438711166381836,
    0.0032312870025634766
  ],
  "cython_parallel": [
    0.00777435302734375,
    0.007867097854614258,
    0.008190631866455078,
    0.007401227951049805,
    0.007729291915893555
  ]
}