{
  "python_brute": [
    0.0993509292602539,
    0.0955054759979248,
    0.09868216514587402,
    0.09227800369262695,
    0.0916440486907959
  ],
  "python_cached": [
    0.0494999885559082,
    0.04801630973815918,
    0.044562339782714844,
    0.05188274383544922,
    0.04465293884277344
  ],
  "numpy_brute": [
    0.051944732666015625,
    0.054793357849121094,
    0.05622053146362305,
    0.058279991149902344,
    0.06340384483337402
  ],
  "numpy_cached": [
    0.029568910598754883,
    0.02765345573425293,
    0.02863621711730957,
    0.03007984161376953,
    0.029625415802001953
  ],
  "numpy_broadcast": [
    0.002187967300415039,
    0.002289295196533203,
    0.002297639846801758,
    0.0021562576293945312,
    0.0018689632415771484
  ],
  "numpy_double_broadcast": [
    0.0018508434295654297,
    0.002269268035888672,
    0.0028150081634521484,
    0.002110719680786133,
    0.0023300647735595703
  ],
  "scipy": [
    0.00033283233642578125,
    0.0003018379211425781,
    0.0002980232238769531,
    0.0004100799560546875,
    0.0004756450653076172
  ],
  "cython": [
    0.00024127960205078125,
    0.0003199577331542969,
    0.00018405914306640625,
    0.000179290771484375,
    0.00017881393432617188
  ],
  "cython_parallel": [
    0.00038695335388183594,
    0.0003845691680908203,
    0.0003955364227294922,
    0.0003879070281982422,
    0.0004849433898925781
  ]
}