{
  "python_brute": [
    0.04264497756958008,
    0.04161691665649414,
    0.041072845458984375,
    0.04020547866821289,
    0.04462003707885742
  ],
  "python_cached": [
    0.028540611267089844,
    0.032483816146850586,
    0.023106098175048828,
    0.023123741149902344,
    0.02144312858581543
  ],
  "numpy_brute": [
    0.12242913246154785,
    0.1213066577911377,
    0.11372208595275879,
    0.12726879119873047,
    0.15792274475097656
  ],
  "numpy_cached": [
    0.06154680252075195,
    0.06190991401672363,
    0.06421375274658203,
    0.07156515121459961,
    0.06559944152832031
  ],
  "numpy_broadcast": [
    0.002164602279663086,
    0.0022306442260742188,
    0.0020902156829833984,
    0.001895904541015625,
    0.002168416976928711
  ],
  "numpy_double_broadcast": [
    0.002179861068725586,
    0.0019237995147705078,
    0.0019512176513671875,
    0.0019230842590332031,
    0.0018382072448730469
  ],
  "scipy": [
    0.00023436546325683594,
    0.00016307830810546875,
    0.00019168853759765625,
    0.00012946128845214844,
    0.00016045570373535156
  ],
  "cython": [
    0.00017261505126953125,
    0.00014209747314453125,
    0.00014138221740722656,
    0.00014066696166992188,
    0.00015163421630859375
  ],
  "cython_parallel": [
    0.0002586841583251953,
    0.0002567768096923828,
    0.0003209114074707031,
    0.0002579689025878906,
    0.00025773048400878906
  ]
}