{
  "python_brute": [
    0.20395946502685547,
    0.19629383087158203,
    0.19802427291870117,
    0.20294857025146484,
    0.20708703994750977
  ],
  "python_cached": [
    0.10809731483459473,
    0.10379147529602051,
    0.10500788688659668,
    0.10544705390930176,
    0.1170496940612793
  ],
  "numpy_brute": [
    1.280646800994873,
    1.3242554664611816,
    1.3015954494476318,
    1.2927777767181396,
    1.280970573425293
  ],
  "numpy_cached": [
    0.6569528579711914,
    0.687920093536377,
    0.6800930500030518,
    0.652275800704956,
    0.7106738090515137
  ],
  "numpy_broadcast": [
    0.010618925094604492,
    0.011966943740844727,
    0.011727094650268555,
    0.011740446090698242,
    0.0119171142578125
  ],
  "numpy_double_broadcast": [
    0.011199474334716797,
    0.011310815811157227,
    0.011991262435913086,
    0.011734485626220703,
    0.011162757873535156
  ],
  "scipy": [
    0.0011706352233886719,
    0.0006024837493896484,
    0.0005652904510498047,
    0.0005202293395996094,
    0.0005192756652832031
  ],
  "cython": [
    0.0005223751068115234,
    0.0005476474761962891,
    0.000507354736328125,
    0.0005159378051757812,
    0.0005445480346679688
  ],
  "cython_parallel": [
    0.0008347034454345703,
    0.0007917881011962891,
    0.0007832050323486328,
    0.0007882118225097656,
    0.0009248256683349609
  ]
}