{
  "python_brute": [
    0.10504651069641113,
    0.09491181373596191,
    0.09309530258178711,
    0.09517383575439453,
    0.09456086158752441
  ],
  "python_cached": [
    0.06013202667236328,
    0.0501711368560791,
    0.04706740379333496,
    0.050969600677490234,
    0.04765605926513672
  ],
  "numpy_brute": [
    0.457427978515625,
    0.45368075370788574,
    0.46894145011901855,
    0.45743680000305176,
    0.4539945125579834
  ],
  "numpy_cached": [
    0.23665428161621094,
    0.23107361793518066,
    0.23345375061035156,
    0.24310851097106934,
    0.2429509162902832
  ],
  "numpy_broadcast": [
    0.005183219909667969,
    0.005056858062744141,
    0.004981040954589844,
    0.004786014556884766,
    0.005053997039794922
  ],
  "numpy_double_broadcast": [
    0.005205869674682617,
    0.004881143569946289,
    0.005462169647216797,
    0.005354166030883789,
    0.005337238311767578
  ],
  "scipy": [
    0.0005197525024414062,
    0.0004467964172363281,
    0.0003223419189453125,
    0.0003457069396972656,
    0.00033664703369140625
  ],
  "cython": [
    0.0002942085266113281,
    0.000354766845703125,
    0.00036907196044921875,
    0.0003006458282470703,
    0.00031185150146484375
  ],
  "cython_parallel": [
    0.0005199909210205078,
    0.0008096694946289062,
    0.0005178451538085938,
    0.0006101131439208984,
    0.0005586147308349609
  ]
}