{
  "python_brute": [
    1.5392825603485107,
    1.5671601295471191,
    1.6014158725738525,
    1.5928986072540283,
    1.58449387550354
  ],
  "python_cached": [
    0.8458549976348877,
    0.7936229705810547,
    0.7773101329803467,
    0.762535810470581,
    0.7995269298553467
  ],
  "numpy_brute": [
    2.2667975425720215,
    2.262695550918579,
    2.164781332015991,
    1.9839210510253906,
    1.9727418422698975
  ],
  "numpy_cached": [
    1.0702722072601318,
    1.0214998722076416,
    1.0954298973083496,
    1.069969654083252,
    1.137103796005249
  ],
  "numpy_broadcast": [
    0.03085613250732422,
    0.028970718383789062,
    0.028168439865112305,
    0.027827024459838867,
    0.03186368942260742
  ],
  "numpy_double_broadcast": [
    0.036386728286743164,
    0.03811502456665039,
    0.030212879180908203,
    0.028744935989379883,
    0.02882528305053711
  ],
  "scipy": [
    0.00487208366394043,
    0.005020856857299805,
    0.004583120346069336,
    0.004599094390869141,
    0.004547119140625
  ],
  "cython": [
    0.0032863616943359375,
    0.00442957878112793,
    0.0034918785095214844,
    0.003471851348876953,
    0.003412008285522461
  ],
  "cython_parallel": [
    0.007729768753051758,
    0.007729768753051758,
    0.008102655410766602,
    0.007707834243774414,
    0.007386684417724609
  ]
}