{
  "python_brute": [
    0.16936349868774414,
    0.16095352172851562,
    0.16107416152954102,
    0.16141247749328613,
    0.16101622581481934
  ],
  "python_cached": [
    0.08238911628723145,
    0.10076713562011719,
    0.08891797065734863,
    0.09260749816894531,
    0.0987091064453125
  ],
  "numpy_brute": [
    0.20407557487487793,
    0.21053385734558105,
    0.20203065872192383,
    0.19749736785888672,
    0.2134532928466797
  ],
  "numpy_cached": [
    0.1047980785369873,
    0.10330677032470703,
    0.10315632820129395,
    0.10562491416931152,
    0.10413408279418945
  ],
  "numpy_broadcast": [
    0.004316806793212891,
    0.003953456878662109,
    0.004057645797729492,
    0.004157304763793945,
    0.004038095474243164
  ],
  "numpy_double_broadcast": [
    0.004328727722167969,
    0.0039560794830322266,
    0.0041692256927490234,
    0.004838705062866211,
    0.004448652267456055
  ],
  "scipy": [
    0.0005967617034912109,
    0.0005199909210205078,
    0.0005025863647460938,
    0.0005552768707275391,
    0.0004909038543701172
  ],
  "cython": [
    0.0003960132598876953,
    0.0003445148468017578,
    0.0003948211669921875,
    0.0004267692565917969,
    0.0004429817199707031
  ],
  "cython_parallel": [
    0.00077056884765625,
    0.0008831024169921875,
    0.0007638931274414062,
    0.0007605552673339844,
    0.0007598400115966797
  ]
}