{
  "python_brute": [
    0.5336000919342041,
    0.5223722457885742,
    0.5139508247375488,
    0.5258529186248779,
    0.5286357402801514
  ],
  "python_cached": [
    0.27568793296813965,
    0.27511096000671387,
    0.28888916969299316,
    0.2888162136077881,
    0.2906002998352051
  ],
  "numpy_brute": [
    3.363832950592041,
    3.4092509746551514,
    3.475412368774414,
    3.4370274543762207,
    3.4455535411834717
  ],
  "numpy_cached": [
    1.765718698501587,
    1.7763288021087646,
    1.7556126117706299,
    1.7713830471038818,
    1.815903663635254
  ],
  "numpy_broadcast": [
    0.02321004867553711,
    0.023288249969482422,
    0.024918317794799805,
    0.026718854904174805,
    0.022259235382080078
  ],
  "numpy_double_broadcast": [
    0.021865367889404297,
    0.020924091339111328,
    0.020403385162353516,
    0.020289897918701172,
    0.020331382751464844
  ],
  "scipy": [
    0.001512765884399414,
    0.0014781951904296875,
    0.001314401626586914,
    0.0016024112701416016,
    0.0015518665313720703
  ],
  "cython": [
    0.0015988349914550781,
    0.0013585090637207031,
    0.0015292167663574219,
    0.0013015270233154297,
    0.0013909339904785156
  ],
  "cython_parallel": [
    0.0022399425506591797,
    0.0022096633911132812,
    0.0022242069244384766,
    0.002034425735473633,
    0.002201080322265625
  ]
}